日期,星期,是否周末,月份,季节,日总发电量_kWh,容量因子,峰值功率_kW,有效发电小时,最高温_℃,最低温_℃,日均温_℃,日降水量_mm,日总辐射_MJpm2,日均云量_pct,日均风速_kmh,最大风速_kmh,气温日较差_℃,晴空指数,有效辐射小时,高温小时_>30℃,连续阴雨天数,辐射等级,天气类型,发电_kWh_0时,发电_kWh_1时,发电_kWh_2时,发电_kWh_3时,发电_kWh_4时,发电_kWh_5时,发电_kWh_6时,发电_kWh_7时,发电_kWh_8时,发电_kWh_9时,发电_kWh_10时,发电_kWh_11时,发电_kWh_12时,发电_kWh_13时,发电_kWh_14时,发电_kWh_15时,发电_kWh_16时,发电_kWh_17时,发电_kWh_18时,发电_kWh_19时,发电_kWh_20时,发电_kWh_21时,发电_kWh_22时,发电_kWh_23时,气温_℃_0时,气温_℃_1时,气温_℃_2时,气温_℃_3时,气温_℃_4时,气温_℃_5时,气温_℃_6时,气温_℃_7时,气温_℃_8时,气温_℃_9时,气温_℃_10时,气温_℃_11时,气温_℃_12时,气温_℃_13时,气温_℃_14时,气温_℃_15时,气温_℃_16时,气温_℃_17时,气温_℃_18时,气温_℃_19时,气温_℃_20时,气温_℃_21时,气温_℃_22时,气温_℃_23时,降水_mm_0时,降水_mm_1时,降水_mm_2时,降水_mm_3时,降水_mm_4时,降水_mm_5时,降水_mm_6时,降水_mm_7时,降水_mm_8时,降水_mm_9时,降水_mm_10时,降水_mm_11时,降水_mm_12时,降水_mm_13时,降水_mm_14时,降水_mm_15时,降水_mm_16时,降水_mm_17时,降水_mm_18时,降水_mm_19时,降水_mm_20时,降水_mm_21时,降水_mm_22时,降水_mm_23时,风速_kmh_0时,风速_kmh_1时,风速_kmh_2时,风速_kmh_3时,风速_kmh_4时,风速_kmh_5时,风速_kmh_6时,风速_kmh_7时,风速_kmh_8时,风速_kmh_9时,风速_kmh_10时,风速_kmh_11时,风速_kmh_12时,风速_kmh_13时,风速_kmh_14时,风速_kmh_15时,风速_kmh_16时,风速_kmh_17时,风速_kmh_18时,风速_kmh_19时,风速_kmh_20时,风速_kmh_21时,风速_kmh_22时,风速_kmh_23时,云量_pct_0时,云量_pct_1时,云量_pct_2时,云量_pct_3时,云量_pct_4时,云量_pct_5时,云量_pct_6时,云量_pct_7时,云量_pct_8时,云量_pct_9时,云量_pct_10时,云量_pct_11时,云量_pct_12时,云量_pct_13时,云量_pct_14时,云量_pct_15时,云量_pct_16时,云量_pct_17时,云量_pct_18时,云量_pct_19时,云量_pct_20时,云量_pct_21时,云量_pct_22时,云量_pct_23时,辐射_MJpm2_0时,辐射_MJpm2_1时,辐射_MJpm2_2时,辐射_MJpm2_3时,辐射_MJpm2_4时,辐射_MJpm2_5时,辐射_MJpm2_6时,辐射_MJpm2_7时,辐射_MJpm2_8时,辐射_MJpm2_9时,辐射_MJpm2_10时,辐射_MJpm2_11时,辐射_MJpm2_12时,辐射_MJpm2_13时,辐射_MJpm2_14时,辐射_MJpm2_15时,辐射_MJpm2_16时,辐射_MJpm2_17时,辐射_MJpm2_18时,辐射_MJpm2_19时,辐射_MJpm2_20时,辐射_MJpm2_21时,辐射_MJpm2_22时,辐射_MJpm2_23时
2025-07-05,6,1,7,夏,14800.00,0.08,2000.00,13,34.0,25.8,29.2,3.7,24.57,54.8,5.1,9.7,8.2,0.60,13,9,1,极高辐射,阴天,0.00,0.00,0.00,0.00,0.00,0.00,80.0,240.0,1200.0,1600.0,2000.0,1760.0,1840.0,2000.0,1360.0,1840.0,560.0,240.0,80.0,0.00,0.00,0.00,0.00,0.00,27.3,26.9,26.5,26.2,25.8,25.8,25.9,26.6,28.3,29.5,31.0,31.4,32.5,33.4,33.6,34.0,32.0,31.4,31.0,29.6,28.7,28.3,27.9,27.5,0.00,0.00,0.00,0.00,0.00,0.00,0.20,0.30,0.00,0.00,0.30,0.30,0.10,0.00,0.00,0.00,2.40,0.10,0.00,0.00,0.00,0.00,0.00,0.00,4.90,2.40,4.20,3.70,2.20,1.40,0.50,2.10,1.70,5.10,4.20,9.70,8.50,7.50,8.00,5.80,7.10,3.80,8.30,6.80,4.60,9.20,5.90,5.70,57.0,14.0,4.00,9.00,26.0,98.0,100.0,75.0,20.0,41.0,57.0,41.0,13.0,12.0,6.00,23.0,71.0,96.0,99.0,100.0,100.0,94.0,90.0,70.0,0.00,0.00,0.00,0.00,0.00,0.00,0.00,0.20,0.84,1.62,2.42,2.59,3.00,3.17,3.21,2.89,2.34,1.17,0.85,0.26,0.00,0.00,0.00,0.00
2025-07-06,0,1,7,夏,14880.00,0.08,2320.00,13,34.3,25.9,29.7,0.4,25.56,48.2,7.5,11.3,8.4,0.62,13,11,0,极高辐射,多云,0.00,0.00,0.00,0.00,0.00,0.00,160.0,560.0,1200.0,1600.0,2080.0,1760.0,2320.0,2160.0,1040.0,1120.0,560.0,240.0,80.0,0.00,0.00,0.00,0.00,0.00,27.1,26.9,26.2,25.9,26.0,25.9,26.0,27.0,28.1,30.6,31.5,32.4,33.2,33.9,34.1,34.3,34.3,33.1,31.7,30.3,29.4,28.7,28.4,28.1,0.00,0.00,0.00,0.00,0.00,0.00,0.00,0.00,0.00,0.00,0.00,0.00,0.00,0.00,0.00,0.00,0.00,0.10,0.30,0.00,0.00,0.00,0.00,0.00,3.80,2.80,5.60,5.70,5.60,3.30,7.70,10.4,9.60,10.4,11.3,9.30,8.70,11.0,9.20,8.90,7.00,5.10,7.40,8.40,11.0,9.50,5.40,3.50,37.0,26.0,3.00,10.0,56.0,55.0,43.0,80.0,20.0,5.00,9.00,5.00,12.0,17.0,13.0,100.0,100.0,76.0,93.0,100.0,100.0,36.0,61.0,100.0,0.00,0.00,0.00,0.00,0.00,0.00,0.00,0.29,0.96,1.68,2.24,2.81,3.24,3.33,3.14,2.73,2.33,1.71,0.88,0.21,0.00,0.00,0.00,0.00
2025-07-07,1,0,7,夏,17760.00,0.09,2720.00,13,36.0,27.0,30.7,0.1,24.58,66.4,8.7,12.3,9.0,0.60,13,11,0,极高辐射,阴天,0.00,0.00,0.00,0.00,0.00,0.00,80.0,560.0,1440.0,1520.0,2080.0,2720.0,2000.0,2000.0,2080.0,1520.0,960.0,640.0,160.0,0.00,0.00,0.00,0.00,0.00,27.6,27.4,27.2,27.1,27.1,27.0,27.0,28.2,29.6,31.7,32.9,34.1,35.0,35.7,36.0,35.1,34.7,33.1,32.4,31.3,30.0,29.2,29.1,28.7,0.00,0.00,0.00,0.00,0.00,0.00,0.00,0.00,0.00,0.00,0.10,0.00,0.00,0.00,0.00,0.00,0.00,0.00,0.00,0.00,0.00,0.00,0.00,0.00,6.50,6.60,6.00,7.60,8.70,9.20,9.40,10.1,11.5,8.90,8.90,9.60,8.80,8.50,6.50,6.00,7.80,9.00,9.40,8.60,11.2,12.3,9.40,7.70,100.0,98.0,100.0,100.0,78.0,33.0,73.0,19.0,7.00,25.0,52.0,46.0,45.0,38.0,97.0,99.0,98.0,90.0,83.0,81.0,84.0,66.0,42.0,40.0,0.00,0.00,0.00,0.00,0.00,0.00,0.00,0.29,0.96,1.72,2.40,2.87,3.09,3.10,3.00,2.64,2.01,1.51,0.70,0.28,0.00,0.00,0.00,0.00
2025-07-08,2,0,7,夏,10720.00,0.06,2080.00,13,33.3,27.0,29.6,2.3,20.46,90.0,7.7,12.7,6.3,0.50,13,9,1,极高辐射,雨天,0.00,0.00,0.00,0.00,0.00,0.00,160.0,640.0,1200.0,1360.0,1520.0,2080.0,1600.0,217.1,182.9,320.0,480.0,800.0,160.0,0.00,0.00,0.00,0.00,0.00,28.4,28.0,27.7,27.4,27.3,27.1,27.0,28.3,29.7,29.9,31.4,33.3,30.8,30.6,32.1,33.0,32.8,32.2,30.7,29.9,28.9,28.2,28.0,27.7,0.00,0.00,0.00,0.00,0.00,0.00,0.00,0.00,0.10,0.10,0.10,0.10,1.40,0.10,0.00,0.00,0.00,0.00,0.40,0.00,0.00,0.00,0.00,0.00,10.4,6.90,6.60,4.80,5.00,3.60,4.20,6.30,8.10,5.40,6.60,8.60,12.7,7.70,9.00,9.20,8.60,8.00,10.2,6.50,6.60,9.90,9.70,9.10,90.0,100.0,100.0,100.0,100.0,100.0,58.0,11.0,32.0,99.0,73.0,99.0,100.0,100.0,100.0,100.0,100.0,100.0,100.0,100.0,100.0,99.0,100.0,98.0,0.00,0.00,0.00,0.00,0.00,0.00,0.00,0.28,0.95,1.17,1.82,2.55,2.93,1.79,2.38,2.46,1.97,1.12,0.78,0.24,0.00,0.00,0.00,0.00
2025-07-09,3,0,7,夏,17680.00,0.09,2115.20,13,34.7,25.8,29.7,5.3,20.64,96.5,7.3,11.2,8.9,0.50,13,10,2,极高辐射,雨天,0.00,0.00,0.00,0.00,0.00,0.00,240.0,560.0,1360.0,1840.0,1840.0,2080.0,2080.0,2115.2,2064.8,1820.0,960.0,560.0,160.0,0.00,0.00,0.00,0.00,0.00,27.6,27.5,27.5,27.1,26.9,26.0,25.8,26.9,28.8,30.9,29.8,31.9,33.1,34.5,34.7,32.5,32.5,32.1,31.1,30.3,29.6,27.9,28.5,28.5,0.00,0.00,0.00,0.00,0.00,1.30,0.10,0.00,0.00,0.20,0.30,0.20,0.10,0.00,0.00,1.40,0.40,0.00,0.00,0.00,0.00,1.20,0.10,0.00,9.10,9.60,5.40,6.40,5.40,9.60,8.50,5.50,5.30,5.50,4.80,5.30,5.80,7.50,11.2,10.6,10.2,8.30,7.30,7.30,5.80,4.10,7.80,7.70,100.0,99.0,99.0,100.0,100.0,99.0,95.0,100.0,35.0,99.0,99.0,100.0,99.0,91.0,100.0,100.0,100.0,100.0,100.0,100.0,100.0,100.0,100.0,100.0,0.00,0.00,0.00,0.00,0.00,0.00,0.00,0.24,0.93,1.39,1.20,2.21,2.90,3.15,3.04,2.16,1.71,1.20,0.36,0.13,0.00,0.00,0.00,0.00
2025-07-10,4,0,7,夏,3200.00,0.02,880.00,8,32.4,25.7,27.5,26.3,9.13,100.0,8.5,15.1,6.7,0.22,12,2,3,低辐射,雨天,0.00,0.00,0.00,0.00,0.00,0.00,80.0,240.0,880.0,560.0,480.0,228.6,411.4,320.0,0.00,0.00,0.00,0.00,0.00,0.00,0.00,0.00,0.00,0.00,28.4,27.9,27.6,27.3,27.3,26.9,26.1,26.4,26.7,28.8,26.8,28.0,30.6,32.4,28.0,27.4,27.7,27.7,27.2,26.8,26.5,25.8,25.7,25.8,0.00,0.30,0.40,0.70,0.70,0.30,2.60,0.40,1.20,0.70,0.20,0.10,0.00,0.20,15.0,0.40,0.30,0.20,0.80,1.00,0.50,0.00,0.20,0.10,5.90,8.40,9.10,10.0,11.1,11.8,14.5,14.6,10.8,4.50,10.2,5.30,5.40,5.20,15.1,4.60,11.9,7.70,8.20,6.70,6.70,7.20,5.20,4.40,100.0,100.0,100.0,100.0,100.0,100.0,100.0,100.0,100.0,100.0,100.0,100.0,100.0,100.0,100.0,100.0,100.0,100.0,100.0,100.0,100.0,100.0,100.0,100.0,0.00,0.00,0.00,0.00,0.00,0.00,0.00,0.09,0.45,0.72,0.56,1.02,1.62,1.82,1.04,0.28,0.66,0.50,0.26,0.10,0.00,0.00,0.00,0.00
2025-07-11,5,0,7,夏,7520.00,0.04,1583.70,12,29.4,25.0,26.9,3.3,11.43,99.3,5.6,11.7,4.4,0.28,13,0,4,中等辐射,雨天,0.00,0.00,0.00,0.00,0.00,0.00,0.00,160.0,160.0,240.0,320.0,400.0,920.0,1112.3,1583.7,1435.4,708.6,400.0,80.0,0.00,0.00,0.00,0.00,0.00,25.8,25.8,26.0,25.7,25.2,25.0,25.0,25.5,26.4,27.0,26.9,27.1,27.7,27.5,28.4,28.9,29.4,29.2,28.5,27.4,27.1,26.6,26.5,26.3,0.00,0.00,0.00,0.00,0.20,0.00,0.00,0.00,0.00,0.30,0.50,0.60,0.30,0.20,0.20,0.20,0.20,0.20,0.10,0.30,0.00,0.00,0.00,0.00,6.50,7.40,9.60,10.4,11.7,9.60,9.00,9.80,10.0,7.60,6.00,6.10,4.40,2.80,0.80,3.10,2.30,3.40,6.60,3.50,0.60,0.90,1.30,1.90,100.0,100.0,100.0,100.0,100.0,100.0,100.0,100.0,100.0,100.0,100.0,100.0,100.0,100.0,100.0,100.0,100.0,100.0,100.0,100.0,100.0,100.0,100.0,84.0,0.00,0.00,0.00,0.00,0.00,0.00,0.00,0.17,0.60,0.97,0.44,0.58,1.13,0.82,1.55,1.45,1.62,1.27,0.64,0.18,0.00,0.00,0.00,0.00
2025-07-12,6,1,7,夏,10080.00,0.05,1880.10,13,31.7,24.8,27.8,6.3,15.59,99.2,6.2,15.1,6.9,0.38,13,5,5,高辐射,雨天,0.00,0.00,0.00,0.00,0.00,0.00,80.0,266.7,1173.3,1200.0,1680.0,1880.1,679.9,640.0,400.0,960.0,720.0,240.0,160.0,0.00,0.00,0.00,0.00,0.00,26.0,25.7,25.6,25.5,24.9,24.8,25.1,25.9,26.9,27.4,29.1,30.8,31.7,31.0,28.2,29.8,30.7,30.2,29.9,28.6,27.8,27.2,26.9,26.6,0.00,0.00,0.00,0.00,0.50,0.20,0.10,0.20,1.30,0.10,0.00,0.30,0.40,1.10,1.10,0.20,0.10,0.20,0.50,0.00,0.00,0.00,0.00,0.00,1.70,1.80,1.50,2.90,3.60,4.30,2.60,3.30,4.90,7.00,6.30,8.50,10.5,15.1,8.50,10.5,10.4,10.9,9.70,7.70,6.10,5.10,3.20,2.90,90.0,91.0,100.0,100.0,100.0,100.0,100.0,100.0,100.0,100.0,100.0,100.0,100.0,100.0,100.0,100.0,100.0,100.0,100.0,100.0,100.0,100.0,100.0,100.0,0.00,0.00,0.00,0.00,0.00,0.00,0.00,0.22,0.78,0.72,1.54,2.10,2.29,1.86,1.02,1.37,1.60,1.22,0.67,0.20,0.00,0.00,0.00,0.00
2025-07-13,0,1,7,夏,13600.00,0.07,2400.00,13,32.7,26.3,29.0,1.6,17.31,98.9,6.0,8.2,6.4,0.42,13,9,6,高辐射,雨天,0.00,0.00,0.00,0.00,0.00,0.00,80.0,640.0,800.0,1280.0,2340.1,1739.9,2400.0,2123.7,836.3,434.3,445.7,400.0,80.0,0.00,0.00,0.00,0.00,0.00,26.5,26.3,26.6,26.7,26.6,26.6,26.5,27.3,28.8,29.5,30.4,31.0,32.5,32.7,31.1,30.9,31.3,31.5,31.1,29.7,28.6,28.3,27.9,27.5,0.00,0.00,0.00,0.00,0.00,0.00,0.00,0.00,0.00,0.10,0.30,0.20,0.20,0.20,0.20,0.30,0.10,0.00,0.00,0.00,0.00,0.00,0.00,0.00,3.50,4.00,5.90,7.60,8.20,8.00,6.30,6.80,5.80,7.70,7.80,6.10,6.50,5.70,4.50,7.60,6.90,5.30,4.50,4.00,4.40,6.00,5.20,6.10,100.0,100.0,100.0,100.0,100.0,100.0,100.0,96.0,93.0,86.0,99.0,100.0,100.0,100.0,100.0,100.0,100.0,100.0,100.0,100.0,100.0,100.0,100.0,100.0,0.00,0.00,0.00,0.00,0.00,0.00,0.00,0.23,0.74,1.39,1.62,1.87,2.80,2.52,1.55,1.26,1.43,1.06,0.65,0.21,0.00,0.00,0.00,0.00
2025-07-14,1,0,7,夏,17520.00,0.09,2640.00,13,31.9,26.3,28.5,4.6,16.41,88.6,5.1,9.8,5.6,0.40,13,5,7,高辐射,雨天,0.00,0.00,0.00,0.00,0.00,0.00,240.0,266.7,773.3,1234.3,1965.7,2320.0,2400.0,2640.0,1920.0,1680.0,1280.0,640.0,160.0,0.00,0.00,0.00,0.00,0.00,27.3,27.1,26.9,26.7,26.6,26.5,26.3,27.5,29.2,28.5,29.6,29.6,30.0,31.0,30.4,31.2,31.9,31.1,30.0,28.9,28.1,26.9,27.0,26.9,0.00,0.00,0.00,0.00,0.00,0.00,0.00,0.00,0.00,0.30,0.10,0.40,0.30,0.10,2.30,0.50,0.10,0.20,0.20,0.00,0.00,0.10,0.00,0.00,4.90,5.20,6.20,5.80,5.80,6.30,4.40,3.20,2.80,5.50,2.40,2.40,4.50,5.20,9.80,8.50,4.50,4.70,4.50,4.90,6.40,1.40,7.50,5.60,100.0,100.0,100.0,96.0,92.0,100.0,20.0,5.00,14.0,100.0,100.0,100.0,100.0,100.0,100.0,100.0,100.0,100.0,100.0,100.0,100.0,100.0,100.0,100.0,0.00,0.00,0.00,0.00,0.00,0.00,0.00,0.26,0.93,0.98,1.40,1.65,1.36,1.71,1.89,2.18,2.01,1.34,0.55,0.14,0.00,0.00,0.00,0.00
2025-07-15,2,0,7,夏,11200.00,0.06,2080.00,13,32.5,26.7,28.6,3.0,15.91,99.8,6.4,11.8,5.8,0.39,13,4,8,高辐射,雨天,0.00,0.00,0.00,0.00,0.00,0.00,160.0,720.0,906.7,933.3,2000.0,2080.0,1398.4,1001.6,480.0,240.0,480.0,560.0,240.0,0.00,0.00,0.00,0.00,0.00,26.9,26.8,26.7,26.7,26.9,26.8,26.7,27.5,29.1,27.6,27.9,29.7,31.1,32.5,32.4,30.9,29.7,29.9,29.5,28.7,28.3,28.7,28.3,28.1,0.00,0.00,0.00,0.00,0.00,0.00,0.00,0.00,0.00,0.10,0.10,0.00,0.20,0.30,0.30,1.80,0.20,0.00,0.00,0.00,0.00,0.00,0.00,0.00,3.30,5.10,5.10,6.40,6.20,4.40,4.60,3.10,4.60,5.30,11.8,8.90,11.4,11.6,10.1,5.30,0.80,2.60,4.80,5.40,5.60,7.40,9.10,9.70,100.0,100.0,100.0,100.0,98.0,100.0,99.0,100.0,99.0,100.0,100.0,100.0,100.0,100.0,100.0,100.0,100.0,100.0,100.0,100.0,100.0,100.0,100.0,100.0,0.00,0.00,0.00,0.00,0.00,0.00,0.00,0.23,0.86,0.63,0.82,1.84,2.78,3.07,2.36,1.42,0.89,0.56,0.32,0.14,0.00,0.00,0.00,0.00
2025-07-16,3,0,7,夏,14960.00,0.08,2160.00,13,34.5,27.1,30.2,2.4,22.96,56.5,8.0,11.4,7.4,0.56,13,10,9,极高辐射,阴天,0.00,0.00,0.00,0.00,0.00,0.00,160.0,640.0,960.0,1777.0,1681.8,1706.9,1314.3,560.0,2160.0,1840.0,1280.0,720.0,160.0,0.00,0.00,0.00,0.00,0.00,27.9,27.9,27.8,27.7,27.6,27.3,27.1,28.3,29.8,29.9,31.5,33.1,33.2,34.1,34.4,34.5,32.7,31.2,31.1,30.3,29.3,29.6,29.0,28.8,0.00,0.00,0.00,0.00,0.00,0.00,0.00,0.00,0.10,0.30,0.00,0.00,0.20,0.10,0.10,0.00,1.50,0.10,0.00,0.00,0.00,0.00,0.00,0.00,11.4,10.8,11.3,11.2,8.40,6.60,5.50,6.60,9.60,8.00,6.20,8.60,8.10,4.80,4.40,2.90,7.40,5.20,7.50,6.80,8.60,10.0,11.2,11.4,24.0,95.0,100.0,7.00,4.00,8.00,25.0,19.0,20.0,47.0,19.0,36.0,78.0,36.0,47.0,100.0,82.0,98.0,97.0,99.0,99.0,93.0,87.0,35.0,0.00,0.00,0.00,0.00,0.00,0.00,0.00,0.26,0.89,1.44,2.01,2.70,2.96,3.19,3.01,2.35,1.93,1.17,0.76,0.28,0.00,0.00,0.00,0.00
2025-07-17,4,0,7,夏,16640.00,0.09,2320.00,13,35.0,27.4,30.7,2.3,21.80,77.8,6.1,11.3,7.6,0.53,13,15,10,极高辐射,阴天,0.00,0.00,0.00,0.00,0.00,0.00,80.0,640.0,1031.0,1449.0,1800.0,1960.0,2080.0,2320.0,1760.0,1680.0,1280.0,480.0,80.0,0.00,0.00,0.00,0.00,0.00,28.6,28.4,28.1,27.9,27.7,27.5,27.4,28.7,30.3,31.4,32.8,33.7,34.8,35.0,31.4,32.0,32.9,33.0,32.7,31.5,30.2,30.6,30.2,29.8,0.00,0.00,0.00,0.00,0.00,0.00,0.00,0.00,0.00,0.10,0.10,0.10,0.00,0.00,1.80,0.20,0.00,0.00,0.00,0.00,0.00,0.00,0.00,0.00,11.3,9.70,8.70,8.20,7.50,7.10,5.80,6.30,7.90,7.60,7.10,6.40,5.80,4.90,6.50,2.50,1.20,2.10,2.20,2.10,5.30,6.80,7.40,6.60,29.0,100.0,83.0,14.0,15.0,55.0,1.00,35.0,81.0,83.0,93.0,100.0,100.0,100.0,100.0,100.0,100.0,100.0,100.0,100.0,100.0,97.0,97.0,85.0,0.00,0.00,0.00,0.00,0.00,0.00,0.00,0.26,0.92,1.48,2.36,2.60,3.17,3.03,1.96,2.16,1.59,1.27,0.77,0.25,0.00,0.00,0.00,0.00
2025-07-18,5,0,7,夏,6640.00,0.03,1529.40,12,34.4,26.2,29.6,7.0,13.70,95.5,5.9,12.4,8.2,0.34,13,10,11,中等辐射,雨天,0.00,0.00,0.00,0.00,0.00,0.00,80.0,480.0,800.0,1200.0,1529.4,630.6,0.00,160.0,240.0,560.0,640.0,240.0,80.0,0.00,0.00,0.00,0.00,0.00,29.4,29.0,28.9,28.6,28.5,28.1,28.2,27.2,27.9,32.7,34.4,32.8,31.6,30.6,30.2,30.7,31.6,31.1,30.7,29.9,28.8,26.5,26.3,26.2,0.00,0.00,0.00,0.00,0.00,0.00,0.00,2.50,0.10,0.00,0.10,1.60,1.90,0.10,0.60,0.10,0.00,0.00,0.00,0.00,0.00,0.00,0.00,0.00,7.10,8.30,7.40,7.10,5.20,3.20,3.90,8.40,4.90,6.00,12.4,10.8,9.30,4.10,3.20,1.80,3.80,5.80,5.90,4.20,5.60,5.30,5.40,3.00,6.00,100.0,91.0,98.0,98.0,100.0,100.0,100.0,100.0,100.0,100.0,100.0,100.0,100.0,100.0,100.0,100.0,100.0,100.0,100.0,100.0,100.0,100.0,100.0,0.00,0.00,0.00,0.00,0.00,0.00,0.00,0.23,0.40,1.22,2.11,2.39,1.32,0.96,1.35,1.09,1.41,0.63,0.44,0.15,0.00,0.00,0.00,0.00
2025-07-19,6,1,7,夏,13680.00,0.07,2221.70,13,33.9,25.6,28.7,30.7,20.30,87.9,7.7,12.8,8.3,0.50,13,9,12,极高辐射,雨天,0.00,0.00,0.00,0.00,0.00,0.00,80.0,640.0,1200.0,1706.7,1511.6,2221.7,1840.0,1120.0,1440.0,1280.0,384.0,176.0,80.0,0.00,0.00,0.00,0.00,0.00,26.2,26.1,26.1,26.3,26.3,25.8,25.6,26.6,28.2,30.5,32.1,33.2,33.9,33.1,30.1,28.9,30.9,31.1,30.8,28.1,27.5,28.3,26.9,26.1,0.00,0.00,0.00,0.00,0.00,0.00,0.00,0.00,0.00,0.00,0.00,0.10,0.10,0.20,8.60,4.10,0.00,0.00,0.00,6.30,0.70,0.10,2.00,8.50,4.80,4.70,5.10,6.70,7.60,7.10,6.20,7.30,7.10,8.00,9.10,11.1,10.8,11.0,12.8,5.30,7.80,6.60,8.30,11.7,5.60,6.30,4.40,8.70,100.0,100.0,100.0,100.0,30.0,21.0,72.0,56.0,86.0,93.0,100.0,100.0,100.0,100.0,100.0,93.0,100.0,100.0,58.0,100.0,100.0,100.0,100.0,100.0,0.00,0.00,0.00,0.00,0.00,0.00,0.00,0.24,0.91,1.66,2.35,2.89,3.01,3.34,1.54,0.65,1.56,1.36,0.54,0.24,0.00,0.00,0.00,0.00
2025-07-20,0,1,7,夏,2080.00,0.01,426.70,11,27.4,25.8,26.3,57.8,4.36,100.0,29.9,50.4,1.6,0.11,11,0,13,极低辐射,雨天,0.00,0.00,0.00,0.00,0.00,0.00,80.0,0.00,53.3,426.7,320.0,320.0,160.0,160.0,240.0,160.0,80.0,80.0,0.00,0.00,0.00,0.00,0.00,0.00,26.0,26.2,26.2,26.3,26.5,26.9,26.6,26.8,25.9,27.2,25.9,26.0,26.3,27.4,26.2,25.8,25.9,26.1,26.1,26.0,26.1,26.2,26.1,26.2,3.20,0.30,0.00,0.10,0.50,0.00,1.10,1.30,4.00,1.20,6.40,2.10,2.80,0.90,4.30,4.60,5.00,3.90,3.90,2.40,5.40,1.40,1.40,1.60,3.60,10.7,13.2,14.9,16.6,19.0,20.7,24.2,26.1,31.1,31.7,35.9,41.3,44.2,47.9,50.4,50.2,45.7,40.7,36.8,37.3,29.2,24.5,20.8,100.0,100.0,100.0,100.0,100.0,100.0,100.0,100.0,100.0,100.0,100.0,100.0,100.0,100.0,100.0,100.0,100.0,100.0,100.0,100.0,100.0,100.0,100.0,100.0,0.00,0.00,0.00,0.00,0.00,0.00,0.00,0.04,0.14,0.16,0.30,0.49,0.34,1.06,0.94,0.19,0.24,0.29,0.13,0.03,0.00,0.00,0.00,0.00
2025-07-21,1,0,7,夏,7280.00,0.04,1288.90,12,28.9,25.2,26.8,21.1,12.94,99.9,14.8,21.8,3.7,0.32,13,0,14,中等辐射,雨天,0.00,0.00,0.00,0.00,0.00,0.00,80.0,400.0,848.0,752.0,960.0,880.0,1288.9,443.3,427.8,560.0,560.0,80.0,0.00,0.00,0.00,0.00,0.00,0.00,26.3,25.8,25.7,25.9,25.8,25.2,25.3,26.1,26.6,27.6,28.9,28.1,27.9,28.0,27.1,28.0,28.4,27.4,27.3,27.0,26.5,26.1,26.1,25.9,1.00,0.90,2.60,0.70,0.30,1.80,2.20,0.10,2.80,0.40,0.10,2.10,2.00,0.40,1.70,0.10,0.20,0.30,0.10,0.10,0.10,0.30,0.30,0.50,21.8,21.7,15.9,16.4,15.0,13.1,12.0,13.6,14.8,16.1,14.3,16.3,12.4,13.6,13.4,15.0,15.7,14.7,13.5,9.50,12.0,12.9,14.4,16.7,100.0,100.0,100.0,100.0,100.0,100.0,100.0,100.0,100.0,98.0,100.0,100.0,100.0,100.0,100.0,100.0,100.0,100.0,100.0,100.0,100.0,100.0,100.0,100.0,0.00,0.00,0.00,0.00,0.00,0.00,0.00,0.15,0.54,1.28,1.77,1.88,1.42,1.40,0.89,1.13,1.01,0.76,0.54,0.17,0.00,0.00,0.00,0.00
2025-07-22,2,0,7,夏,9520.00,0.05,1600.00,12,30.9,24.6,27.3,9.4,16.67,99.9,15.1,21.3,6.3,0.41,13,5,15,高辐射,雨天,0.00,0.00,0.00,0.00,0.00,0.00,0.00,80.0,80.0,896.0,784.0,1600.0,1600.0,1360.0,960.0,960.0,640.0,480.0,80.0,0.00,0.00,0.00,0.00,0.00,25.9,26.0,25.4,25.5,25.2,25.0,24.6,25.0,26.7,28.3,30.3,27.7,29.0,30.3,30.9,30.4,30.2,29.6,29.1,28.3,27.7,25.6,24.6,24.8,0.30,0.50,1.70,0.70,0.30,0.20,0.20,0.90,0.00,0.00,0.00,3.30,0.20,0.00,0.10,0.30,0.40,0.00,0.00,0.00,0.00,0.10,0.20,0.00,13.7,13.7,15.4,14.9,14.0,14.5,11.6,11.3,11.9,12.2,11.8,16.3,16.3,18.1,21.3,17.8,17.8,17.2,17.4,15.7,15.3,18.2,15.2,10.8,100.0,100.0,100.0,98.0,100.0,100.0,100.0,100.0,100.0,100.0,100.0,100.0,100.0,100.0,100.0,100.0,100.0,100.0,100.0,100.0,100.0,100.0,100.0,100.0,0.00,0.00,0.00,0.00,0.00,0.00,0.00,0.10,0.59,1.08,1.73,2.08,2.26,1.82,2.33,1.75,1.47,0.77,0.48,0.22,0.00,0.00,0.00,0.00
2025-07-23,3,0,7,夏,13040.00,0.07,1911.10,13,31.5,25.2,27.1,13.5,13.97,100.0,6.9,11.6,6.3,0.34,12,2,16,中等辐射,雨天,0.00,0.00,0.00,0.00,0.00,0.00,80.0,480.0,521.9,1318.1,1040.0,1360.0,1448.9,1911.1,1792.0,928.0,1200.0,880.0,80.0,0.00,0.00,0.00,0.00,0.00,25.2,25.5,25.6,25.2,25.4,25.3,25.4,25.8,26.5,26.3,28.4,29.4,30.8,31.5,29.9,28.5,28.6,28.0,27.3,26.7,26.0,26.4,26.2,26.0,0.10,0.00,0.00,0.00,0.00,0.10,0.00,0.00,0.30,2.80,0.20,0.00,0.10,1.10,6.70,0.10,0.00,0.20,0.40,0.10,0.00,1.00,0.20,0.10,10.5,10.3,9.50,8.00,7.90,7.90,8.00,8.00,10.8,11.6,10.4,7.30,8.50,11.3,5.80,5.50,4.80,5.50,5.10,2.20,1.30,1.20,0.50,2.90,100.0,100.0,100.0,100.0,100.0,100.0,100.0,100.0,100.0,100.0,100.0,100.0,100.0,99.0,100.0,100.0,100.0,100.0,100.0,100.0,100.0,100.0,100.0,100.0,0.00,0.00,0.00,0.00,0.00,0.00,0.00,0.05,0.34,0.59,1.43,1.29,2.03,3.15,2.27,1.10,0.67,0.60,0.29,0.15,0.00,0.00,0.00,0.00
2025-07-24,4,0,7,夏,17200.00,0.09,2320.00,12,33.1,24.4,27.7,21.6,23.47,58.3,5.8,10.5,8.7,0.58,13,6,17,极高辐射,雨天,0.00,0.00,0.00,0.00,0.00,0.00,0.00,400.0,1360.0,1840.0,1760.0,1920.0,2240.0,2320.0,1920.0,1493.3,826.7,960.0,160.0,0.00,0.00,0.00,0.00,0.00,25.7,25.1,25.1,24.8,24.6,24.4,24.5,25.4,26.8,28.2,29.9,31.0,31.3,32.5,33.1,33.0,32.7,29.9,26.6,25.2,25.2,27.2,26.8,26.7,0.80,5.50,1.30,0.00,0.10,0.00,0.00,0.00,0.00,0.00,0.00,0.00,0.50,0.10,0.10,0.00,0.60,3.00,3.50,6.00,0.10,0.00,0.00,0.00,6.10,3.30,3.30,4.30,5.70,5.20,5.50,7.10,7.70,8.40,10.3,10.5,9.10,7.60,7.30,6.50,5.40,6.60,7.10,2.00,1.10,1.10,4.70,4.10,99.0,100.0,99.0,42.0,96.0,81.0,100.0,97.0,37.0,27.0,7.00,19.0,26.0,12.0,20.0,32.0,30.0,100.0,49.0,99.0,56.0,81.0,59.0,30.0,0.00,0.00,0.00,0.00,0.00,0.00,0.00,0.16,0.70,1.16,2.13,2.81,3.01,3.14,3.15,2.71,2.21,1.52,0.54,0.22,0.00,0.00,0.00,0.00
2025-07-25,5,0,7,夏,15600.00,0.08,2400.00,13,34.0,25.1,28.6,16.5,24.97,44.4,7.2,11.7,8.9,0.62,13,8,18,极高辐射,雨天,0.00,0.00,0.00,0.00,0.00,0.00,80.0,661.3,1258.7,1840.0,2400.0,2080.0,2160.0,1320.0,1400.0,1120.0,1040.0,160.0,80.0,0.00,0.00,0.00,0.00,0.00,26.5,26.3,26.1,25.9,25.8,25.5,25.3,26.3,27.8,30.0,31.4,32.5,33.3,33.8,34.0,32.6,33.0,31.2,28.3,27.8,27.4,25.1,25.3,25.4,0.00,0.00,0.00,0.00,0.00,0.00,0.00,0.00,0.00,0.00,0.00,0.00,0.00,0.00,0.10,4.10,0.00,0.50,1.50,0.10,0.00,7.70,1.50,1.00,4.00,3.30,6.90,6.10,7.60,7.40,7.50,8.20,10.4,8.90,11.0,10.6,9.40,8.60,8.20,9.20,0.30,10.4,5.80,6.20,3.10,2.40,11.7,6.10,64.0,21.0,17.0,19.0,0.00,0.00,0.00,1.00,13.0,19.0,97.0,97.0,92.0,54.0,17.0,65.0,76.0,93.0,46.0,22.0,29.0,100.0,78.0,45.0,0.00,0.00,0.00,0.00,0.00,0.00,0.00,0.23,0.90,1.67,2.37,2.88,3.27,3.33,3.23,2.85,1.97,1.28,0.76,0.22,0.00,0.00,0.00,0.00
2025-07-26,6,1,7,夏,18800.00,0.10,2506.70,13,35.3,25.1,29.2,1.3,24.82,23.5,7.1,14.0,10.2,0.61,13,9,19,极高辐射,阴天,0.00,0.00,0.00,0.00,0.00,0.00,160.0,560.0,1245.7,1829.0,2205.3,2360.0,2120.0,2506.7,1973.3,1760.0,1360.0,640.0,80.0,0.00,0.00,0.00,0.00,0.00,25.3,25.2,25.2,25.2,25.2,25.2,25.1,25.9,27.4,29.7,31.3,32.5,33.7,34.7,35.3,34.2,31.4,30.2,30.8,29.9,29.2,29.4,29.1,28.7,0.20,0.00,0.00,0.00,0.00,0.00,0.00,0.00,0.00,0.00,0.00,0.00,0.00,0.00,0.00,0.40,0.70,0.00,0.00,0.00,0.00,0.00,0.00,0.00,7.30,7.30,5.50,7.30,7.90,8.20,7.50,6.40,6.60,5.80,7.80,7.50,6.80,6.60,6.40,3.30,14.0,10.1,6.60,3.20,4.30,9.30,7.30,6.90,27.0,24.0,12.0,5.00,4.00,1.00,2.00,9.00,3.00,6.00,5.00,8.00,6.00,9.00,26.0,43.0,57.0,11.0,15.0,6.00,3.00,88.0,94.0,100.0,0.00,0.00,0.00,0.00,0.00,0.00,0.00,0.22,0.89,1.61,2.35,2.88,3.22,3.33,3.24,2.80,1.97,1.12,0.93,0.27,0.00,0.00,0.00,0.00
2025-07-27,0,1,7,夏,18080.00,0.09,2381.70,13,34.6,26.9,30.4,0.6,24.61,89.3,7.5,10.0,7.7,0.61,13,11,20,极高辐射,雨天,0.00,0.00,0.00,0.00,0.00,0.00,160.0,640.0,1040.0,1600.0,2270.0,1908.3,2381.7,2240.0,2080.0,1680.0,1200.0,720.0,160.0,0.00,0.00,0.00,0.00,0.00,28.3,28.1,28.0,27.6,27.3,27.0,26.9,27.8,29.5,30.9,32.1,33.0,33.7,34.1,34.1,34.6,34.3,33.7,32.3,30.7,29.7,29.3,28.9,28.5,0.00,0.00,0.00,0.00,0.00,0.00,0.00,0.00,0.00,0.00,0.10,0.10,0.10,0.10,0.00,0.00,0.00,0.20,0.00,0.00,0.00,0.00,0.00,0.00,5.70,7.50,8.60,7.80,6.40,6.10,6.70,6.80,7.70,5.20,6.80,6.80,5.20,5.40,7.20,7.60,8.70,9.30,9.40,7.50,7.60,9.80,9.70,10.0,99.0,99.0,98.0,99.0,98.0,100.0,100.0,100.0,100.0,15.0,14.0,22.0,100.0,100.0,100.0,100.0,100.0,100.0,100.0,100.0,100.0,100.0,100.0,100.0,0.00,0.00,0.00,0.00,0.00,0.00,0.00,0.22,0.87,1.68,2.39,2.85,3.01,3.05,2.70,2.79,2.30,1.66,0.86,0.23,0.00,0.00,0.00,0.00
2025-07-28,1,0,7,夏,12240.00,0.06,2199.00,11,33.8,26.7,29.1,7.8,15.20,99.8,7.7,12.3,7.1,0.38,13,7,21,高辐射,雨天,0.00,0.00,0.00,0.00,0.00,0.00,80.0,304.0,804.6,1451.4,1725.7,2019.3,2199.0,1976.0,1280.0,240.0,160.0,0.00,0.00,0.00,0.00,0.00,0.00,0.00,28.1,27.9,27.8,27.7,27.6,27.5,27.4,28.2,29.5,30.6,31.8,32.8,33.8,30.4,30.8,31.0,29.2,29.2,29.0,28.5,28.2,26.9,26.8,26.7,0.00,0.00,0.00,0.00,0.00,0.00,0.00,0.00,0.00,0.00,0.10,0.10,0.00,2.50,0.40,0.00,3.20,0.10,0.00,0.00,0.00,0.80,0.50,0.10,10.7,10.4,11.4,9.80,9.20,9.40,8.50,8.50,10.3,7.30,8.30,8.90,10.4,12.3,7.40,9.60,9.90,3.80,3.10,3.30,4.30,1.10,3.10,4.70,95.0,100.0,100.0,100.0,100.0,99.0,100.0,100.0,100.0,100.0,100.0,100.0,100.0,100.0,100.0,100.0,100.0,100.0,100.0,100.0,100.0,100.0,100.0,100.0,0.00,0.00,0.00,0.00,0.00,0.00,0.00,0.19,0.78,1.15,1.73,2.19,2.58,2.22,1.34,1.14,0.87,0.60,0.30,0.11,0.00,0.00,0.00,0.00
2025-07-29,2,0,7,夏,7760.00,0.04,1647.70,13,32.3,24.8,28.2,45.6,15.61,97.1,6.5,12.1,7.5,0.39,13,6,22,高辐射,雨天,0.00,0.00,0.00,0.00,0.00,0.00,80.0,288.0,713.3,998.7,1520.0,480.0,1647.7,1250.1,106.8,115.4,80.0,320.0,160.0,0.00,0.00,0.00,0.00,0.00,26.7,26.6,26.8,26.5,26.0,24.8,25.1,25.5,25.9,26.9,27.7,29.9,31.1,31.9,32.3,32.3,31.7,30.9,29.2,28.0,27.5,28.2,28.0,27.8,0.00,0.00,0.00,1.60,1.40,8.50,5.10,12.7,8.10,1.30,0.20,0.20,0.40,0.20,3.90,1.90,0.00,0.10,0.00,0.00,0.00,0.00,0.00,0.00,2.90,2.30,5.90,6.00,3.10,4.50,5.60,6.50,2.50,6.70,6.50,8.30,8.50,8.30,8.20,5.00,4.40,8.00,7.30,5.90,6.50,11.1,12.1,9.90,100.0,100.0,42.0,96.0,93.0,100.0,100.0,100.0,100.0,100.0,100.0,100.0,100.0,100.0,100.0,100.0,100.0,100.0,100.0,100.0,100.0,100.0,100.0,99.0,0.00,0.00,0.00,0.00,0.00,0.00,0.00,0.14,0.38,0.32,0.73,1.83,2.41,2.37,2.24,2.17,1.19,1.20,0.45,0.17,0.00,0.00,0.00,0.00
2025-07-30,3,0,7,夏,9600.00,0.05,1600.00,10,33.1,26.5,28.7,12.8,14.84,99.8,5.3,9.8,6.6,0.37,12,5,23,中等辐射,雨天,0.00,0.00,0.00,0.00,0.00,0.00,0.00,192.0,489.2,998.8,1600.0,1600.0,1520.0,1600.0,960.0,480.0,160.0,0.00,0.00,0.00,0.00,0.00,0.00,0.00,27.6,27.4,27.4,27.4,27.3,26.9,26.5,27.0,27.3,27.3,29.4,30.8,32.0,33.1,33.0,30.5,29.7,28.7,28.3,27.9,27.5,29.0,28.3,27.6,0.00,0.00,0.00,0.00,0.00,0.00,0.10,0.00,0.00,0.20,0.10,0.00,0.20,0.20,1.50,7.20,0.90,1.60,0.00,0.00,0.00,0.00,0.00,0.80,9.40,8.70,9.10,9.50,9.80,7.30,4.10,4.60,4.30,4.10,3.60,6.20,6.70,6.70,7.30,7.40,2.50,4.90,1.10,1.10,0.40,4.00,1.70,2.40,98.0,100.0,100.0,100.0,98.0,100.0,100.0,100.0,100.0,100.0,100.0,100.0,100.0,100.0,100.0,100.0,100.0,100.0,100.0,100.0,100.0,100.0,100.0,100.0,0.00,0.00,0.00,0.00,0.00,0.00,0.00,0.13,0.44,0.61,1.44,1.53,2.40,2.78,2.40,1.35,0.96,0.52,0.19,0.09,0.00,0.00,0.00,0.00
2025-07-31,4,0,7,夏,6240.00,0.03,1285.00,12,32.1,25.4,28.1,11.9,14.89,97.0,5.3,11.7,6.7,0.37,13,5,24,中等辐射,雨天,0.00,0.00,0.00,0.00,0.00,0.00,80.0,240.0,691.3,988.7,1285.0,875.0,320.0,560.0,651.5,228.5,160.0,160.0,0.00,0.00,0.00,0.00,0.00,0.00,27.6,27.1,27.1,26.8,26.3,25.9,25.9,26.6,27.4,27.9,29.5,30.6,31.5,32.1,32.1,30.6,29.8,28.3,28.0,27.8,27.5,26.4,26.3,25.4,0.10,3.30,2.40,0.40,0.20,0.00,0.00,0.00,0.00,0.10,0.20,0.30,0.20,0.20,0.20,1.00,1.20,0.30,0.00,0.00,0.00,0.00,0.00,1.80,1.50,3.80,11.7,11.7,8.20,4.00,4.00,6.50,7.80,5.10,6.70,2.90,1.90,2.50,1.90,5.90,7.60,5.70,3.10,4.80,1.40,6.60,6.20,4.70,99.0,100.0,100.0,100.0,100.0,100.0,100.0,100.0,100.0,100.0,100.0,100.0,100.0,100.0,100.0,100.0,100.0,100.0,100.0,100.0,28.0,100.0,100.0,100.0,0.00,0.00,0.00,0.00,0.00,0.00,0.00,0.17,0.64,0.83,1.49,1.92,2.13,2.13,2.13,1.20,1.10,0.73,0.31,0.13,0.00,0.00,0.00,0.00
2025-08-01,5,0,8,夏,12160.00,0.06,2080.00,12,32.1,24.8,27.8,6.5,17.16,86.8,5.1,12.4,7.3,0.43,13,6,25,高辐射,雨天,0.00,0.00,0.00,0.00,0.00,0.00,80.0,336.0,1264.0,1680.0,1760.0,2080.0,1506.8,895.8,1357.4,720.0,320.0,160.0,0.00,0.00,0.00,0.00,0.00,0.00,25.3,25.3,25.2,25.1,25.0,24.9,24.8,25.5,25.8,27.8,29.0,30.9,31.7,32.1,27.9,29.1,30.4,31.2,30.9,29.6,28.3,27.6,27.6,27.4,1.30,0.40,0.10,0.10,0.00,0.00,0.00,0.00,0.10,0.50,0.00,0.00,0.10,0.50,2.30,0.90,0.10,0.00,0.10,0.00,0.00,0.00,0.00,0.00,2.30,4.10,3.80,3.20,3.30,4.20,1.50,3.10,3.00,1.80,1.60,3.60,4.00,12.4,1.00,10.5,7.70,7.90,7.10,5.50,9.00,8.10,7.10,6.80,100.0,100.0,100.0,100.0,100.0,100.0,100.0,100.0,100.0,100.0,100.0,99.0,33.0,95.0,47.0,35.0,13.0,67.0,95.0,100.0,100.0,100.0,100.0,100.0,0.00,0.00,0.00,0.00,0.00,0.00,0.00,0.12,0.23,0.98,1.06,1.67,1.69,2.95,1.26,2.22,2.31,1.63,0.84,0.20,0.00,0.00,0.00,0.00
2025-08-02,6,1,8,夏,6320.00,0.03,1200.00,13,31.3,26.1,27.6,18.6,10.01,99.5,8.0,13.8,5.2,0.25,13,1,26,中等辐射,雨天,0.00,0.00,0.00,0.00,0.00,0.00,80.0,80.0,807.2,840.0,672.8,1040.0,1200.0,480.0,160.0,480.0,320.0,80.0,80.0,0.00,0.00,0.00,0.00,0.00,27.4,27.2,27.3,27.1,27.1,26.8,26.8,27.5,28.6,27.1,27.9,27.9,29.9,31.3,28.9,27.7,27.8,27.8,27.6,27.4,27.2,26.2,26.1,26.1,0.00,0.00,0.00,0.00,0.00,0.00,0.00,0.00,0.10,0.50,0.20,1.00,0.30,0.20,11.7,1.60,0.20,0.10,0.10,0.00,0.10,1.10,0.90,0.50,8.00,8.80,7.70,4.50,4.90,6.00,6.70,7.70,6.20,1.40,6.30,4.80,6.50,7.30,13.2,13.8,10.2,9.80,10.3,8.00,8.80,9.00,9.50,11.5,99.0,92.0,98.0,99.0,100.0,100.0,100.0,100.0,100.0,100.0,100.0,100.0,100.0,100.0,100.0,100.0,100.0,100.0,100.0,100.0,100.0,100.0,100.0,100.0,0.00,0.00,0.00,0.00,0.00,0.00,0.00,0.17,0.64,0.39,0.72,0.31,1.71,1.99,1.96,0.50,0.58,0.60,0.33,0.13,0.00,0.00,0.00,0.00
2025-08-03,0,1,8,夏,10480.00,0.05,1957.10,11,29.6,25.5,27.4,18.0,8.71,97.2,10.5,16.4,4.1,0.22,12,0,27,低辐射,雨天,0.00,0.00,0.00,0.00,0.00,0.00,0.00,480.0,400.0,373.3,906.7,960.0,1273.5,1729.4,1957.1,1680.0,640.0,80.0,0.00,0.00,0.00,0.00,0.00,0.00,26.2,26.2,26.1,26.1,25.5,25.9,26.0,26.3,26.8,27.7,28.8,28.6,29.0,29.1,29.6,28.1,28.4,28.5,28.2,27.8,27.8,26.6,26.7,26.8,0.20,0.00,0.10,1.30,10.5,0.20,0.00,0.30,0.50,0.00,0.00,0.90,0.10,1.40,0.10,1.70,0.00,0.10,0.00,0.00,0.00,0.20,0.20,0.20,10.4,8.30,7.90,8.60,10.0,11.2,10.5,11.2,10.6,7.80,9.40,10.8,10.2,16.4,11.7,15.1,16.3,13.3,10.4,10.5,10.0,8.70,6.10,6.40,100.0,34.0,98.0,100.0,100.0,100.0,100.0,100.0,100.0,100.0,100.0,100.0,100.0,100.0,100.0,100.0,100.0,100.0,100.0,100.0,100.0,100.0,100.0,100.0,0.00,0.00,0.00,0.00,0.00,0.00,0.00,0.04,0.14,0.38,0.61,0.66,0.65,1.39,1.43,1.48,0.76,0.74,0.34,0.10,0.00,0.00,0.00,0.00
2025-08-04,1,0,8,夏,2160.00,0.01,359.50,12,28.9,25.0,27.0,24.2,5.40,100.0,8.2,15.3,3.9,0.13,11,0,28,低辐射,雨天,0.00,0.00,0.00,0.00,0.00,0.00,80.0,160.0,229.8,359.5,210.7,240.0,160.0,160.0,160.0,160.0,160.0,80.0,0.00,0.00,0.00,0.00,0.00,0.00,27.0,27.0,26.3,26.5,26.4,26.3,26.4,26.6,26.9,25.0,26.1,27.1,27.6,28.3,28.6,28.8,28.7,28.9,28.1,27.5,27.2,25.6,25.9,26.3,0.50,0.00,2.70,1.80,0.50,0.20,0.10,0.00,3.40,4.00,3.10,1.00,0.40,0.30,0.40,0.80,0.50,0.50,0.50,0.50,1.40,0.60,0.90,0.10,7.60,7.10,7.40,5.10,5.80,6.70,5.60,3.50,4.20,14.1,6.80,7.20,10.4,10.9,15.3,12.8,10.4,9.90,9.50,6.70,7.30,8.70,7.20,5.40,100.0,100.0,100.0,100.0,100.0,100.0,100.0,100.0,100.0,100.0,100.0,100.0,100.0,100.0,100.0,100.0,100.0,100.0,100.0,100.0,100.0,100.0,100.0,100.0,0.00,0.00,0.00,0.00,0.00,0.00,0.00,0.07,0.34,0.26,0.13,0.44,1.00,0.52,0.55,0.79,0.55,0.52,0.19,0.05,0.00,0.00,0.00,0.00
2025-08-05,2,0,8,夏,2080.00,0.01,480.00,9,29.6,24.4,26.3,57.6,6.45,99.6,8.7,14.7,5.2,0.16,11,0,29,低辐射,雨天,0.00,0.00,0.00,0.00,0.00,0.00,0.00,0.00,80.0,0.00,60.0,100.0,400.0,320.0,320.0,480.0,240.0,80.0,0.00,0.00,0.00,0.00,0.00,0.00,26.0,25.4,25.4,25.1,24.9,24.6,24.4,24.9,25.4,25.5,26.7,27.4,28.4,29.0,29.6,28.6,27.0,26.6,26.4,25.9,25.8,26.3,26.1,26.2,0.00,0.70,13.8,3.10,3.20,3.90,4.20,1.60,11.1,0.60,0.80,1.20,0.80,0.20,1.40,3.50,0.50,0.50,0.50,1.00,1.50,1.00,1.00,1.50,10.6,13.5,9.10,5.90,3.50,4.70,6.40,6.70,4.90,0.40,6.10,7.00,7.50,7.70,14.7,12.3,12.9,13.6,12.4,10.6,12.1,12.5,3.80,9.40,100.0,100.0,100.0,100.0,100.0,100.0,100.0,100.0,100.0,100.0,100.0,100.0,100.0,100.0,91.0,100.0,100.0,100.0,100.0,100.0,100.0,100.0,100.0,100.0,0.00,0.00,0.00,0.00,0.00,0.00,0.00,0.04,0.17,0.35,0.58,0.66,0.95,0.75,1.04,1.21,0.26,0.18,0.21,0.06,0.00,0.00,0.00,0.00
2025-08-06,3,0,8,夏,3040.00,0.02,720.00,12,29.2,23.8,26.5,22.6,7.13,100.0,9.0,14.2,5.4,0.18,11,0,30,低辐射,雨天,0.00,0.00,0.00,0.00,0.00,0.00,80.0,80.0,80.0,80.0,0.00,80.0,160.0,480.0,480.0,720.0,480.0,240.0,80.0,0.00,0.00,0.00,0.00,0.00,26.6,26.7,25.5,25.6,25.6,25.2,25.1,25.3,25.5,24.5,23.8,24.1,25.9,28.5,29.2,29.2,29.1,28.6,28.2,27.3,26.7,26.7,26.7,26.7,2.60,1.60,1.50,1.00,0.40,0.50,1.60,1.20,1.50,3.20,3.50,3.00,0.70,0.20,0.00,0.10,0.00,0.00,0.00,0.00,0.00,0.00,0.00,0.00,10.0,6.60,12.3,10.8,9.50,9.10,8.40,7.70,7.40,6.70,10.9,13.3,13.9,14.2,9.30,6.40,7.70,7.20,6.30,6.90,8.10,7.80,7.50,7.90,100.0,100.0,100.0,100.0,100.0,100.0,100.0,100.0,100.0,100.0,100.0,100.0,100.0,100.0,100.0,100.0,100.0,100.0,100.0,100.0,100.0,100.0,100.0,100.0,0.00,0.00,0.00,0.00,0.00,0.00,0.00,0.03,0.10,0.30,0.28,0.19,0.99,1.46,1.40,0.90,0.62,0.47,0.33,0.06,0.00,0.00,0.00,0.00
2025-08-07,4,0,8,夏,11040.00,0.06,1920.00,11,32.8,25.1,28.6,2.0,19.26,75.5,7.9,12.4,7.7,0.48,12,9,31,高辐射,阴天,0.00,0.00,0.00,0.00,0.00,0.00,0.00,400.0,640.0,960.0,1760.0,1920.0,1440.0,1360.0,960.0,880.0,480.0,240.0,0.00,0.00,0.00,0.00,0.00,0.00,26.8,26.8,26.9,26.6,26.4,26.3,26.4,27.0,28.0,29.2,30.5,31.4,32.2,32.8,32.5,31.5,31.2,30.8,30.6,28.9,27.8,26.2,25.6,25.1,0.00,0.40,0.00,0.00,0.00,0.00,0.00,0.00,0.10,0.00,0.20,0.10,0.20,0.10,0.00,0.10,0.20,0.00,0.00,0.10,0.50,0.00,0.00,0.00,7.90,8.10,8.10,8.50,6.30,5.80,7.30,8.60,10.4,9.70,12.4,11.2,11.3,8.90,9.60,11.7,10.8,5.70,4.80,4.00,6.00,4.50,4.60,3.20,100.0,100.0,100.0,100.0,100.0,100.0,100.0,64.0,98.0,98.0,100.0,85.0,65.0,86.0,99.0,40.0,53.0,41.0,63.0,64.0,32.0,23.0,7.00,94.0,0.00,0.00,0.00,0.00,0.00,0.00,0.00,0.09,0.57,1.04,1.78,2.25,2.80,2.83,2.13,2.16,1.80,0.81,0.80,0.20,0.00,0.00,0.00,0.00
2025-08-08,5,0,8,夏,17920.00,0.09,2320.00,13,33.2,24.5,28.4,1.3,22.54,93.2,4.6,8.8,8.7,0.57,13,9,32,极高辐射,雨天,0.00,0.00,0.00,0.00,0.00,0.00,80.0,480.0,1200.0,1760.0,2160.0,2320.0,2000.0,2160.0,2160.0,1600.0,1200.0,640.0,160.0,0.00,0.00,0.00,0.00,0.00,24.9,24.8,24.7,24.7,24.6,24.5,24.5,25.1,26.5,28.6,30.2,31.7,32.7,33.2,31.6,31.7,32.1,32.3,31.6,29.7,28.2,27.7,27.5,27.3,0.00,0.00,0.00,0.00,0.00,0.00,0.00,0.00,0.00,0.00,0.10,0.00,0.00,0.10,0.90,0.20,0.00,0.00,0.00,0.00,0.00,0.00,0.00,0.00,0.40,1.00,1.50,1.80,2.20,2.50,2.20,1.50,3.60,3.80,5.30,5.60,6.10,3.10,7.30,6.90,5.90,5.50,5.70,7.10,8.80,7.60,7.60,8.20,99.0,100.0,100.0,99.0,100.0,100.0,100.0,100.0,100.0,75.0,74.0,80.0,99.0,70.0,100.0,90.0,86.0,76.0,92.0,96.0,100.0,100.0,100.0,100.0,0.00,0.00,0.00,0.00,0.00,0.00,0.00,0.11,0.53,1.15,1.92,2.75,3.22,3.21,3.23,2.14,1.71,1.47,0.88,0.22,0.00,0.00,0.00,0.00
2025-08-09,6,1,8,夏,16560.00,0.09,2400.00,13,34.1,25.5,29.2,0.3,24.46,68.0,6.2,12.9,8.6,0.62,13,9,0,极高辐射,阴天,0.00,0.00,0.00,0.00,0.00,0.00,160.0,560.0,880.0,1680.0,2160.0,1840.0,1760.0,2400.0,2240.0,1760.0,720.0,240.0,160.0,0.00,0.00,0.00,0.00,0.00,27.2,26.9,26.7,26.3,26.0,25.6,25.5,26.1,27.8,30.2,31.8,32.9,33.3,33.6,34.1,33.8,32.9,31.6,30.0,28.3,27.3,27.8,27.3,26.9,0.00,0.00,0.00,0.00,0.00,0.00,0.00,0.00,0.00,0.00,0.00,0.00,0.00,0.00,0.00,0.10,0.20,0.00,0.00,0.00,0.00,0.00,0.00,0.00,8.60,8.50,6.60,5.40,3.90,2.70,2.00,3.10,2.10,0.90,3.20,4.40,5.20,5.20,5.50,7.40,10.2,12.9,11.7,9.80,9.00,7.20,7.10,7.10,100.0,100.0,100.0,100.0,98.0,100.0,100.0,100.0,100.0,75.0,80.0,83.0,45.0,52.0,95.0,82.0,91.0,80.0,45.0,0.00,0.00,0.00,5.00,0.00,0.00,0.00,0.00,0.00,0.00,0.00,0.00,0.17,0.75,1.57,2.32,2.81,3.06,3.06,3.25,2.72,2.17,1.47,0.90,0.22,0.00,0.00,0.00,0.00
2025-08-10,0,1,8,夏,12320.00,0.06,1920.00,13,32.4,25.7,28.9,2.1,20.88,91.6,4.3,7.9,6.7,0.53,13,9,1,极高辐射,雨天,0.00,0.00,0.00,0.00,0.00,0.00,80.0,640.0,1200.0,1120.0,960.0,1360.0,1440.0,1920.0,840.0,1640.0,693.3,346.7,80.0,0.00,0.00,0.00,0.00,0.00,26.8,26.7,26.6,26.5,26.3,26.0,25.7,26.3,27.7,29.7,30.6,31.6,32.1,32.4,32.3,30.6,31.8,31.9,30.7,29.1,28.2,28.3,27.9,27.4,0.00,0.00,0.00,0.00,0.00,0.00,0.00,0.50,0.00,0.10,0.30,0.00,0.00,0.00,0.00,1.10,0.10,0.00,0.00,0.00,0.00,0.00,0.00,0.00,7.90,6.80,4.50,5.20,2.60,1.80,1.80,1.90,1.40,2.40,1.00,1.40,1.60,1.90,6.70,6.90,3.70,3.20,7.30,6.40,7.20,7.60,5.90,5.40,79.0,94.0,99.0,93.0,67.0,37.0,95.0,100.0,96.0,89.0,94.0,100.0,100.0,99.0,100.0,80.0,99.0,88.0,95.0,96.0,100.0,99.0,99.0,100.0,0.00,0.00,0.00,0.00,0.00,0.00,0.00,0.16,0.62,1.40,2.10,2.54,2.27,2.33,2.72,2.26,1.96,1.56,0.76,0.20,0.00,0.00,0.00,0.00
2025-08-11,1,0,8,夏,16480.00,0.09,2110.00,13,33.1,26.2,28.7,6.5,21.21,92.1,5.9,8.7,6.9,0.54,13,7,2,极高辐射,雨天,0.00,0.00,0.00,0.00,0.00,0.00,80.0,520.0,1160.0,1312.0,1968.0,2080.0,2000.0,1730.0,2110.0,1680.0,1280.0,480.0,80.0,0.00,0.00,0.00,0.00,0.00,27.1,26.7,26.4,26.3,26.3,26.4,26.2,26.9,28.2,30.0,31.0,32.0,32.8,33.1,30.4,31.2,30.4,29.8,29.9,29.0,28.3,27.1,27.2,27.3,0.00,0.00,0.00,0.00,0.00,0.00,0.00,0.00,0.00,0.10,0.10,0.10,0.00,0.00,3.30,0.20,2.60,0.10,0.00,0.00,0.00,0.00,0.00,0.00,4.70,4.50,5.10,5.50,6.30,4.80,5.00,3.20,2.10,5.50,6.10,6.60,7.90,7.00,5.80,5.60,8.70,5.70,6.10,5.60,8.60,6.90,7.30,7.00,99.0,100.0,100.0,100.0,100.0,100.0,100.0,100.0,99.0,66.0,71.0,60.0,98.0,98.0,99.0,100.0,100.0,98.0,95.0,74.0,76.0,85.0,96.0,96.0,0.00,0.00,0.00,0.00,0.00,0.00,0.00,0.15,0.62,1.48,2.11,2.65,2.93,2.97,2.34,1.91,1.94,1.23,0.69,0.18,0.00,0.00,0.00,0.00
2025-08-12,2,0,8,夏,16080.00,0.08,2288.00,12,32.9,26.0,28.5,8.0,19.46,96.2,5.6,9.5,6.9,0.49,13,5,3,高辐射,雨天,0.00,0.00,0.00,0.00,0.00,0.00,0.00,453.3,906.7,1440.0,1104.0,2288.0,2128.0,2000.0,2160.0,1520.0,1199.8,720.2,160.0,0.00,0.00,0.00,0.00,0.00,27.2,27.0,27.0,26.8,26.8,26.6,26.0,26.0,27.3,27.9,30.0,31.4,32.4,32.9,31.7,30.5,29.3,29.8,28.9,27.9,27.6,27.5,27.5,27.3,0.00,0.00,0.00,0.00,0.00,0.00,0.20,0.00,0.00,0.00,0.00,0.30,0.20,0.10,0.10,5.40,1.50,0.10,0.10,0.00,0.00,0.00,0.00,0.00,7.70,8.60,9.00,8.20,8.00,9.50,8.60,5.50,5.40,6.90,4.40,5.00,5.70,3.40,4.10,3.80,3.60,0.40,2.30,0.00,3.20,6.70,6.70,7.10,97.0,92.0,96.0,90.0,100.0,100.0,100.0,99.0,100.0,100.0,100.0,100.0,100.0,100.0,100.0,99.0,99.0,99.0,100.0,99.0,91.0,94.0,76.0,77.0,0.00,0.00,0.00,0.00,0.00,0.00,0.00,0.14,0.68,1.08,2.12,2.60,2.96,2.86,2.01,1.32,1.89,1.02,0.62,0.14,0.00,0.00,0.00,0.00
2025-08-13,3,0,8,夏,16000.00,0.08,2320.00,13,33.8,26.0,28.7,3.2,21.29,56.8,5.5,13.0,7.8,0.54,13,7,4,极高辐射,阴天,0.00,0.00,0.00,0.00,0.00,0.00,80.0,640.0,1200.0,1600.0,1840.0,2213.3,2320.0,2221.1,1405.6,1360.0,720.0,320.0,80.0,0.00,0.00,0.00,0.00,0.00,27.0,26.7,26.7,26.6,26.5,26.4,26.0,26.7,28.4,28.4,30.5,31.9,32.6,33.1,33.8,33.1,30.3,29.2,28.8,28.1,27.7,26.9,26.6,26.6,0.00,0.00,0.00,0.00,0.00,0.00,0.00,0.00,0.00,0.10,0.10,0.00,0.10,0.20,0.00,0.00,2.50,0.10,0.00,0.00,0.00,0.10,0.00,0.00,6.80,7.10,8.30,7.40,7.10,6.00,3.20,1.40,1.00,1.40,3.20,6.30,7.30,6.30,3.30,3.40,1.50,13.0,7.30,6.30,6.20,6.60,6.80,6.00,2.00,20.0,11.0,17.0,1.00,2.00,4.00,98.0,91.0,41.0,26.0,98.0,85.0,100.0,100.0,100.0,100.0,99.0,75.0,36.0,10.0,100.0,48.0,100.0,0.00,0.00,0.00,0.00,0.00,0.00,0.00,0.17,0.77,1.16,2.17,2.74,3.10,3.06,2.90,1.95,1.26,1.15,0.71,0.15,0.00,0.00,0.00,0.00
2025-08-14,4,0,8,夏,3360.00,0.02,711.10,10,27.6,24.5,25.7,43.9,5.62,99.9,10.6,19.1,3.1,0.14,11,0,5,低辐射,雨天,0.00,0.00,0.00,0.00,0.00,0.00,0.00,80.0,0.00,160.0,80.0,400.0,400.0,711.1,462.2,586.7,400.0,80.0,0.00,0.00,0.00,0.00,0.00,0.00,26.7,26.9,27.0,26.9,26.1,25.1,24.8,24.6,24.8,25.2,24.8,24.9,27.6,25.9,25.9,26.2,27.5,26.6,25.7,25.0,24.9,24.7,25.0,24.5,0.00,0.00,0.00,0.00,2.00,4.00,1.00,4.00,3.40,5.80,1.90,2.80,1.00,4.80,2.70,1.20,0.80,0.80,0.70,0.60,0.60,1.90,1.80,2.10,9.20,10.4,8.60,10.6,11.5,13.5,11.9,6.10,11.2,10.9,12.1,6.30,5.70,4.10,8.30,7.30,10.9,11.5,15.2,12.7,9.40,19.1,13.4,14.8,100.0,100.0,98.0,100.0,100.0,100.0,100.0,100.0,100.0,100.0,100.0,100.0,100.0,100.0,100.0,100.0,100.0,100.0,100.0,100.0,100.0,100.0,100.0,100.0,0.00,0.00,0.00,0.00,0.00,0.00,0.00,0.07,0.31,0.23,0.20,0.18,1.44,1.21,0.37,0.31,0.73,0.29,0.26,0.03,0.00,0.00,0.00,0.00
2025-08-15,5,0,8,夏,12880.00,0.07,1920.00,13,29.7,23.4,26.7,12.4,20.51,83.5,12.9,18.4,6.3,0.52,12,0,6,极高辐射,雨天,0.00,0.00,0.00,0.00,0.00,0.00,160.0,400.0,946.7,1693.3,1680.0,1200.0,1920.0,1600.0,1360.0,720.0,640.0,480.0,80.0,0.00,0.00,0.00,0.00,0.00,24.8,24.9,25.3,25.4,25.4,25.3,25.6,25.6,26.6,27.3,28.5,29.4,29.5,27.8,29.4,29.6,29.7,28.7,27.9,26.6,26.0,24.5,23.4,23.7,1.70,1.10,0.40,0.00,0.00,0.10,0.10,0.20,0.20,0.30,0.20,0.10,0.10,0.90,0.70,3.70,0.20,0.50,0.10,0.20,0.00,0.00,1.00,0.60,15.3,16.3,14.9,12.4,10.4,11.8,9.70,12.2,14.9,15.6,18.0,18.4,17.8,17.2,15.8,13.3,15.9,13.9,12.3,6.40,7.10,14.6,2.40,3.30,100.0,100.0,99.0,100.0,100.0,100.0,100.0,99.0,100.0,100.0,98.0,88.0,94.0,71.0,43.0,46.0,60.0,74.0,91.0,51.0,50.0,88.0,99.0,54.0,0.00,0.00,0.00,0.00,0.00,0.00,0.00,0.06,0.65,1.41,1.69,2.33,2.66,2.64,2.54,2.52,1.96,1.31,0.59,0.14,0.00,0.00,0.00,0.00
2025-08-16,6,1,8,夏,18640.00,0.10,2560.00,13,32.5,23.2,27.5,0.3,24.31,27.4,10.7,14.4,9.3,0.62,13,7,0,极高辐射,多云,0.00,0.00,0.00,0.00,0.00,0.00,80.0,480.0,1360.0,1920.0,2160.0,2320.0,2560.0,2252.3,2227.7,1840.0,1200.0,160.0,80.0,0.00,0.00,0.00,0.00,0.00,23.2,23.3,23.3,23.3,23.5,23.7,23.8,24.6,26.2,28.6,29.5,30.4,31.5,32.0,32.3,32.5,32.0,31.2,29.9,28.2,27.6,26.8,26.9,26.9,0.10,0.00,0.00,0.00,0.00,0.00,0.00,0.00,0.00,0.00,0.20,0.00,0.00,0.00,0.00,0.00,0.00,0.00,0.00,0.00,0.00,0.00,0.00,0.00,8.50,9.60,8.10,7.80,9.50,7.20,6.90,7.50,8.20,11.1,14.4,13.1,12.7,13.0,13.6,13.9,13.4,13.4,11.4,12.0,8.90,9.70,11.4,11.6,100.0,96.0,85.0,42.0,44.0,14.0,61.0,22.0,26.0,10.0,24.0,4.00,6.00,13.0,5.00,5.00,7.00,9.00,5.00,6.00,5.00,27.0,29.0,13.0,0.00,0.00,0.00,0.00,0.00,0.00,0.00,0.15,0.75,1.53,2.20,2.69,3.19,3.32,3.04,2.73,2.25,1.52,0.77,0.17,0.00,0.00,0.00,0.00
2025-08-17,0,1,8,夏,7920.00,0.04,1925.90,13,30.4,24.8,26.7,12.1,13.43,74.6,15.0,18.2,5.6,0.34,12,1,1,中等辐射,雨天,0.00,0.00,0.00,0.00,0.00,0.00,80.0,400.0,560.0,800.0,1120.0,1925.9,1514.1,640.0,160.0,320.0,240.0,80.0,80.0,0.00,0.00,0.00,0.00,0.00,26.9,26.7,26.5,26.5,26.1,25.9,25.6,26.0,26.8,27.4,27.5,27.3,29.1,30.4,29.9,27.7,27.1,26.7,26.2,25.7,25.4,24.9,24.8,24.8,0.00,0.00,0.00,0.00,0.00,0.00,0.00,0.00,0.00,0.20,0.80,0.50,0.10,0.10,0.40,2.20,3.20,0.20,0.80,0.30,0.60,1.10,1.10,0.50,12.6,9.50,10.9,12.2,14.1,13.0,11.9,13.0,16.5,16.5,17.0,13.5,16.5,17.6,17.4,15.8,13.8,18.0,18.2,17.9,16.8,17.9,14.9,15.7,17.0,7.00,24.0,19.0,46.0,45.0,39.0,42.0,53.0,100.0,100.0,100.0,99.0,100.0,100.0,100.0,100.0,100.0,100.0,100.0,100.0,100.0,100.0,100.0,0.00,0.00,0.00,0.00,0.00,0.00,0.00,0.15,0.74,1.18,1.40,1.03,1.53,2.89,1.98,0.74,0.89,0.52,0.34,0.05,0.00,0.00,0.00,0.00
2025-08-18,1,0,8,夏,8960.00,0.05,1805.40,11,28.7,24.4,25.7,24.6,10.68,100.0,14.2,20.5,4.3,0.27,12,0,2,中等辐射,雨天,0.00,0.00,0.00,0.00,0.00,0.00,0.00,80.0,160.0,480.0,800.0,1200.0,1289.2,1145.4,1805.4,1040.8,719.2,240.0,0.00,0.00,0.00,0.00,0.00,0.00,24.6,24.6,24.4,24.5,24.4,24.4,24.5,24.5,25.0,25.2,25.4,26.2,27.1,27.7,28.1,28.3,28.7,26.8,25.4,25.5,25.5,25.2,25.4,25.5,0.80,2.40,1.30,0.70,0.90,1.50,1.30,2.20,1.00,1.10,0.90,1.40,0.60,0.20,0.30,0.20,0.30,2.30,1.10,0.20,0.20,1.70,1.60,0.40,14.9,12.9,14.8,14.4,13.3,13.5,15.6,14.8,13.2,14.8,13.6,16.5,16.1,16.8,17.4,15.6,19.6,20.5,10.1,9.20,9.80,9.30,12.2,11.5,100.0,100.0,100.0,100.0,100.0,100.0,100.0,100.0,100.0,100.0,100.0,100.0,100.0,100.0,100.0,99.0,100.0,100.0,100.0,100.0,100.0,100.0,100.0,100.0,0.00,0.00,0.00,0.00,0.00,0.00,0.00,0.06,0.22,0.49,0.37,0.99,1.16,1.13,1.52,1.27,1.83,1.25,0.28,0.11,0.00,0.00,0.00,0.00
2025-08-19,2,0,8,夏,4560.00,0.02,880.00,11,28.7,24.4,26.4,13.2,8.18,100.0,9.0,14.7,4.3,0.21,11,0,3,低辐射,雨天,0.00,0.00,0.00,0.00,0.00,0.00,0.00,80.0,80.0,211.8,268.2,808.4,759.6,672.0,880.0,400.0,320.0,80.0,0.00,0.00,0.00,0.00,0.00,0.00,25.3,25.0,24.8,25.1,24.9,24.6,24.4,24.8,26.0,24.8,25.7,26.7,27.8,28.5,28.4,28.2,28.6,28.7,28.1,27.0,26.5,26.4,26.5,26.3,0.20,0.30,0.50,0.30,0.20,0.10,3.40,0.20,0.10,3.00,1.80,0.20,0.10,0.10,2.40,0.30,0.00,0.00,0.00,0.00,0.00,0.00,0.00,0.00,13.0,11.6,11.4,10.8,8.40,3.80,6.50,4.00,12.0,14.7,7.10,8.70,7.40,9.50,12.1,6.80,7.20,9.90,8.80,7.30,7.60,7.30,9.90,11.2,100.0,100.0,100.0,100.0,100.0,100.0,100.0,100.0,100.0,100.0,100.0,100.0,100.0,100.0,100.0,100.0,100.0,100.0,100.0,100.0,100.0,100.0,100.0,100.0,0.00,0.00,0.00,0.00,0.00,0.00,0.00,0.06,0.45,0.22,0.33,0.73,1.00,1.28,1.50,1.00,0.61,0.54,0.37,0.09,0.00,0.00,0.00,0.00
2025-08-20,3,0,8,夏,7840.00,0.04,1812.30,13,32.0,25.6,28.3,1.0,20.14,93.3,10.2,16.1,6.4,0.52,13,8,4,极高辐射,雨天,0.00,0.00,0.00,0.00,0.00,0.00,80.0,320.0,640.0,960.0,1812.3,1467.7,1760.0,254.3,145.7,80.0,80.0,160.0,80.0,0.00,0.00,0.00,0.00,0.00,26.1,26.0,26.0,25.7,25.6,25.8,25.9,26.5,28.0,29.3,30.4,30.9,31.4,32.0,31.5,31.7,31.2,30.4,29.4,28.2,27.5,26.5,26.4,26.3,0.00,0.00,0.00,0.00,0.00,0.00,0.00,0.10,0.00,0.10,0.20,0.10,0.10,0.10,0.10,0.10,0.00,0.10,0.00,0.00,0.00,0.00,0.00,0.00,11.0,10.3,10.8,9.50,8.40,6.50,6.50,7.00,10.9,9.10,12.5,13.3,14.9,14.3,16.0,16.1,15.2,11.8,7.30,8.30,6.80,5.80,5.90,6.60,100.0,96.0,88.0,98.0,100.0,100.0,99.0,99.0,100.0,65.0,99.0,100.0,55.0,78.0,75.0,94.0,99.0,96.0,100.0,99.0,100.0,100.0,100.0,100.0,0.00,0.00,0.00,0.00,0.00,0.00,0.00,0.13,0.55,1.42,1.92,1.70,2.61,3.05,2.90,2.42,1.76,1.05,0.55,0.10,0.00,0.00,0.00,0.00
2025-08-21,4,0,8,夏,16720.00,0.09,2640.00,12,31.7,26.1,28.4,0.4,14.35,99.3,7.7,10.8,5.6,0.37,12,8,5,中等辐射,雨天,0.00,0.00,0.00,0.00,0.00,0.00,0.00,320.0,880.0,1680.0,1520.0,1875.2,1964.8,2640.0,2480.0,1680.0,1360.0,240.0,80.0,0.00,0.00,0.00,0.00,0.00,26.5,26.4,26.4,26.4,26.3,26.1,26.1,26.5,27.9,29.4,30.8,31.0,31.7,31.6,31.7,30.7,30.8,30.8,29.8,28.3,27.3,27.1,26.6,26.3,0.00,0.00,0.00,0.00,0.00,0.00,0.00,0.00,0.00,0.00,0.10,0.00,0.00,0.00,0.10,0.20,0.00,0.00,0.00,0.00,0.00,0.00,0.00,0.00,6.50,5.90,6.00,8.50,9.20,8.70,7.60,8.00,7.20,6.50,8.40,9.40,8.90,9.60,10.8,10.0,9.30,10.3,5.90,4.80,6.10,5.70,5.40,7.00,100.0,100.0,100.0,100.0,100.0,100.0,99.0,96.0,97.0,100.0,100.0,99.0,100.0,100.0,98.0,96.0,97.0,100.0,100.0,100.0,100.0,100.0,100.0,100.0,0.00,0.00,0.00,0.00,0.00,0.00,0.00,0.09,0.56,1.46,1.89,1.42,1.38,1.45,1.87,1.18,1.03,1.22,0.67,0.13,0.00,0.00,0.00,0.00
2025-08-22,5,0,8,夏,17760.00,0.09,2331.20,13,31.6,25.3,28.2,0.0,12.71,68.9,3.9,7.0,6.3,0.33,12,9,0,中等辐射,阴天,0.00,0.00,0.00,0.00,0.00,0.00,80.0,480.0,1280.0,2064.0,2004.8,2331.2,2162.3,1837.7,2000.0,1760.0,1120.0,560.0,80.0,0.00,0.00,0.00,0.00,0.00,25.8,25.5,25.5,25.5,25.4,25.4,25.3,25.7,27.1,29.5,30.1,30.6,30.8,30.7,31.1,31.3,31.6,31.4,30.3,28.4,27.4,28.0,27.5,26.9,0.00,0.00,0.00,0.00,0.00,0.00,0.00,0.00,0.00,0.00,0.00,0.00,0.00,0.00,0.00,0.00,0.00,0.00,0.00,0.00,0.00,0.00,0.00,0.00,3.40,5.20,5.60,5.60,5.80,5.80,3.20,5.00,3.40,1.40,1.40,2.40,2.20,3.20,3.40,1.50,1.10,4.00,5.10,6.90,7.00,4.00,2.30,3.90,100.0,100.0,100.0,100.0,100.0,100.0,100.0,100.0,100.0,100.0,100.0,100.0,100.0,100.0,86.0,52.0,8.00,12.0,7.00,11.0,18.0,31.0,26.0,3.00,0.00,0.00,0.00,0.00,0.00,0.00,0.00,0.05,0.29,1.48,1.22,1.46,1.31,0.90,1.15,1.13,1.34,1.51,0.72,0.14,0.00,0.00,0.00,0.00
2025-08-23,6,1,8,夏,14160.00,0.07,2112.20,12,33.4,24.9,28.4,4.0,22.91,48.7,7.8,13.5,8.5,0.60,13,7,1,极高辐射,阴天,0.00,0.00,0.00,0.00,0.00,0.00,80.0,480.0,960.0,1647.8,2112.2,1880.0,1640.0,2000.0,800.0,1360.0,880.0,320.0,0.00,0.00,0.00,0.00,0.00,0.00,26.5,26.3,25.7,25.6,25.1,24.9,25.0,25.8,27.6,29.9,31.3,32.3,33.0,33.4,33.2,30.2,31.3,29.1,28.2,27.5,26.9,27.8,27.3,27.0,0.00,0.00,0.00,0.00,0.00,0.00,0.00,0.00,0.00,0.00,0.00,0.00,0.00,0.00,0.10,2.40,0.00,1.00,0.20,0.00,0.30,0.00,0.00,0.00,2.70,1.90,2.10,3.10,3.20,4.60,3.70,4.30,4.90,5.40,7.00,8.90,9.90,11.8,10.1,10.4,9.70,13.4,7.90,10.3,11.6,12.8,13.5,13.4,1.00,0.00,1.00,9.00,21.0,96.0,97.0,100.0,16.0,1.00,11.0,10.0,4.00,22.0,27.0,58.0,30.0,91.0,76.0,100.0,98.0,100.0,100.0,99.0,0.00,0.00,0.00,0.00,0.00,0.00,0.00,0.14,0.71,1.58,2.31,2.84,3.14,3.23,2.85,2.42,1.76,1.40,0.41,0.11,0.00,0.00,0.00,0.00
2025-08-24,0,1,8,夏,13440.00,0.07,2143.10,13,30.0,26.0,27.8,6.3,17.45,87.9,15.5,22.8,4.0,0.46,13,0,2,高辐射,雨天,0.00,0.00,0.00,0.00,0.00,0.00,80.0,480.0,800.0,1040.0,1266.8,2044.6,1648.6,1408.9,2143.1,1328.0,800.0,320.0,80.0,0.00,0.00,0.00,0.00,0.00,26.9,26.7,26.5,26.4,26.2,26.0,26.0,26.6,27.5,28.6,29.2,28.7,29.9,29.9,30.0,29.9,29.9,28.8,28.2,27.4,27.2,27.7,27.3,26.9,0.10,0.10,0.10,0.00,0.00,0.10,0.10,0.10,0.20,0.40,0.20,2.10,0.50,1.00,0.60,0.20,0.40,0.10,0.00,0.00,0.00,0.00,0.00,0.00,13.5,12.0,13.5,12.0,12.6,14.3,13.8,17.4,19.6,21.1,18.6,22.8,14.6,18.7,17.3,18.4,17.2,18.5,16.2,14.1,13.8,11.9,11.0,9.80,100.0,100.0,100.0,100.0,99.0,93.0,62.0,56.0,24.0,70.0,20.0,94.0,96.0,100.0,100.0,100.0,100.0,100.0,96.0,100.0,100.0,100.0,100.0,100.0,0.00,0.00,0.00,0.00,0.00,0.00,0.00,0.12,0.70,1.46,1.84,2.45,2.34,1.81,2.04,1.75,1.43,0.86,0.53,0.12,0.00,0.00,0.00,0.00
2025-08-25,1,0,8,夏,13360.00,0.07,1955.00,12,31.4,25.8,27.7,2.2,17.96,97.7,11.0,15.9,5.6,0.47,12,4,3,高辐射,雨天,0.00,0.00,0.00,0.00,0.00,0.00,80.0,480.0,720.0,1530.4,1829.6,1955.0,1805.0,1440.0,1680.0,1120.0,480.0,240.0,0.00,0.00,0.00,0.00,0.00,0.00,26.6,26.6,26.2,26.0,25.8,26.0,25.9,26.4,27.9,26.9,28.8,30.2,31.3,31.4,30.4,29.6,28.8,28.0,27.5,26.8,26.7,26.9,26.9,26.7,0.00,0.00,0.00,0.00,0.00,0.00,0.00,0.10,0.00,0.00,0.00,0.00,0.00,0.30,1.50,0.30,0.00,0.00,0.00,0.00,0.00,0.00,0.00,0.00,10.3,11.6,10.8,10.7,11.5,13.3,10.5,11.2,12.8,11.8,7.90,7.10,10.9,14.9,12.1,15.9,12.5,10.7,11.9,8.60,7.70,10.2,10.4,8.80,100.0,100.0,89.0,97.0,100.0,100.0,100.0,100.0,59.0,100.0,100.0,100.0,100.0,100.0,100.0,100.0,100.0,100.0,100.0,100.0,100.0,100.0,100.0,99.0,0.00,0.00,0.00,0.00,0.00,0.00,0.00,0.11,0.61,1.00,1.84,2.39,2.98,2.92,2.22,1.97,0.95,0.52,0.36,0.08,0.00,0.00,0.00,0.00
2025-08-26,2,0,8,夏,15280.00,0.08,2329.80,13,32.7,25.2,28.5,0.3,23.31,77.0,6.2,9.2,7.5,0.61,12,8,4,极高辐射,阴天,0.00,0.00,0.00,0.00,0.00,0.00,80.0,240.0,1200.0,1819.0,2329.8,2042.6,1808.6,1987.9,1052.1,1200.0,800.0,640.0,80.0,0.00,0.00,0.00,0.00,0.00,26.5,26.5,26.1,25.7,25.5,25.4,25.2,25.7,27.3,28.8,29.9,31.0,31.8,32.3,32.7,32.6,32.2,31.6,30.5,28.9,27.7,27.5,26.6,26.2,0.00,0.00,0.00,0.00,0.00,0.00,0.00,0.00,0.00,0.10,0.10,0.00,0.00,0.00,0.00,0.00,0.00,0.10,0.00,0.00,0.00,0.00,0.00,0.00,7.90,8.10,4.70,4.00,4.10,4.30,3.20,6.30,6.70,9.10,9.10,8.70,8.80,9.20,8.80,8.20,8.00,6.90,4.80,5.80,4.90,2.80,1.70,2.00,100.0,100.0,100.0,100.0,100.0,100.0,100.0,99.0,18.0,86.0,90.0,83.0,50.0,41.0,100.0,99.0,100.0,100.0,70.0,64.0,7.00,65.0,27.0,49.0,0.00,0.00,0.00,0.00,0.00,0.00,0.00,0.08,0.60,1.40,2.13,2.83,3.08,3.20,3.15,2.74,2.02,1.40,0.59,0.10,0.00,0.00,0.00,0.00
2025-08-27,3,0,8,夏,14240.00,0.07,2280.00,12,31.5,24.5,27.3,11.4,20.56,33.5,4.1,10.8,7.0,0.54,13,6,5,极高辐射,雨天,0.00,0.00,0.00,0.00,0.00,0.00,80.0,560.0,880.0,880.0,1680.0,1610.6,1429.4,2280.0,1960.0,1760.0,1040.0,80.0,0.00,0.00,0.00,0.00,0.00,0.00,25.7,25.3,25.3,25.0,24.8,24.7,24.5,25.2,27.1,29.5,30.4,31.5,30.5,30.5,31.3,30.9,28.0,28.3,28.1,26.9,26.3,25.4,25.0,24.8,0.00,0.00,0.00,0.00,0.00,0.00,0.00,0.00,0.00,0.10,0.20,0.20,2.60,1.90,0.70,2.00,3.50,0.20,0.00,0.00,0.00,0.00,0.00,0.00,2.70,5.00,3.90,2.30,3.50,2.70,4.50,3.80,2.40,2.30,3.10,4.80,9.00,6.20,8.80,5.00,10.8,4.40,4.40,3.20,2.70,1.50,0.70,1.50,3.00,14.0,13.0,31.0,13.0,24.0,64.0,41.0,9.00,20.0,16.0,34.0,87.0,61.0,45.0,32.0,75.0,16.0,5.00,17.0,63.0,10.0,12.0,100.0,0.00,0.00,0.00,0.00,0.00,0.00,0.00,0.11,0.65,1.51,2.07,2.69,2.67,2.27,2.29,2.50,1.95,1.12,0.62,0.12,0.00,0.00,0.00,0.00
2025-08-28,4,0,8,夏,4000.00,0.02,720.00,11,31.0,24.4,27.0,11.3,13.79,88.4,7.5,14.8,6.6,0.36,12,3,6,中等辐射,雨天,0.00,0.00,0.00,0.00,0.00,0.00,0.00,160.0,720.0,362.6,277.4,160.0,320.0,240.0,354.3,605.7,560.0,240.0,0.00,0.00,0.00,0.00,0.00,0.00,24.6,24.5,24.4,24.4,24.5,24.5,24.6,25.3,26.6,25.5,27.2,29.2,30.1,31.0,31.0,29.0,28.5,28.7,27.8,27.2,26.7,28.1,27.8,27.0,0.00,0.00,0.00,0.00,0.00,0.00,0.00,0.00,0.00,3.00,0.40,0.10,0.10,0.00,0.10,7.50,0.00,0.00,0.00,0.00,0.10,0.00,0.00,0.00,2.20,2.50,2.70,1.90,2.20,4.10,3.80,6.20,6.40,2.60,5.60,6.90,6.90,9.60,8.80,14.8,8.80,10.1,11.5,13.0,12.6,12.6,13.0,11.7,94.0,13.0,27.0,25.0,66.0,100.0,97.0,100.0,100.0,100.0,100.0,100.0,100.0,100.0,100.0,100.0,100.0,100.0,100.0,100.0,100.0,100.0,100.0,100.0,0.00,0.00,0.00,0.00,0.00,0.00,0.00,0.13,0.49,0.69,1.15,1.64,1.80,2.27,1.87,1.86,0.72,0.82,0.29,0.05,0.00,0.00,0.00,0.00
2025-08-29,5,0,8,夏,16640.00,0.09,2332.00,13,33.3,25.8,29.0,0.1,23.12,94.7,14.2,21.7,7.5,0.61,13,8,7,极高辐射,雨天,0.00,0.00,0.00,0.00,0.00,0.00,120.0,400.0,920.0,1760.0,1891.6,2148.3,2228.1,2332.0,2032.4,1367.6,800.0,560.0,80.0,0.00,0.00,0.00,0.00,0.00,26.6,26.3,26.5,26.7,26.6,26.5,25.8,26.6,28.0,30.0,30.9,32.1,32.8,33.0,33.3,32.2,32.0,30.9,29.8,28.6,28.0,28.3,27.7,27.0,0.00,0.00,0.00,0.00,0.00,0.00,0.00,0.00,0.00,0.00,0.00,0.00,0.00,0.00,0.00,0.00,0.00,0.00,0.00,0.00,0.00,0.00,0.10,0.00,8.80,9.50,9.00,10.3,12.1,9.00,5.10,8.60,12.3,17.6,17.0,17.9,19.5,20.2,21.3,21.7,20.1,18.5,16.4,13.5,12.7,10.7,17.2,12.4,100.0,100.0,100.0,100.0,100.0,100.0,100.0,100.0,99.0,100.0,98.0,100.0,100.0,89.0,95.0,82.0,64.0,68.0,86.0,100.0,99.0,99.0,100.0,94.0,0.00,0.00,0.00,0.00,0.00,0.00,0.00,0.10,0.63,1.43,2.24,2.80,3.06,3.17,3.07,2.39,2.15,1.35,0.62,0.10,0.00,0.00,0.00,0.00
2025-08-30,6,1,8,夏,14400.00,0.07,2080.00,12,31.4,26.5,28.1,2.7,19.69,84.2,14.0,20.0,4.9,0.52,12,5,8,高辐射,雨天,0.00,0.00,0.00,0.00,0.00,0.00,0.00,480.0,800.0,960.0,1920.0,2080.0,1547.3,1892.7,1680.0,1400.0,1000.0,560.0,80.0,0.00,0.00,0.00,0.00,0.00,26.8,26.7,26.6,26.6,26.6,26.7,26.5,26.9,28.0,27.7,26.6,29.1,30.6,31.1,31.4,31.2,30.6,29.7,28.6,27.8,27.3,27.6,27.2,26.8,0.00,0.00,0.00,0.00,0.10,0.00,0.00,0.00,0.00,0.30,1.80,0.10,0.10,0.00,0.30,0.00,0.00,0.00,0.00,0.00,0.00,0.00,0.00,0.00,12.1,11.7,9.90,11.4,11.9,14.1,12.8,13.0,16.6,14.4,20.0,17.2,18.6,19.9,18.0,17.4,18.9,16.0,14.5,11.2,11.7,8.60,8.40,6.70,82.0,76.0,18.0,63.0,89.0,82.0,68.0,99.0,100.0,100.0,100.0,94.0,96.0,98.0,72.0,57.0,91.0,100.0,97.0,87.0,73.0,84.0,96.0,99.0,0.00,0.00,0.00,0.00,0.00,0.00,0.00,0.13,0.64,1.09,1.71,1.70,2.83,2.98,2.52,2.48,1.88,1.12,0.54,0.08,0.00,0.00,0.00,0.00
2025-08-31,0,1,8,夏,14960.00,0.08,2240.00,13,32.1,25.3,28.1,1.9,21.49,88.3,7.9,12.5,6.8,0.57,12,6,9,极高辐射,雨天,0.00,0.00,0.00,0.00,0.00,0.00,80.0,560.0,800.0,1360.0,1760.0,1280.0,1680.0,1840.0,2240.0,1680.0,1120.0,480.0,80.0,0.00,0.00,0.00,0.00,0.00,26.5,26.2,26.0,25.8,25.4,25.4,25.3,26.3,28.0,28.4,27.4,29.5,30.8,31.6,32.1,31.9,31.4,30.5,29.2,27.7,27.0,27.7,27.4,27.0,0.00,0.00,0.00,0.00,0.00,0.00,0.00,0.00,0.00,0.20,1.60,0.10,0.00,0.00,0.00,0.00,0.00,0.00,0.00,0.00,0.00,0.00,0.00,0.00,5.80,5.20,5.80,4.70,4.00,3.60,3.80,6.00,8.00,7.60,8.90,10.9,12.0,11.9,12.1,12.5,11.7,10.9,10.7,7.60,7.20,6.70,6.00,6.90,98.0,99.0,100.0,100.0,98.0,98.0,98.0,97.0,82.0,61.0,95.0,91.0,99.0,100.0,99.0,93.0,24.0,15.0,81.0,100.0,92.0,100.0,99.0,100.0,0.00,0.00,0.00,0.00,0.00,0.00,0.00,0.13,0.72,1.39,1.80,2.39,2.74,2.80,2.83,2.64,1.97,1.35,0.63,0.09,0.00,0.00,0.00,0.00
2025-09-01,1,0,9,秋,16080.00,0.08,2046.40,12,33.2,24.7,28.6,0.5,21.85,81.4,6.2,11.4,8.5,0.59,12,9,10,极高辐射,雨天,0.00,0.00,0.00,0.00,0.00,0.00,80.0,400.0,1600.0,1873.6,2046.4,2000.0,2000.0,1680.0,2000.0,960.0,960.0,480.0,0.00,0.00,0.00,0.00,0.00,0.00,26.8,26.5,26.0,25.8,25.3,24.8,24.7,25.4,27.7,29.4,30.8,31.7,32.7,33.2,32.9,32.9,32.2,31.7,30.1,28.4,27.4,27.1,26.8,26.8,0.00,0.00,0.00,0.00,0.00,0.00,0.00,0.00,0.10,0.00,0.00,0.00,0.00,0.00,0.00,0.30,0.10,0.00,0.00,0.00,0.00,0.00,0.00,0.00,6.20,5.10,3.60,0.80,0.40,0.80,1.30,3.80,4.40,4.60,7.30,8.30,8.40,11.4,9.50,9.70,7.60,8.20,9.80,8.90,7.90,5.90,6.30,7.50,100.0,100.0,99.0,100.0,97.0,31.0,99.0,100.0,45.0,93.0,52.0,20.0,19.0,77.0,76.0,90.0,83.0,100.0,94.0,98.0,97.0,86.0,99.0,98.0,0.00,0.00,0.00,0.00,0.00,0.00,0.00,0.12,0.70,1.28,2.11,2.49,2.98,3.04,2.85,2.48,1.82,1.27,0.62,0.09,0.00,0.00,0.00,0.00
2025-09-02,2,0,9,秋,16560.00,0.09,2240.00,13,32.9,25.2,28.8,0.8,22.07,71.3,7.4,12.9,7.7,0.59,12,8,11,极高辐射,阴天,0.00,0.00,0.00,0.00,0.00,0.00,80.0,480.0,1120.0,1600.0,1750.8,1769.2,2240.0,2240.0,2193.9,1806.1,800.0,400.0,80.0,0.00,0.00,0.00,0.00,0.00,26.9,26.9,26.5,26.0,25.6,25.2,25.2,25.6,27.3,29.8,31.3,32.0,32.4,32.6,32.9,32.4,31.8,31.2,29.9,28.6,27.9,27.8,27.6,27.3,0.00,0.00,0.00,0.00,0.00,0.00,0.00,0.20,0.00,0.00,0.00,0.10,0.10,0.10,0.00,0.10,0.20,0.00,0.00,0.00,0.00,0.00,0.00,0.00,8.40,7.10,4.10,3.80,1.70,0.50,2.10,4.10,6.10,5.70,7.60,11.1,11.8,12.0,12.9,12.0,11.3,9.40,10.2,8.30,8.50,5.60,7.30,6.90,100.0,70.0,19.0,10.0,25.0,100.0,100.0,99.0,14.0,20.0,60.0,88.0,90.0,99.0,99.0,100.0,93.0,91.0,86.0,37.0,12.0,100.0,100.0,100.0,0.00,0.00,0.00,0.00,0.00,0.00,0.00,0.12,0.58,1.43,2.11,2.70,2.92,2.93,2.74,2.46,2.04,1.38,0.59,0.09,0.00,0.00,0.00,0.00
2025-09-03,3,0,9,秋,11200.00,0.06,1698.70,12,33.7,25.2,29.0,3.2,19.46,83.2,5.3,9.2,8.5,0.52,11,9,12,高辐射,雨天,0.00,0.00,0.00,0.00,0.00,0.00,80.0,560.0,1200.0,1421.3,1698.7,1280.0,320.0,480.0,1120.0,1497.1,774.9,768.0,0.00,0.00,0.00,0.00,0.00,0.00,27.0,26.7,26.4,26.1,25.7,25.5,25.2,25.7,27.3,29.4,31.0,32.4,33.3,33.7,33.2,31.1,31.8,31.9,30.8,29.1,28.0,28.5,28.1,27.6,0.00,0.00,0.00,0.00,0.00,0.00,0.00,0.00,0.10,0.20,0.00,0.00,0.00,0.00,0.00,2.90,0.00,0.00,0.00,0.00,0.00,0.00,0.00,0.00,6.90,6.80,5.50,3.70,2.70,2.70,2.70,1.90,4.40,3.50,4.30,5.60,6.00,6.90,9.20,4.00,3.90,4.40,6.80,8.20,7.50,5.70,7.00,7.70,99.0,99.0,25.0,3.00,10.0,77.0,97.0,91.0,98.0,97.0,94.0,71.0,83.0,100.0,100.0,69.0,92.0,99.0,100.0,100.0,100.0,100.0,98.0,95.0,0.00,0.00,0.00,0.00,0.00,0.00,0.00,0.09,0.60,1.30,2.10,2.71,2.76,2.60,2.26,1.58,1.59,1.26,0.54,0.08,0.00,0.00,0.00,0.00
2025-09-04,4,0,9,秋,11360.00,0.06,1821.50,12,35.0,25.3,29.7,0.0,22.92,52.8,6.7,11.2,9.7,0.62,12,9,0,极高辐射,阴天,0.00,0.00,0.00,0.00,0.00,0.00,80.0,520.0,1240.0,1821.5,1519.4,739.1,1280.0,800.0,880.0,1120.0,933.3,426.7,0.00,0.00,0.00,0.00,0.00,0.00,27.4,27.1,26.8,26.4,26.0,25.6,25.3,25.9,28.4,29.1,31.0,32.8,33.9,34.6,34.9,35.0,34.5,33.3,31.7,29.8,28.5,28.7,28.2,27.8,0.00,0.00,0.00,0.00,0.00,0.00,0.00,0.00,0.00,0.00,0.00,0.00,0.00,0.00,0.00,0.00,0.00,0.00,0.00,0.00,0.00,0.00,0.00,0.00,7.40,7.00,5.80,3.40,2.40,3.00,0.80,1.40,1.10,6.80,4.90,5.90,7.10,8.90,9.70,11.0,11.2,10.5,9.80,9.70,8.90,7.40,8.40,7.40,99.0,66.0,3.00,2.00,8.00,7.00,98.0,96.0,24.0,25.0,25.0,18.0,13.0,13.0,60.0,78.0,62.0,84.0,68.0,55.0,80.0,98.0,88.0,98.0,0.00,0.00,0.00,0.00,0.00,0.00,0.00,0.12,0.72,1.42,2.01,2.60,2.98,3.11,3.05,2.77,2.11,1.37,0.58,0.08,0.00,0.00,0.00,0.00
2025-09-05,5,0,9,秋,12880.00,0.07,1880.80,13,35.2,25.8,30.0,0.0,22.51,41.6,6.0,11.9,9.4,0.61,12,11,0,极高辐射,多云,0.00,0.00,0.00,0.00,0.00,0.00,160.0,480.0,800.0,1639.2,1880.8,1440.0,1760.0,880.0,960.0,1419.1,900.9,480.0,80.0,0.00,0.00,0.00,0.00,0.00,27.5,27.2,26.7,26.4,26.1,25.9,25.8,26.3,28.3,30.4,32.0,33.3,34.1,34.9,35.2,35.0,34.4,33.3,31.9,30.4,29.4,29.3,28.7,28.2,0.00,0.00,0.00,0.00,0.00,0.00,0.00,0.00,0.00,0.00,0.00,0.00,0.00,0.00,0.00,0.00,0.00,0.00,0.00,0.00,0.00,0.00,0.00,0.00,5.90,5.50,5.20,4.40,2.70,1.30,1.50,2.10,1.30,0.90,2.50,6.10,7.60,8.90,10.2,11.9,11.4,10.7,9.90,8.00,7.30,6.30,6.80,6.20,99.0,97.0,33.0,51.0,15.0,85.0,100.0,100.0,100.0,100.0,45.0,21.0,22.0,25.0,8.00,15.0,13.0,18.0,14.0,27.0,4.00,4.00,2.00,0.00,0.00,0.00,0.00,0.00,0.00,0.00,0.00,0.10,0.61,1.35,2.00,2.67,2.98,3.18,3.05,2.57,2.04,1.30,0.57,0.07,0.00,0.00,0.00,0.00
2025-09-06,6,1,9,秋,13680.00,0.07,2240.00,12,36.5,25.5,30.9,0.0,22.73,27.3,5.5,11.1,11.0,0.62,12,13,0,极高辐射,多云,0.00,0.00,0.00,0.00,0.00,0.00,0.00,520.0,760.0,1501.5,1138.5,2240.0,1760.0,1840.0,1280.0,1241.3,998.7,320.0,80.0,0.00,0.00,0.00,0.00,0.00,27.8,27.3,27.0,26.5,26.2,25.8,25.5,26.4,28.7,30.9,32.4,34.0,35.0,36.1,36.4,36.5,35.9,35.4,34.5,31.8,29.8,31.3,30.2,29.8,0.00,0.00,0.00,0.00,0.00,0.00,0.00,0.00,0.00,0.00,0.00,0.00,0.00,0.00,0.00,0.00,0.00,0.00,0.00,0.00,0.00,0.00,0.00,0.00,5.00,3.10,1.30,4.00,3.50,1.60,1.30,3.10,1.50,1.30,3.00,5.20,6.10,6.50,7.90,9.80,9.10,7.50,7.40,8.70,11.1,8.40,5.70,8.70,0.00,1.00,1.00,3.00,5.00,5.00,11.0,15.0,28.0,76.0,54.0,84.0,72.0,14.0,44.0,68.0,18.0,6.00,10.0,35.0,5.00,33.0,42.0,24.0,0.00,0.00,0.00,0.00,0.00,0.00,0.00,0.12,0.71,1.45,1.95,2.71,2.92,3.25,2.92,2.65,2.06,1.32,0.59,0.07,0.00,0.00,0.00,0.00
2025-09-07,0,1,9,秋,9040.00,0.05,1223.40,12,31.3,25.2,27.8,17.1,15.63,75.2,13.7,20.6,6.1,0.43,11,1,1,高辐射,雨天,0.00,0.00,0.00,0.00,0.00,0.00,80.0,480.0,1200.0,880.0,640.0,400.0,696.6,1223.4,1120.0,1120.0,960.0,240.0,0.00,0.00,0.00,0.00,0.00,0.00,29.3,29.0,28.6,28.3,28.1,28.1,27.8,27.9,28.1,28.3,27.1,28.9,31.3,29.1,30.0,29.9,26.9,26.2,26.7,25.5,25.2,25.9,25.9,25.4,0.00,0.00,0.00,0.00,0.00,0.00,0.10,0.40,0.60,0.20,2.40,0.10,0.00,2.10,0.10,0.40,5.80,0.50,0.20,1.30,0.70,0.90,0.70,0.60,10.3,9.60,8.30,9.00,9.30,9.20,12.2,13.6,13.9,12.5,11.2,15.3,17.2,13.4,15.9,20.6,15.7,14.4,14.2,14.2,15.5,16.8,17.0,18.4,40.0,89.0,82.0,14.0,8.00,36.0,63.0,67.0,86.0,65.0,82.0,77.0,76.0,99.0,57.0,81.0,97.0,85.0,100.0,100.0,100.0,100.0,100.0,100.0,0.00,0.00,0.00,0.00,0.00,0.00,0.00,0.08,0.58,1.04,1.37,1.35,2.42,2.47,2.22,2.09,1.30,0.28,0.39,0.05,0.00,0.00,0.00,0.00
2025-09-08,1,0,9,秋,5120.00,0.03,1142.30,11,27.4,24.5,25.7,45.9,9.20,100.0,22.9,30.4,2.9,0.25,11,0,2,低辐射,雨天,0.00,0.00,0.00,0.00,0.00,0.00,0.00,183.7,136.3,289.2,366.8,901.7,1142.3,820.0,560.0,400.0,240.0,80.0,0.00,0.00,0.00,0.00,0.00,0.00,24.7,24.8,24.6,24.5,24.6,24.9,25.4,25.7,26.1,25.4,25.7,26.4,27.2,27.0,27.4,27.0,26.8,26.2,26.0,25.8,25.5,25.3,25.3,25.1,1.10,2.80,3.50,5.30,8.90,5.20,1.50,0.70,0.20,3.30,2.20,2.20,1.00,1.70,1.70,1.90,0.40,0.30,0.20,0.10,0.20,0.70,0.50,0.30,17.5,18.6,21.7,23.7,26.7,26.7,26.0,28.5,30.4,28.7,26.4,29.0,27.5,23.2,23.0,22.9,22.0,22.7,19.5,17.3,18.3,15.1,19.3,15.3,100.0,100.0,100.0,100.0,100.0,100.0,100.0,100.0,100.0,100.0,100.0,100.0,100.0,100.0,100.0,100.0,100.0,100.0,100.0,100.0,100.0,100.0,100.0,100.0,0.00,0.00,0.00,0.00,0.00,0.00,0.00,0.02,0.15,0.24,0.39,1.10,1.52,1.29,1.58,0.95,1.07,0.58,0.28,0.04,0.00,0.00,0.00,0.00
2025-09-09,2,0,9,秋,7680.00,0.04,1600.00,12,31.7,24.8,27.2,9.2,16.89,96.3,11.2,16.8,6.9,0.47,11,2,3,高辐射,雨天,0.00,0.00,0.00,0.00,0.00,0.00,80.0,400.0,400.0,673.7,926.3,1600.0,560.0,771.9,908.1,507.8,660.2,192.0,0.00,0.00,0.00,0.00,0.00,0.00,25.8,25.6,25.4,25.1,25.2,24.9,24.8,24.8,26.2,27.4,28.9,29.8,30.9,31.7,28.4,29.6,28.3,27.9,27.5,26.6,26.2,26.9,26.9,26.8,0.10,0.20,0.30,0.10,0.10,0.60,0.30,0.20,0.10,0.20,0.20,0.20,0.10,0.10,5.00,0.60,0.70,0.10,0.00,0.00,0.00,0.00,0.00,0.00,16.8,14.0,14.8,11.9,11.1,11.4,11.9,11.7,11.4,13.1,11.7,12.2,11.2,11.9,10.2,12.6,12.1,9.90,8.90,8.30,7.30,7.40,8.60,8.80,100.0,100.0,100.0,100.0,100.0,100.0,100.0,100.0,100.0,100.0,64.0,79.0,98.0,100.0,98.0,100.0,95.0,93.0,93.0,100.0,92.0,99.0,100.0,100.0,0.00,0.00,0.00,0.00,0.00,0.00,0.00,0.08,0.50,1.10,1.75,2.41,2.78,2.89,1.97,1.16,0.97,0.85,0.37,0.05,0.00,0.00,0.00,0.00
2025-09-10,3,0,9,秋,11920.00,0.06,2160.00,12,31.8,24.1,27.3,11.3,16.74,92.9,6.3,12.4,7.7,0.46,11,4,4,高辐射,雨天,0.00,0.00,0.00,0.00,0.00,0.00,160.0,760.3,919.7,1600.0,1331.0,1949.0,2160.0,1600.0,880.0,320.0,160.0,80.0,0.00,0.00,0.00,0.00,0.00,0.00,26.7,26.6,26.5,25.6,24.6,24.3,24.1,24.9,26.6,28.8,30.1,31.1,31.8,31.7,28.6,29.9,30.0,27.9,27.5,26.6,26.0,25.4,25.2,25.1,0.00,0.00,0.00,0.10,0.40,0.00,0.00,0.00,0.20,0.00,0.20,0.10,0.20,0.10,4.40,0.10,0.00,5.30,0.00,0.00,0.00,0.10,0.10,0.00,8.50,7.80,8.50,12.4,3.80,2.80,2.00,2.40,2.20,6.70,7.70,5.90,6.70,6.20,5.50,7.90,10.5,7.00,5.80,6.60,7.10,7.10,4.70,5.20,98.0,62.0,86.0,97.0,99.0,98.0,100.0,100.0,100.0,98.0,47.0,52.0,96.0,99.0,100.0,99.0,100.0,100.0,100.0,99.0,100.0,99.0,100.0,100.0,0.00,0.00,0.00,0.00,0.00,0.00,0.00,0.09,0.59,1.35,2.00,2.30,2.72,2.32,1.11,1.33,1.61,1.00,0.27,0.04,0.00,0.00,0.00,0.00
2025-09-11,4,0,9,秋,15120.00,0.08,2560.00,12,32.6,24.1,27.9,1.3,20.90,70.0,4.5,8.1,8.5,0.58,11,8,5,极高辐射,阴天,0.00,0.00,0.00,0.00,0.00,0.00,80.0,640.0,1320.0,1640.0,2148.6,1531.4,2560.0,2080.0,1200.0,649.5,806.5,464.0,0.00,0.00,0.00,0.00,0.00,0.00,24.8,24.5,24.5,24.3,24.2,24.1,24.1,24.7,26.1,29.3,30.6,31.8,32.6,32.5,32.1,31.1,31.4,31.3,29.7,27.9,27.0,27.1,26.7,26.3,0.00,0.00,0.00,0.00,0.00,0.00,0.00,0.90,0.00,0.00,0.00,0.00,0.00,0.10,0.10,0.10,0.10,0.00,0.00,0.00,0.00,0.00,0.00,0.00,3.10,3.10,2.70,2.20,2.20,0.80,2.10,4.30,1.70,3.30,3.30,3.10,3.10,5.00,6.90,7.30,6.30,8.10,6.90,7.00,6.40,6.80,6.40,6.00,100.0,99.0,100.0,97.0,97.0,98.0,98.0,94.0,57.0,11.0,8.00,51.0,28.0,35.0,95.0,69.0,75.0,64.0,100.0,97.0,93.0,70.0,18.0,27.0,0.00,0.00,0.00,0.00,0.00,0.00,0.00,0.10,0.55,1.44,2.12,2.70,3.05,3.03,2.74,1.92,1.42,1.27,0.52,0.05,0.00,0.00,0.00,0.00
2025-09-12,5,0,9,秋,11600.00,0.06,2225.20,12,32.3,24.2,28.0,1.2,19.21,22.0,5.1,8.2,8.1,0.54,12,7,6,高辐射,阴天,0.00,0.00,0.00,0.00,0.00,0.00,40.0,520.0,1360.0,1600.0,2225.2,1454.8,1411.4,1285.3,663.3,320.0,480.0,240.0,0.00,0.00,0.00,0.00,0.00,0.00,26.0,25.8,25.5,25.2,24.9,24.5,24.2,24.8,27.7,29.2,30.0,31.0,31.8,32.3,31.8,31.5,31.1,30.6,29.4,27.5,26.7,27.3,26.9,26.6,0.00,0.00,0.00,0.00,0.00,0.00,0.00,0.00,0.00,0.20,0.20,0.00,0.00,0.00,0.10,0.60,0.10,0.00,0.00,0.00,0.00,0.00,0.00,0.00,6.10,5.60,5.10,4.70,3.40,2.80,1.90,3.50,1.60,0.80,4.00,4.00,4.20,4.70,6.90,7.60,7.80,8.20,7.30,7.90,7.60,4.70,5.20,5.90,13.0,0.00,0.00,0.00,0.00,0.00,25.0,0.00,50.0,24.0,26.0,28.0,99.0,99.0,37.0,54.0,31.0,18.0,4.00,1.00,8.00,3.00,7.00,0.00,0.00,0.00,0.00,0.00,0.00,0.00,0.00,0.11,0.70,1.35,2.06,2.52,2.94,2.44,1.80,2.12,1.61,0.98,0.53,0.05,0.00,0.00,0.00,0.00
2025-09-13,6,1,9,秋,16960.00,0.09,2160.00,12,32.7,24.3,28.2,0.0,21.43,14.4,6.2,10.5,8.4,0.60,12,8,0,极高辐射,晴天,0.00,0.00,0.00,0.00,0.00,0.00,160.0,480.0,1520.0,1200.0,2160.0,1680.0,2080.0,2000.0,2160.0,1748.6,1294.2,477.2,0.00,0.00,0.00,0.00,0.00,0.00,26.3,25.8,25.4,25.1,24.9,24.7,24.3,25.0,27.8,29.5,30.6,31.3,32.0,32.5,32.7,32.6,32.0,30.9,29.1,27.8,27.2,27.2,26.7,26.5,0.00,0.00,0.00,0.00,0.00,0.00,0.00,0.00,0.00,0.00,0.00,0.00,0.00,0.00,0.00,0.00,0.00,0.00,0.00,0.00,0.00,0.00,0.00,0.00,5.60,5.10,4.20,4.50,4.10,4.00,3.50,4.60,2.00,6.00,6.60,7.20,7.20,6.70,6.40,7.40,8.70,10.5,9.70,8.50,7.20,6.80,6.60,6.50,0.00,0.00,0.00,1.00,5.00,10.0,26.0,2.00,4.00,21.0,19.0,14.0,18.0,20.0,24.0,22.0,51.0,49.0,35.0,17.0,5.00,1.00,1.00,0.00,0.00,0.00,0.00,0.00,0.00,0.00,0.00,0.11,0.72,1.39,2.14,2.61,2.89,2.96,2.83,2.37,1.83,1.09,0.46,0.04,0.00,0.00,0.00,0.00
2025-09-14,0,1,9,秋,11600.00,0.06,1925.10,12,33.2,24.0,28.3,0.0,21.36,10.7,4.6,9.6,9.2,0.60,12,8,0,极高辐射,晴天,0.00,0.00,0.00,0.00,0.00,0.00,80.0,400.0,1440.0,1840.0,1920.0,1680.8,959.2,1925.1,634.9,80.0,453.3,186.7,0.00,0.00,0.00,0.00,0.00,0.00,26.3,25.9,25.5,25.1,24.7,24.4,24.0,24.4,27.2,29.3,30.8,31.7,32.6,33.1,33.2,32.6,32.0,31.0,29.8,28.2,27.3,27.2,26.7,26.2,0.00,0.00,0.00,0.00,0.00,0.00,0.00,0.00,0.00,0.00,0.00,0.00,0.00,0.00,0.00,0.00,0.00,0.00,0.00,0.00,0.00,0.00,0.00,0.00,6.10,5.30,4.40,4.00,3.60,2.30,0.40,0.90,0.40,2.10,3.20,3.80,4.10,5.50,6.80,7.70,8.30,9.60,6.80,6.50,6.50,5.00,4.00,4.00,0.00,0.00,0.00,0.00,0.00,0.00,2.00,98.0,3.00,7.00,18.0,18.0,13.0,18.0,23.0,15.0,12.0,23.0,5.00,2.00,0.00,0.00,0.00,0.00,0.00,0.00,0.00,0.00,0.00,0.00,0.00,0.10,0.67,1.50,2.16,2.56,2.97,3.04,2.90,2.21,1.63,1.12,0.45,0.04,0.00,0.00,0.00,0.00
2025-09-15,1,0,9,秋,11680.00,0.06,1986.70,12,33.4,24.5,28.4,1.2,20.47,34.7,6.9,13.9,8.9,0.58,11,8,1,极高辐射,阴天,0.00,0.00,0.00,0.00,0.00,0.00,80.0,560.0,1280.0,1520.0,1834.0,1232.7,1426.6,1986.7,1120.0,432.7,127.3,80.0,0.00,0.00,0.00,0.00,0.00,0.00,25.8,25.5,25.2,24.8,24.6,24.5,24.7,25.3,27.7,29.7,30.6,31.6,32.6,33.4,33.2,32.5,31.5,30.6,29.5,28.5,28.2,27.9,27.9,26.8,0.00,0.00,0.00,0.00,0.00,0.00,0.00,0.00,0.00,0.10,0.20,0.00,0.00,0.00,0.50,0.30,0.00,0.00,0.00,0.00,0.00,0.00,0.00,0.10,4.80,4.30,3.40,3.10,2.60,2.60,5.00,3.60,1.80,5.60,6.10,5.30,4.00,6.90,10.8,12.1,13.9,11.1,10.8,8.50,9.70,7.10,9.60,12.5,0.00,0.00,0.00,4.00,18.0,99.0,94.0,19.0,15.0,13.0,79.0,27.0,19.0,16.0,28.0,26.0,43.0,29.0,38.0,53.0,95.0,46.0,32.0,40.0,0.00,0.00,0.00,0.00,0.00,0.00,0.00,0.09,0.62,1.36,1.99,2.27,2.49,3.11,2.81,2.39,1.79,1.04,0.48,0.03,0.00,0.00,0.00,0.00
2025-09-16,2,0,9,秋,11040.00,0.06,1926.20,11,32.1,25.2,27.9,2.0,15.45,89.3,7.8,16.0,6.9,0.44,11,4,2,高辐射,雨天,0.00,0.00,0.00,0.00,0.00,0.00,0.00,252.3,796.6,1111.1,1755.0,1926.2,1210.2,1428.6,880.0,640.0,880.0,160.0,0.00,0.00,0.00,0.00,0.00,0.00,26.2,25.9,25.7,25.3,25.2,25.3,25.5,25.7,27.1,27.5,29.2,30.2,31.1,32.1,31.0,30.0,29.8,29.6,29.2,28.4,27.4,27.7,27.2,26.5,0.10,0.00,0.00,0.00,0.00,0.10,0.10,0.10,0.10,0.00,0.10,0.20,0.10,0.00,0.50,0.10,0.00,0.00,0.00,0.10,0.20,0.00,0.00,0.20,9.50,4.10,2.00,6.20,6.00,5.60,3.00,6.20,7.20,6.00,10.1,10.4,14.8,15.6,16.0,12.6,11.2,9.40,7.20,5.90,6.30,1.60,3.90,5.40,32.0,51.0,76.0,89.0,56.0,100.0,67.0,99.0,100.0,100.0,100.0,100.0,100.0,74.0,100.0,100.0,100.0,100.0,100.0,100.0,100.0,100.0,100.0,100.0,0.00,0.00,0.00,0.00,0.00,0.00,0.00,0.08,0.49,0.77,1.36,1.82,2.24,2.76,2.56,1.32,1.09,0.65,0.29,0.02,0.00,0.00,0.00,0.00
2025-09-17,3,0,9,秋,12560.00,0.07,2303.60,12,32.5,24.0,27.8,4.2,19.24,78.0,7.8,14.7,8.5,0.55,11,6,3,高辐射,阴天,0.00,0.00,0.00,0.00,0.00,0.00,80.0,560.0,1120.0,2080.0,2303.6,2007.7,1848.7,1680.0,560.0,160.0,80.0,80.0,0.00,0.00,0.00,0.00,0.00,0.00,25.5,24.8,24.4,24.3,24.2,24.0,24.2,24.7,26.5,29.7,31.5,32.0,32.5,32.2,31.9,31.1,29.4,29.2,28.5,27.4,27.0,27.2,27.1,26.9,0.00,0.00,0.00,0.00,0.00,0.00,0.00,0.00,0.00,0.00,0.10,0.00,0.00,1.00,0.60,1.30,1.00,0.10,0.00,0.00,0.00,0.10,0.00,0.00,9.70,7.20,5.40,5.60,5.30,6.60,6.40,5.10,4.70,4.20,9.30,10.9,10.2,9.60,10.4,14.2,14.7,10.1,7.40,6.90,7.60,5.90,5.10,4.80,100.0,100.0,100.0,91.0,71.0,94.0,96.0,14.0,26.0,18.0,60.0,60.0,73.0,44.0,93.0,96.0,67.0,86.0,100.0,100.0,84.0,100.0,100.0,100.0,0.00,0.00,0.00,0.00,0.00,0.00,0.00,0.09,0.68,1.46,2.11,2.33,2.48,2.20,2.72,2.32,1.35,1.00,0.45,0.03,0.00,0.00,0.00,0.00
2025-09-18,4,0,9,秋,14560.00,0.08,2253.40,11,32.9,24.6,28.3,2.2,19.57,58.3,7.4,10.8,8.3,0.56,11,8,4,高辐射,阴天,0.00,0.00,0.00,0.00,0.00,0.00,0.00,480.0,1280.0,1580.0,1195.6,2024.4,2133.3,1693.3,2253.4,1120.0,640.0,160.0,0.00,0.00,0.00,0.00,0.00,0.00,26.7,26.1,25.5,25.2,25.0,24.8,24.6,25.0,26.7,29.3,30.8,32.0,32.7,32.9,31.0,31.0,30.8,30.5,29.4,28.3,27.9,28.1,27.7,27.4,0.00,0.00,0.00,0.00,0.00,0.00,0.00,0.00,0.00,0.00,0.20,0.00,0.00,0.00,1.50,0.20,0.20,0.10,0.00,0.00,0.00,0.00,0.00,0.00,7.60,7.50,7.00,5.50,5.40,5.70,4.60,5.70,5.40,4.70,7.10,9.80,9.80,9.00,8.70,8.40,7.50,8.80,7.90,5.00,6.30,10.8,10.1,9.90,92.0,70.0,29.0,39.0,55.0,42.0,10.0,2.00,3.00,7.00,46.0,77.0,98.0,95.0,98.0,95.0,66.0,97.0,84.0,73.0,50.0,83.0,36.0,51.0,0.00,0.00,0.00,0.00,0.00,0.00,0.00,0.10,0.67,1.40,2.12,2.49,2.88,2.88,2.63,1.12,1.73,1.09,0.42,0.03,0.00,0.00,0.00,0.00
2025-09-19,5,0,9,秋,9840.00,0.05,1637.90,12,32.2,25.2,28.2,10.1,13.28,82.0,10.3,15.8,7.0,0.38,11,8,5,中等辐射,雨天,0.00,0.00,0.00,0.00,0.00,0.00,80.0,638.8,1163.3,1637.9,1040.0,1342.7,1326.4,930.9,986.7,293.3,320.0,80.0,0.00,0.00,0.00,0.00,0.00,0.00,27.1,26.8,26.4,26.0,25.8,25.5,25.2,25.6,27.6,30.1,31.3,32.2,31.7,32.2,32.1,31.5,30.7,29.7,27.5,26.9,26.5,26.5,26.0,25.9,0.00,0.00,0.00,0.00,0.00,0.00,0.00,0.00,0.00,0.00,0.10,0.00,0.00,0.00,0.00,0.10,0.30,0.60,1.80,3.70,2.40,0.40,0.60,0.10,9.30,7.90,7.00,6.00,6.20,6.90,7.20,8.10,10.0,12.8,14.0,13.5,11.6,11.4,12.8,12.9,14.1,11.5,6.40,6.30,10.3,11.8,15.8,14.3,19.0,11.0,5.00,41.0,19.0,83.0,99.0,92.0,100.0,100.0,100.0,100.0,100.0,100.0,100.0,100.0,100.0,100.0,100.0,100.0,100.0,100.0,100.0,100.0,0.00,0.00,0.00,0.00,0.00,0.00,0.00,0.09,0.63,1.32,1.94,2.14,1.50,1.15,1.67,1.20,0.94,0.56,0.15,0.00,0.00,0.00,0.00,0.00
2025-09-20,6,1,9,秋,3280.00,0.02,662.40,10,28.5,24.3,26.0,17.8,7.88,97.3,9.8,16.3,4.2,0.23,11,0,6,低辐射,雨天,0.00,0.00,0.00,0.00,0.00,0.00,0.00,200.0,120.0,240.0,464.6,662.4,350.3,344.0,298.7,346.7,253.3,0.00,0.00,0.00,0.00,0.00,0.00,0.00,26.1,26.1,25.8,25.4,25.2,25.2,25.3,25.4,26.4,26.4,28.0,28.5,26.5,27.1,26.7,26.5,27.0,26.6,26.3,25.6,25.2,24.7,24.5,24.3,0.00,0.00,0.30,0.60,0.30,0.10,0.10,0.10,1.10,0.60,0.10,0.00,3.90,1.80,1.70,1.70,0.10,0.30,0.00,0.00,0.10,2.60,0.30,2.00,16.3,14.7,13.7,14.0,13.7,13.2,11.9,13.0,12.1,10.8,9.80,12.0,14.7,10.8,12.0,7.60,8.30,6.50,3.90,2.40,1.10,3.30,4.30,4.10,100.0,100.0,100.0,100.0,100.0,96.0,77.0,86.0,99.0,100.0,100.0,99.0,100.0,100.0,100.0,100.0,100.0,79.0,100.0,100.0,100.0,100.0,100.0,100.0,0.00,0.00,0.00,0.00,0.00,0.00,0.00,0.06,0.36,0.43,1.26,0.79,0.80,1.07,0.61,0.76,0.99,0.44,0.30,0.01,0.00,0.00,0.00,0.00
2025-09-21,0,1,9,秋,3920.00,0.02,880.00,11,29.9,23.8,25.9,45.2,10.64,99.2,9.0,12.9,6.1,0.31,11,0,7,中等辐射,雨天,0.00,0.00,0.00,0.00,0.00,0.00,80.0,0.00,80.0,196.0,97.0,187.0,520.0,693.0,787.0,880.0,320.0,80.0,0.00,0.00,0.00,0.00,0.00,0.00,24.0,23.8,24.0,24.1,24.2,24.4,24.6,24.7,25.2,26.3,25.9,26.4,27.0,28.2,29.3,29.9,28.7,27.6,26.8,25.9,25.6,25.5,24.3,24.1,3.20,4.70,4.70,5.30,5.00,5.40,4.20,3.50,2.70,0.50,0.90,0.80,0.60,0.20,0.10,0.10,0.50,0.90,0.50,0.10,0.10,0.30,0.60,0.30,6.60,5.10,7.10,7.40,8.80,10.7,10.2,6.50,6.60,6.40,9.50,10.8,11.3,12.9,11.3,11.4,11.2,10.8,8.90,8.70,7.90,12.6,6.60,6.20,100.0,100.0,100.0,100.0,100.0,100.0,100.0,100.0,100.0,100.0,100.0,100.0,100.0,100.0,100.0,100.0,100.0,99.0,97.0,99.0,100.0,100.0,99.0,87.0,0.00,0.00,0.00,0.00,0.00,0.00,0.00,0.01,0.12,0.43,0.41,0.84,1.43,1.70,2.19,1.79,0.63,0.77,0.31,0.01,0.00,0.00,0.00,0.00
2025-09-22,1,0,9,秋,14320.00,0.07,1920.00,11,32.2,23.4,27.6,0.8,20.56,50.4,8.1,12.0,8.8,0.60,11,7,0,极高辐射,阴天,0.00,0.00,0.00,0.00,0.00,0.00,0.00,400.0,1280.0,1200.0,1680.0,1520.0,1760.0,1920.0,1620.0,1580.0,1120.0,240.0,0.00,0.00,0.00,0.00,0.00,0.00,23.7,23.4,23.6,23.6,23.6,23.6,23.6,24.1,25.4,27.6,29.2,30.2,31.3,32.0,32.2,32.1,31.8,31.3,29.9,28.7,28.1,28.1,27.6,27.1,0.00,0.00,0.00,0.00,0.30,0.10,0.00,0.00,0.00,0.00,0.20,0.20,0.00,0.00,0.00,0.00,0.00,0.00,0.00,0.00,0.00,0.00,0.00,0.00,2.30,1.80,5.40,6.20,5.10,6.80,6.70,8.40,10.4,8.00,8.60,10.2,9.70,10.5,11.7,11.9,11.1,8.10,4.80,6.80,6.60,11.2,12.0,11.2,99.0,100.0,99.0,97.0,100.0,98.0,99.0,76.0,49.0,36.0,17.0,21.0,12.0,11.0,24.0,19.0,14.0,14.0,9.00,12.0,3.00,3.00,100.0,98.0,0.00,0.00,0.00,0.00,0.00,0.00,0.00,0.07,0.58,1.27,2.02,2.46,2.81,2.93,2.83,2.31,1.76,1.08,0.41,0.02,0.00,0.00,0.00,0.00
2025-09-23,2,0,9,秋,12720.00,0.07,2400.00,11,31.8,25.3,27.8,4.6,15.94,86.4,15.7,27.0,6.5,0.47,11,5,1,高辐射,雨天,0.00,0.00,0.00,0.00,0.00,0.00,0.00,240.0,880.0,987.6,1808.4,2004.0,2400.0,1053.0,1387.0,1160.0,640.0,160.0,0.00,0.00,0.00,0.00,0.00,0.00,26.9,26.6,26.3,25.9,25.6,25.5,25.3,25.6,26.9,28.2,27.9,29.5,31.2,31.8,30.8,31.2,30.4,29.5,28.9,28.0,27.6,26.3,25.9,25.9,0.00,0.00,0.00,0.00,0.00,0.00,0.00,0.00,0.00,0.00,0.00,0.00,0.10,0.10,2.10,0.30,0.00,0.00,0.10,0.00,0.00,1.00,0.70,0.20,11.7,12.4,12.2,11.9,11.6,12.8,12.5,13.4,13.6,15.2,13.0,14.1,18.3,19.3,17.1,19.1,12.8,11.0,12.6,16.5,19.8,22.3,26.3,27.0,100.0,100.0,100.0,99.0,80.0,38.0,7.00,79.0,90.0,100.0,100.0,49.0,82.0,49.0,100.0,100.0,100.0,100.0,100.0,100.0,100.0,100.0,100.0,100.0,0.00,0.00,0.00,0.00,0.00,0.00,0.00,0.09,0.65,1.38,0.70,1.17,2.55,2.78,2.73,2.02,1.21,0.39,0.26,0.01,0.00,0.00,0.00,0.00
2025-09-24,3,0,9,秋,2320.00,0.01,435.60,10,26.2,24.3,25.2,79.1,2.27,100.0,38.6,52.9,1.9,0.07,8,0,2,极低辐射,雨天,0.00,0.00,0.00,0.00,0.00,0.00,0.00,0.00,80.0,80.0,320.0,262.7,297.3,364.4,435.6,240.0,160.0,80.0,0.00,0.00,0.00,0.00,0.00,0.00,26.0,26.2,26.0,25.4,24.7,24.7,24.5,24.5,24.3,24.5,24.7,25.0,25.3,25.3,25.6,25.7,25.7,25.6,25.7,25.0,25.3,25.5,24.8,25.2,0.20,0.10,0.30,1.40,2.80,2.10,4.90,4.60,4.30,11.7,13.5,7.00,7.40,5.40,4.50,2.40,1.40,1.20,0.50,0.70,0.70,0.40,0.80,0.80,29.4,30.5,33.1,38.3,38.1,43.1,45.8,47.2,50.0,48.7,48.6,52.9,50.3,48.9,44.7,40.9,35.5,34.6,31.8,29.0,27.4,25.4,26.6,26.2,100.0,100.0,100.0,100.0,100.0,100.0,100.0,100.0,100.0,100.0,100.0,100.0,100.0,100.0,100.0,100.0,100.0,100.0,100.0,100.0,100.0,100.0,100.0,100.0,0.00,0.00,0.00,0.00,0.00,0.00,0.00,0.01,0.05,0.06,0.09,0.13,0.21,0.15,0.26,0.46,0.37,0.38,0.10,0.01,0.00,0.00,0.00,0.00
2025-09-25,4,0,9,秋,9680.00,0.05,1582.90,11,28.8,24.7,26.1,25.4,13.95,99.1,19.3,25.3,4.1,0.41,11,0,3,中等辐射,雨天,0.00,0.00,0.00,0.00,0.00,0.00,0.00,320.0,856.1,887.3,576.6,1440.0,1120.0,960.0,1582.9,1217.1,400.0,320.0,0.00,0.00,0.00,0.00,0.00,0.00,24.9,25.3,25.1,25.0,25.3,25.6,25.0,25.0,25.6,26.3,27.2,27.5,28.8,28.3,28.4,27.6,27.7,26.6,25.1,25.4,25.1,24.7,24.7,25.3,1.40,0.50,2.30,1.60,0.20,0.10,0.40,0.40,0.60,8.70,0.40,0.70,0.30,0.80,0.10,2.30,0.40,0.70,1.00,0.20,0.20,1.00,0.80,0.30,25.3,25.0,24.3,24.4,20.8,20.1,19.3,19.6,17.1,17.8,19.9,23.8,20.9,21.3,21.8,16.4,18.9,17.7,16.2,14.6,15.5,15.3,12.4,15.7,100.0,100.0,100.0,100.0,100.0,96.0,99.0,100.0,100.0,100.0,100.0,97.0,98.0,100.0,100.0,100.0,100.0,100.0,100.0,100.0,100.0,100.0,98.0,90.0,0.00,0.00,0.00,0.00,0.00,0.00,0.00,0.04,0.39,0.58,1.30,2.22,1.93,2.77,1.36,1.47,1.01,0.72,0.17,0.01,0.00,0.00,0.00,0.00
2025-09-26,5,0,9,秋,12640.00,0.07,1968.70,11,32.2,24.8,27.7,0.9,19.63,94.0,11.1,17.9,7.4,0.58,11,6,4,高辐射,雨天,0.00,0.00,0.00,0.00,0.00,0.00,0.00,480.0,880.0,1040.0,1520.0,1508.4,1968.7,1482.7,1840.2,1280.0,480.0,160.0,0.00,0.00,0.00,0.00,0.00,0.00,25.1,25.0,25.1,24.9,24.9,24.8,24.8,25.0,26.3,27.6,28.9,29.5,30.3,31.3,31.8,32.2,32.0,31.4,29.7,28.4,28.0,26.1,25.8,25.6,0.10,0.00,0.00,0.00,0.10,0.10,0.10,0.20,0.00,0.00,0.00,0.10,0.10,0.00,0.00,0.00,0.00,0.00,0.00,0.00,0.00,0.10,0.00,0.00,13.2,11.0,11.9,12.4,12.2,11.2,10.9,11.7,10.5,12.4,16.8,17.1,17.9,16.1,13.0,11.2,10.3,9.60,9.40,8.40,7.90,3.60,2.70,4.20,98.0,100.0,100.0,100.0,100.0,100.0,100.0,97.0,100.0,100.0,100.0,48.0,100.0,100.0,100.0,99.0,100.0,100.0,96.0,100.0,85.0,83.0,65.0,84.0,0.00,0.00,0.00,0.00,0.00,0.00,0.00,0.05,0.47,1.14,1.78,2.28,2.77,2.90,2.83,2.40,1.70,0.97,0.32,0.01,0.00,0.00,0.00,0.00
2025-09-27,6,1,9,秋,17360.00,0.09,2480.00,12,32.4,24.7,28.3,2.1,20.10,61.4,11.6,16.6,7.7,0.60,11,7,5,极高辐射,阴天,0.00,0.00,0.00,0.00,0.00,0.00,80.0,480.0,1664.4,1641.5,2054.1,2320.0,2480.0,2240.0,2091.5,1508.5,640.0,160.0,0.00,0.00,0.00,0.00,0.00,0.00,25.3,25.1,25.2,24.9,25.1,24.9,24.7,25.2,26.6,28.9,29.8,30.9,31.8,32.2,32.3,32.4,32.1,31.0,29.5,28.6,28.2,28.1,27.9,27.4,0.00,0.00,0.00,1.70,0.10,0.00,0.00,0.00,0.00,0.00,0.10,0.10,0.10,0.00,0.00,0.00,0.00,0.00,0.00,0.00,0.00,0.00,0.00,0.00,3.50,2.70,6.30,11.5,9.50,11.0,7.50,8.40,9.80,12.5,14.8,15.5,15.1,15.9,14.9,15.7,16.6,13.6,12.5,13.2,16.0,11.9,11.4,9.70,100.0,95.0,99.0,100.0,99.0,99.0,99.0,92.0,78.0,47.0,22.0,10.0,17.0,29.0,6.00,17.0,19.0,29.0,44.0,66.0,93.0,86.0,69.0,59.0,0.00,0.00,0.00,0.00,0.00,0.00,0.00,0.07,0.55,1.35,1.50,2.51,2.87,2.95,2.71,2.48,1.74,1.02,0.34,0.01,0.00,0.00,0.00,0.00
2025-09-28,0,1,9,秋,9280.00,0.05,2012.00,11,29.0,26.3,27.2,9.4,10.99,94.0,11.3,15.1,2.7,0.33,11,0,6,中等辐射,雨天,0.00,0.00,0.00,0.00,0.00,0.00,0.00,480.0,640.0,640.0,683.1,1007.7,2012.0,1385.1,1072.1,840.0,360.0,160.0,0.00,0.00,0.00,0.00,0.00,0.00,26.6,26.3,26.5,26.5,26.5,26.4,26.5,26.8,27.8,27.0,26.6,27.3,27.0,27.3,28.2,28.5,29.0,28.6,27.9,27.3,27.1,27.0,26.7,26.6,0.00,0.00,0.00,0.00,0.00,0.00,0.00,0.00,0.00,0.60,2.10,0.30,5.90,0.30,0.20,0.00,0.00,0.00,0.00,0.00,0.00,0.00,0.00,0.00,7.90,10.6,13.9,15.1,13.9,13.6,13.4,12.6,11.9,15.1,11.9,14.3,8.90,11.9,9.60,10.3,11.0,9.90,8.70,8.40,10.1,8.70,9.10,10.2,69.0,100.0,96.0,1.00,92.0,100.0,100.0,98.0,100.0,99.0,100.0,100.0,100.0,100.0,100.0,100.0,100.0,100.0,100.0,100.0,100.0,100.0,100.0,100.0,0.00,0.00,0.00,0.00,0.00,0.00,0.00,0.08,0.44,0.65,0.99,1.21,1.76,1.13,1.16,1.30,1.39,0.66,0.22,0.01,0.00,0.00,0.00,0.00
2025-09-29,1,0,9,秋,12080.00,0.06,1894.10,12,31.8,25.5,28.0,0.0,19.67,80.6,8.5,13.9,6.3,0.59,11,7,7,高辐射,雨天,0.00,0.00,0.00,0.00,0.00,0.00,80.0,480.0,1040.0,1545.9,1894.1,1623.6,1256.4,1534.5,1025.5,800.0,613.3,186.7,0.00,0.00,0.00,0.00,0.00,0.00,26.5,26.3,26.0,25.6,25.5,25.6,25.7,26.2,28.1,27.9,29.0,30.5,31.0,31.5,31.8,31.7,31.3,30.3,28.8,27.3,26.5,26.8,26.4,26.1,0.00,0.00,0.00,0.00,0.00,0.00,0.00,0.00,0.00,0.00,0.00,0.00,0.00,0.00,0.00,0.00,0.00,0.00,0.00,0.00,0.00,0.00,0.00,0.00,10.2,8.30,7.80,7.10,7.10,7.60,7.10,8.30,9.70,13.9,10.1,10.9,11.0,10.0,9.40,9.30,9.50,8.20,6.20,6.60,6.80,5.80,6.30,6.50,100.0,100.0,35.0,23.0,9.00,44.0,100.0,100.0,98.0,99.0,100.0,100.0,100.0,100.0,100.0,100.0,100.0,100.0,63.0,63.0,1.00,100.0,100.0,100.0,0.00,0.00,0.00,0.00,0.00,0.00,0.00,0.08,0.61,1.13,1.80,2.49,2.76,2.76,2.66,2.27,1.69,1.06,0.35,0.01,0.00,0.00,0.00,0.00
2025-09-30,2,0,9,秋,12160.00,0.06,1680.00,12,32.8,24.9,28.2,0.0,19.10,94.0,3.3,6.8,7.9,0.58,11,8,8,高辐射,雨天,0.00,0.00,0.00,0.00,0.00,0.00,80.0,400.0,720.0,1600.0,1680.0,1491.9,1388.1,1120.0,1280.0,1280.0,800.0,320.0,0.00,0.00,0.00,0.00,0.00,0.00,25.8,25.1,24.9,24.9,25.0,25.2,25.2,25.1,26.1,28.3,29.8,31.0,31.9,32.5,32.8,32.7,32.5,32.0,30.1,28.5,27.8,27.4,26.7,26.2,0.00,0.00,0.00,0.00,0.00,0.00,0.00,0.00,0.00,0.00,0.00,0.00,0.00,0.00,0.00,0.00,0.00,0.00,0.00,0.00,0.00,0.00,0.00,0.00,4.30,2.80,2.50,3.00,3.60,3.10,2.70,2.00,2.80,2.70,3.10,3.90,2.90,1.70,1.90,1.40,0.20,3.20,4.40,5.10,5.20,6.80,5.40,5.00,85.0,85.0,100.0,100.0,100.0,100.0,100.0,100.0,100.0,100.0,100.0,100.0,100.0,100.0,100.0,100.0,100.0,100.0,77.0,70.0,70.0,87.0,99.0,82.0,0.00,0.00,0.00,0.00,0.00,0.00,0.00,0.05,0.46,1.27,1.93,2.44,2.83,2.80,2.62,1.97,1.44,0.94,0.32,0.01,0.00,0.00,0.00,0.00
2025-10-01,3,0,10,秋,15280.00,0.08,2240.00,12,33.2,24.3,28.0,0.0,19.78,73.9,5.5,11.3,8.9,0.60,11,8,9,高辐射,阴天,0.00,0.00,0.00,0.00,0.00,0.00,80.0,240.0,800.0,1559.4,1654.8,1997.8,2153.3,2154.7,2240.0,1360.0,880.0,160.0,0.00,0.00,0.00,0.00,0.00,0.00,25.8,25.5,24.4,24.6,24.4,24.4,24.3,24.5,26.8,29.2,30.8,31.6,32.4,33.0,33.2,32.7,32.0,30.9,29.0,27.4,27.1,26.6,26.0,25.4,0.00,0.00,0.00,0.00,0.00,0.00,0.00,0.00,0.00,0.00,0.00,0.00,0.00,0.00,0.00,0.00,0.00,0.00,0.00,0.00,0.00,0.00,0.00,0.00,4.70,4.00,11.3,4.20,1.80,3.20,3.10,2.90,3.90,2.30,0.60,2.20,4.00,5.30,8.00,9.10,10.1,8.70,7.70,7.90,9.50,8.10,6.20,4.30,100.0,100.0,100.0,99.0,98.0,99.0,99.0,24.0,76.0,97.0,91.0,93.0,100.0,97.0,97.0,98.0,22.0,7.00,66.0,94.0,20.0,39.0,8.00,50.0,0.00,0.00,0.00,0.00,0.00,0.00,0.00,0.07,0.53,1.39,2.10,2.27,2.57,2.87,2.69,2.25,1.69,1.02,0.33,0.00,0.00,0.00,0.00,0.00
2025-10-02,4,0,10,秋,13040.00,0.07,2000.00,11,32.4,24.0,27.6,0.4,19.73,28.4,6.4,10.6,8.4,0.61,11,6,0,高辐射,多云,0.00,0.00,0.00,0.00,0.00,0.00,0.00,560.0,960.0,1424.9,1375.1,2000.0,800.0,1360.0,1920.0,1680.0,800.0,160.0,0.00,0.00,0.00,0.00,0.00,0.00,25.0,24.6,24.2,24.2,24.0,24.0,24.1,24.4,26.6,28.4,29.9,31.0,31.7,32.0,32.4,32.1,31.3,30.0,28.3,27.0,27.0,26.8,26.6,26.4,0.00,0.00,0.00,0.00,0.00,0.00,0.00,0.10,0.00,0.10,0.10,0.10,0.00,0.00,0.00,0.00,0.00,0.00,0.00,0.00,0.00,0.00,0.00,0.00,3.70,3.10,2.40,2.50,3.10,1.80,0.20,4.70,3.20,4.90,7.10,8.20,8.60,8.60,9.10,9.90,10.5,10.6,9.40,8.90,8.20,8.50,8.30,8.10,72.0,6.00,0.00,0.00,97.0,98.0,99.0,100.0,21.0,19.0,13.0,15.0,19.0,41.0,34.0,30.0,1.00,4.00,0.00,3.00,4.00,2.00,2.00,2.00,0.00,0.00,0.00,0.00,0.00,0.00,0.00,0.07,0.48,1.29,1.99,2.50,2.74,2.73,2.48,2.34,1.74,1.04,0.33,0.00,0.00,0.00,0.00,0.00
2025-10-03,5,0,10,秋,11680.00,0.06,2400.00,12,32.2,24.7,28.1,0.0,19.65,8.3,5.1,8.9,7.5,0.61,11,8,0,高辐射,晴天,0.00,0.00,0.00,0.00,0.00,0.00,80.0,480.0,1200.0,1520.0,2400.0,1571.2,1334.0,1414.8,480.0,428.4,611.6,160.0,0.00,0.00,0.00,0.00,0.00,0.00,26.2,25.9,25.7,25.6,25.2,25.1,24.7,25.0,27.1,28.7,30.1,31.2,31.8,32.2,32.0,32.2,32.0,31.0,28.8,27.5,27.1,26.7,26.2,25.8,0.00,0.00,0.00,0.00,0.00,0.00,0.00,0.00,0.00,0.00,0.00,0.00,0.00,0.00,0.00,0.00,0.00,0.00,0.00,0.00,0.00,0.00,0.00,0.00,7.60,7.20,5.60,4.40,3.30,1.20,0.70,2.80,2.90,5.00,4.90,5.10,5.90,7.40,4.90,3.70,5.30,8.90,8.70,7.30,5.60,5.40,4.20,4.50,1.00,0.00,2.00,3.00,4.00,2.00,3.00,16.0,13.0,13.0,11.0,17.0,27.0,29.0,21.0,6.00,8.00,8.00,2.00,2.00,9.00,2.00,0.00,0.00,0.00,0.00,0.00,0.00,0.00,0.00,0.00,0.08,0.59,1.26,1.99,2.55,2.80,2.84,2.45,2.15,1.63,1.00,0.30,0.00,0.00,0.00,0.00,0.00
2025-10-04,6,1,10,秋,12800.00,0.07,2000.00,10,32.2,24.8,27.7,10.7,18.75,55.3,10.8,19.9,7.4,0.58,11,6,1,高辐射,雨天,0.00,0.00,0.00,0.00,0.00,0.00,0.00,640.0,1040.0,1634.7,1805.3,1920.0,2000.0,1526.3,1377.5,616.2,240.0,0.00,0.00,0.00,0.00,0.00,0.00,0.00,25.4,25.1,24.8,24.9,24.9,24.9,24.8,25.3,27.1,29.2,31.0,32.2,32.2,31.9,32.2,32.1,28.9,27.1,26.5,25.8,27.1,27.1,26.7,26.7,0.00,0.00,0.00,0.00,0.00,0.00,0.00,0.00,0.00,0.00,0.00,0.00,0.00,0.40,2.00,0.00,2.60,3.90,0.50,0.60,0.70,0.00,0.00,0.00,4.50,3.90,3.20,3.40,5.20,6.80,7.50,7.80,5.20,7.40,10.1,11.8,13.3,15.0,13.4,12.3,9.60,14.8,12.4,14.7,18.4,19.2,18.5,19.9,0.00,2.00,45.0,84.0,96.0,96.0,47.0,2.00,0.00,0.00,4.00,21.0,37.0,58.0,44.0,62.0,95.0,99.0,100.0,100.0,100.0,67.0,82.0,85.0,0.00,0.00,0.00,0.00,0.00,0.00,0.00,0.07,0.62,1.38,2.07,2.55,2.80,2.67,2.31,2.10,1.29,0.77,0.11,0.00,0.00,0.00,0.00,0.00
2025-10-05,0,1,10,秋,3520.00,0.02,951.00,11,28.8,25.0,26.2,9.5,11.07,99.3,22.3,31.6,3.8,0.34,11,0,2,中等辐射,雨天,0.00,0.00,0.00,0.00,0.00,0.00,0.00,320.0,160.0,120.5,279.5,160.0,880.1,951.0,168.9,93.0,227.0,160.0,0.00,0.00,0.00,0.00,0.00,0.00,26.0,25.8,25.6,25.3,25.2,25.2,25.3,25.4,26.9,25.5,26.3,27.1,28.8,28.1,27.9,27.2,25.9,26.5,26.7,26.6,25.9,25.3,25.0,25.2,0.30,0.20,0.30,0.30,0.20,0.00,0.30,0.30,0.70,1.30,0.60,0.50,0.00,0.60,0.80,0.40,0.70,0.10,1.10,0.10,0.00,0.50,0.20,0.00,20.2,21.1,20.5,22.3,24.0,25.4,25.5,26.5,28.4,31.6,30.4,24.9,23.9,23.3,22.7,27.2,19.3,21.8,20.6,16.8,14.5,16.6,14.8,14.1,97.0,91.0,100.0,100.0,100.0,100.0,100.0,100.0,100.0,100.0,100.0,100.0,100.0,100.0,100.0,100.0,100.0,100.0,100.0,100.0,100.0,94.0,100.0,100.0,0.00,0.00,0.00,0.00,0.00,0.00,0.00,0.05,0.31,0.71,0.80,1.21,1.05,1.68,2.07,1.55,0.76,0.65,0.23,0.00,0.00,0.00,0.00,0.00
2025-10-06,1,0,10,秋,11280.00,0.06,1869.00,11,31.1,25.1,27.4,2.8,17.70,67.5,12.2,18.0,6.0,0.55,11,3,3,高辐射,阴天,0.00,0.00,0.00,0.00,0.00,0.00,0.00,480.0,960.0,836.5,1338.5,977.6,1687.4,1869.0,1342.3,1068.7,480.0,240.0,0.00,0.00,0.00,0.00,0.00,0.00,25.8,26.0,25.9,25.9,25.5,25.2,25.1,25.8,26.8,26.3,28.7,30.0,28.9,30.3,31.1,30.7,30.0,29.1,27.8,26.8,26.6,26.4,26.1,25.9,0.00,0.00,0.00,0.00,0.00,0.10,0.10,0.10,0.00,0.80,0.10,0.00,1.50,0.00,0.10,0.00,0.00,0.00,0.00,0.00,0.00,0.00,0.00,0.00,15.7,14.3,13.9,14.3,12.5,11.2,11.6,13.2,14.7,18.0,14.9,14.3,11.5,11.3,13.9,13.0,11.8,10.7,8.30,8.90,9.20,8.90,8.60,7.90,100.0,100.0,100.0,99.0,98.0,100.0,92.0,23.0,65.0,62.0,30.0,41.0,65.0,70.0,100.0,100.0,100.0,100.0,52.0,93.0,31.0,0.00,0.00,0.00,0.00,0.00,0.00,0.00,0.00,0.00,0.00,0.06,0.56,0.99,1.89,2.16,2.54,2.22,2.40,2.20,1.53,0.89,0.25,0.00,0.00,0.00,0.00,0.00
2025-10-07,2,0,10,秋,13920.00,0.07,2055.30,11,32.6,24.4,28.0,0.1,18.82,30.7,4.0,7.7,8.2,0.59,11,8,0,高辐射,多云,0.00,0.00,0.00,0.00,0.00,0.00,0.00,480.0,880.0,1864.7,2055.3,1920.0,1840.0,1759.9,1680.1,960.0,320.0,160.0,0.00,0.00,0.00,0.00,0.00,0.00,25.5,25.1,24.6,24.5,24.5,24.4,24.6,24.9,26.1,28.0,29.8,31.2,31.9,32.2,32.3,32.6,32.2,31.6,30.5,29.1,27.7,26.9,26.3,25.8,0.00,0.00,0.00,0.00,0.00,0.00,0.00,0.00,0.00,0.00,0.00,0.00,0.00,0.10,0.00,0.00,0.00,0.00,0.00,0.00,0.00,0.00,0.00,0.00,6.40,4.20,1.90,3.40,3.00,2.30,4.80,3.80,4.40,3.50,4.20,4.70,3.90,4.50,3.30,4.30,4.60,3.50,1.60,0.90,5.70,7.70,5.60,4.80,0.00,0.00,0.00,98.0,98.0,99.0,99.0,100.0,45.0,27.0,0.00,5.00,17.0,23.0,12.0,14.0,21.0,16.0,10.0,9.00,5.00,20.0,10.0,9.00,0.00,0.00,0.00,0.00,0.00,0.00,0.00,0.05,0.42,1.12,2.00,2.55,2.79,2.69,2.41,2.14,1.53,0.88,0.24,0.00,0.00,0.00,0.00,0.00
2025-10-08,3,0,10,秋,12400.00,0.06,1840.00,12,33.4,24.4,28.4,0.0,19.21,27.5,6.4,10.3,9.0,0.61,11,9,0,高辐射,多云,0.00,0.00,0.00,0.00,0.00,0.00,80.0,440.0,1080.0,1520.0,1776.4,1552.5,1711.1,1840.0,1191.5,568.5,480.0,160.0,0.00,0.00,0.00,0.00,0.00,0.00,25.5,25.5,25.4,25.0,24.7,24.6,24.4,24.7,28.2,30.2,31.4,32.0,32.4,33.0,33.4,33.0,31.8,30.6,29.1,28.0,27.9,27.6,27.1,26.6,0.00,0.00,0.00,0.00,0.00,0.00,0.00,0.00,0.00,0.00,0.00,0.00,0.00,0.00,0.00,0.00,0.00,0.00,0.00,0.00,0.00,0.00,0.00,0.00,5.00,4.80,2.70,3.40,4.00,4.70,2.50,5.00,3.60,6.50,7.10,7.50,8.10,7.90,9.40,9.90,10.3,9.80,7.20,5.50,9.70,7.90,6.90,3.90,0.00,0.00,5.00,98.0,98.0,96.0,8.00,7.00,4.00,2.00,4.00,25.0,19.0,8.00,15.0,38.0,54.0,73.0,45.0,50.0,7.00,4.00,0.00,1.00,0.00,0.00,0.00,0.00,0.00,0.00,0.00,0.07,0.59,1.35,2.05,2.51,2.56,2.81,2.51,2.10,1.55,0.88,0.23,0.00,0.00,0.00,0.00,0.00
2025-10-09,4,0,10,秋,14400.00,0.07,2343.20,12,32.2,25.0,28.0,0.7,18.43,29.0,5.7,9.9,7.2,0.59,11,7,0,高辐射,多云,0.00,0.00,0.00,0.00,0.00,0.00,80.0,418.5,1101.5,1552.6,1967.4,2213.8,2292.9,2343.2,1230.1,640.0,400.0,160.0,0.00,0.00,0.00,0.00,0.00,0.00,26.2,26.3,25.0,25.2,25.3,25.2,25.0,25.4,26.2,27.4,28.7,30.5,31.3,31.9,32.2,32.0,31.9,31.0,29.2,28.0,27.7,27.5,27.1,26.5,0.00,0.00,0.00,0.00,0.00,0.00,0.00,0.00,0.00,0.40,0.00,0.00,0.00,0.00,0.00,0.20,0.10,0.00,0.00,0.00,0.00,0.00,0.00,0.00,3.80,4.20,1.30,2.20,3.50,4.00,3.20,4.80,5.20,7.20,7.90,7.90,9.70,9.90,9.20,7.80,6.20,6.10,7.80,7.40,9.70,3.70,2.10,1.80,44.0,29.0,69.0,57.0,40.0,9.00,34.0,74.0,63.0,55.0,36.0,17.0,13.0,16.0,23.0,27.0,17.0,18.0,17.0,6.00,16.0,9.00,3.00,4.00,0.00,0.00,0.00,0.00,0.00,0.00,0.00,0.06,0.57,1.28,1.52,2.38,2.73,2.67,2.58,2.05,1.54,0.83,0.22,0.00,0.00,0.00,0.00,0.00
2025-10-10,5,0,10,秋,13440.00,0.07,2256.60,12,33.3,25.0,28.4,0.1,18.57,26.4,5.3,9.6,8.3,0.59,11,8,0,高辐射,多云,0.00,0.00,0.00,0.00,0.00,0.00,80.0,480.0,1066.7,1493.3,2000.0,2256.6,1823.4,1840.0,974.3,465.7,880.0,80.0,0.00,0.00,0.00,0.00,0.00,0.00,26.0,25.5,25.2,25.1,25.1,25.0,25.0,25.3,27.1,29.2,30.6,31.9,32.5,33.1,33.2,33.3,32.4,31.4,29.6,28.0,27.3,27.2,27.0,26.8,0.00,0.00,0.00,0.00,0.00,0.00,0.00,0.00,0.00,0.10,0.00,0.00,0.00,0.00,0.00,0.00,0.00,0.00,0.00,0.00,0.00,0.00,0.00,0.00,1.40,2.30,3.60,3.70,2.80,1.20,1.90,1.90,1.50,3.00,4.60,7.10,8.90,7.60,7.60,7.70,8.00,8.00,9.60,9.60,7.10,6.20,5.70,7.10,0.00,0.00,5.00,18.0,20.0,95.0,76.0,86.0,8.00,22.0,13.0,23.0,22.0,27.0,54.0,57.0,16.0,12.0,13.0,8.00,36.0,5.00,11.0,6.00,0.00,0.00,0.00,0.00,0.00,0.00,0.00,0.04,0.40,1.28,1.89,2.44,2.69,2.78,2.43,2.04,1.54,0.80,0.22,0.00,0.00,0.00,0.00,0.00
2025-10-11,6,1,10,秋,15600.00,0.08,2240.00,11,33.0,25.3,28.5,1.4,18.83,20.7,7.2,11.5,7.7,0.60,11,7,1,高辐射,阴天,0.00,0.00,0.00,0.00,0.00,0.00,0.00,498.5,1085.5,1756.0,1780.0,2160.0,2240.0,2240.0,1920.0,1280.0,560.0,80.0,0.00,0.00,0.00,0.00,0.00,0.00,26.6,26.3,26.2,26.4,26.4,25.8,25.3,25.6,27.0,28.7,30.0,31.0,31.9,32.7,32.8,33.0,32.6,31.1,28.9,28.1,27.5,27.4,27.1,26.8,0.00,0.00,0.00,0.00,0.00,0.00,0.10,0.20,0.10,0.10,0.40,0.30,0.10,0.10,0.00,0.00,0.00,0.00,0.00,0.00,0.00,0.00,0.00,0.00,7.00,4.70,2.90,4.70,5.20,2.70,2.90,4.50,3.80,5.90,6.60,9.50,10.6,10.0,8.40,8.60,7.60,9.60,10.7,11.5,9.50,9.90,9.10,7.70,3.00,8.00,86.0,58.0,19.0,16.0,28.0,38.0,34.0,23.0,38.0,35.0,11.0,11.0,5.00,11.0,5.00,8.00,2.00,1.00,0.00,1.00,1.00,55.0,0.00,0.00,0.00,0.00,0.00,0.00,0.00,0.06,0.50,1.20,1.77,2.27,2.59,2.84,2.67,2.23,1.59,0.88,0.23,0.00,0.00,0.00,0.00,0.00
2025-10-12,0,1,10,秋,9040.00,0.05,1840.00,12,29.3,24.9,26.6,5.2,9.60,91.6,6.8,13.6,4.4,0.31,11,0,2,低辐射,雨天,0.00,0.00,0.00,0.00,0.00,0.00,80.0,480.0,640.0,160.0,1840.0,1553.5,1806.5,965.8,763.8,430.4,240.0,80.0,0.00,0.00,0.00,0.00,0.00,0.00,26.5,26.3,26.0,25.6,25.4,25.1,24.9,25.1,26.2,27.3,28.0,28.7,29.3,29.2,26.3,27.1,27.7,27.6,26.7,26.0,26.2,26.1,26.2,26.0,0.00,0.00,0.00,0.20,0.30,0.30,0.10,0.10,0.70,0.90,0.20,0.20,0.10,0.60,0.90,0.20,0.00,0.10,0.10,0.00,0.00,0.10,0.00,0.10,5.90,4.20,1.70,0.80,2.30,5.00,3.50,2.30,5.20,7.40,10.1,11.0,9.10,12.9,13.6,8.30,10.1,9.70,9.30,7.90,3.70,5.80,7.60,6.40,69.0,68.0,79.0,85.0,80.0,84.0,81.0,59.0,95.0,100.0,100.0,99.0,100.0,100.0,100.0,100.0,100.0,100.0,100.0,100.0,100.0,100.0,100.0,100.0,0.00,0.00,0.00,0.00,0.00,0.00,0.00,0.05,0.46,0.70,1.24,1.44,1.58,1.44,0.73,0.61,0.80,0.41,0.13,0.00,0.00,0.00,0.00,0.00
2025-10-13,1,0,10,秋,13200.00,0.07,2127.90,11,30.7,25.3,27.5,7.8,14.70,81.7,7.9,13.9,5.4,0.48,11,2,3,中等辐射,雨天,0.00,0.00,0.00,0.00,0.00,0.00,0.00,443.1,1236.9,1520.0,1872.0,1088.0,1040.0,2127.9,1712.1,1200.0,800.0,160.0,0.00,0.00,0.00,0.00,0.00,0.00,25.7,25.7,25.4,25.7,25.4,25.4,25.3,25.6,26.9,28.1,29.5,29.6,30.7,29.9,30.3,30.0,29.3,29.0,27.9,27.0,27.4,27.4,27.1,26.8,0.00,0.00,0.00,0.00,0.00,0.00,0.00,0.10,4.00,0.10,0.30,0.20,0.10,1.20,0.50,0.50,0.80,0.00,0.00,0.00,0.00,0.00,0.00,0.00,7.90,6.90,9.30,7.40,6.90,6.10,6.70,7.80,4.90,7.70,8.10,9.90,9.00,13.9,12.2,11.2,6.50,9.10,4.60,7.90,6.60,7.50,6.50,6.20,100.0,100.0,97.0,100.0,91.0,18.0,43.0,65.0,5.00,59.0,54.0,98.0,100.0,82.0,98.0,88.0,100.0,100.0,99.0,100.0,100.0,98.0,98.0,68.0,0.00,0.00,0.00,0.00,0.00,0.00,0.00,0.05,0.38,1.18,1.77,2.27,1.85,2.37,1.81,1.33,0.95,0.58,0.17,0.00,0.00,0.00,0.00,0.00
2025-10-14,2,0,10,秋,12320.00,0.06,1840.00,11,32.4,25.4,28.2,0.6,17.50,44.3,7.2,11.4,7.0,0.57,11,7,0,高辐射,多云,0.00,0.00,0.00,0.00,0.00,0.00,0.00,560.0,560.0,1520.0,1280.0,1600.0,1351.1,1368.9,1840.0,1280.0,800.0,160.0,0.00,0.00,0.00,0.00,0.00,0.00,26.5,26.1,26.1,26.0,25.8,25.6,25.4,25.6,27.3,28.5,29.8,30.5,31.5,32.4,32.2,31.9,31.3,30.3,28.6,27.6,27.5,27.6,27.2,26.6,0.00,0.10,0.00,0.00,0.00,0.00,0.00,0.00,0.00,0.10,0.10,0.20,0.00,0.00,0.10,0.00,0.00,0.00,0.00,0.00,0.00,0.00,0.00,0.00,6.90,7.30,3.00,4.10,5.90,6.80,7.40,7.70,6.10,7.70,8.20,8.60,10.2,11.4,10.5,10.8,11.2,10.2,8.00,6.90,5.40,4.20,2.80,2.50,45.0,81.0,96.0,52.0,57.0,45.0,35.0,17.0,100.0,98.0,100.0,100.0,100.0,54.0,14.0,16.0,11.0,23.0,7.00,5.00,5.00,2.00,1.00,0.00,0.00,0.00,0.00,0.00,0.00,0.00,0.00,0.05,0.52,1.04,1.71,2.07,2.46,2.56,2.44,2.12,1.50,0.82,0.20,0.00,0.00,0.00,0.00,0.00
2025-10-15,3,0,10,秋,8080.00,0.04,1680.00,11,33.8,25.1,28.8,0.4,18.52,16.8,6.3,9.9,8.7,0.61,11,8,0,高辐射,晴天,0.00,0.00,0.00,0.00,0.00,0.00,0.00,400.0,1120.0,720.0,1680.0,1440.0,880.0,640.0,400.0,434.3,285.7,80.0,0.00,0.00,0.00,0.00,0.00,0.00,26.1,25.5,25.2,25.1,25.1,25.1,25.2,25.5,27.2,29.6,30.7,31.4,32.5,33.4,33.8,33.7,33.1,31.9,30.0,28.7,28.4,28.5,28.2,28.0,0.00,0.00,0.00,0.00,0.00,0.00,0.00,0.00,0.00,0.00,0.20,0.20,0.00,0.00,0.00,0.00,0.00,0.00,0.00,0.00,0.00,0.00,0.00,0.00,1.00,1.10,2.10,5.10,5.50,4.40,4.70,5.90,3.10,5.00,7.10,6.70,6.20,8.00,8.00,9.60,9.50,9.90,9.10,8.10,8.20,7.10,7.80,9.10,0.00,2.00,14.0,26.0,97.0,7.00,3.00,2.00,3.00,14.0,34.0,31.0,22.0,23.0,5.00,13.0,9.00,4.00,1.00,1.00,8.00,28.0,29.0,27.0,0.00,0.00,0.00,0.00,0.00,0.00,0.00,0.05,0.55,1.26,1.81,2.19,2.58,2.72,2.62,2.17,1.53,0.84,0.20,0.00,0.00,0.00,0.00,0.00
2025-10-16,4,0,10,秋,13680.00,0.07,2000.00,11,33.0,25.8,29.4,0.1,17.14,18.6,7.9,11.3,7.2,0.57,11,10,0,高辐射,晴天,0.00,0.00,0.00,0.00,0.00,0.00,0.00,320.0,880.0,1200.0,1680.0,1920.0,2000.0,1920.0,1738.5,1221.5,720.0,80.0,0.00,0.00,0.00,0.00,0.00,0.00,27.6,27.1,27.0,26.7,26.3,26.0,25.8,26.2,28.1,30.2,31.5,32.3,32.2,32.8,32.9,33.0,32.9,31.9,30.3,29.3,29.2,28.8,28.5,28.1,0.00,0.00,0.00,0.00,0.00,0.00,0.00,0.00,0.00,0.00,0.00,0.00,0.10,0.00,0.00,0.00,0.00,0.00,0.00,0.00,0.00,0.00,0.00,0.00,9.40,8.90,5.30,4.20,4.20,5.60,6.50,6.90,5.30,7.90,10.6,11.3,9.60,6.70,10.3,8.80,8.70,8.90,8.20,7.50,8.20,7.10,9.80,9.10,7.00,2.00,5.00,3.00,6.00,10.0,11.0,13.0,3.00,9.00,15.0,23.0,29.0,46.0,14.0,48.0,11.0,30.0,34.0,25.0,38.0,18.0,27.0,20.0,0.00,0.00,0.00,0.00,0.00,0.00,0.00,0.05,0.52,1.22,1.84,2.29,2.32,2.15,2.28,2.03,1.46,0.80,0.18,0.00,0.00,0.00,0.00,0.00
2025-10-17,5,0,10,秋,12640.00,0.07,2240.00,12,34.1,24.4,29.3,0.2,18.34,14.3,7.4,11.2,9.7,0.61,11,9,0,高辐射,晴天,0.00,0.00,0.00,0.00,0.00,0.00,80.0,377.1,1187.3,1635.6,2080.0,2240.0,1360.0,1600.0,1200.0,240.0,480.0,160.0,0.00,0.00,0.00,0.00,0.00,0.00,27.6,27.1,26.4,26.6,25.4,25.0,24.4,24.4,27.4,29.9,31.4,32.6,33.5,34.1,34.0,34.0,33.5,32.5,31.0,29.6,29.2,28.6,28.0,27.6,0.00,0.00,0.00,0.10,0.10,0.00,0.00,0.00,0.00,0.00,0.00,0.00,0.00,0.00,0.00,0.00,0.00,0.00,0.00,0.00,0.00,0.00,0.00,0.00,6.90,6.20,11.2,5.90,7.20,6.10,6.10,4.00,3.90,9.40,10.3,9.90,9.40,6.80,6.30,7.40,8.10,10.1,9.00,7.80,6.90,5.90,7.60,6.10,5.00,1.00,27.0,50.0,40.0,23.0,7.00,0.00,2.00,8.00,7.00,16.0,13.0,20.0,16.0,21.0,12.0,6.00,14.0,22.0,9.00,6.00,14.0,5.00,0.00,0.00,0.00,0.00,0.00,0.00,0.00,0.05,0.54,1.29,1.90,2.40,2.58,2.61,2.50,2.04,1.45,0.79,0.19,0.00,0.00,0.00,0.00,0.00
2025-10-18,6,1,10,秋,14000.00,0.07,2120.00,11,35.6,25.1,29.8,0.0,18.28,18.2,6.4,10.4,10.5,0.61,11,10,0,高辐射,晴天,0.00,0.00,0.00,0.00,0.00,0.00,0.00,400.0,960.0,1600.0,1520.0,2000.0,2120.0,2013.3,1513.5,1233.2,560.0,80.0,0.00,0.00,0.00,0.00,0.00,0.00,27.2,26.8,26.2,25.7,25.4,25.2,25.1,25.3,27.6,30.1,32.1,33.5,34.5,35.3,35.1,35.6,35.1,34.1,31.4,29.5,28.7,28.5,28.2,27.8,0.00,0.00,0.00,0.00,0.00,0.00,0.00,0.00,0.00,0.00,0.00,0.00,0.00,0.00,0.00,0.00,0.00,0.00,0.00,0.00,0.00,0.00,0.00,0.00,4.80,2.40,0.60,4.70,4.60,5.40,6.00,5.10,3.20,5.70,8.40,10.3,10.4,8.80,8.40,9.60,9.50,6.70,8.30,9.30,7.30,5.20,5.10,3.20,5.00,2.00,9.00,16.0,8.00,15.0,95.0,63.0,5.00,10.0,17.0,15.0,9.00,5.00,5.00,13.0,20.0,20.0,33.0,41.0,16.0,5.00,5.00,4.00,0.00,0.00,0.00,0.00,0.00,0.00,0.00,0.05,0.51,1.25,1.88,2.30,2.66,2.70,2.53,2.11,1.39,0.73,0.17,0.00,0.00,0.00,0.00,0.00
2025-10-19,0,1,10,秋,10000.00,0.05,1705.70,11,33.7,24.5,28.8,0.4,18.51,37.5,12.2,19.0,9.2,0.62,11,10,0,高辐射,多云,0.00,0.00,0.00,0.00,0.00,0.00,0.00,179.0,452.1,808.9,1371.4,1268.6,1360.0,1705.7,1494.3,960.0,320.0,80.0,0.00,0.00,0.00,0.00,0.00,0.00,27.2,26.7,26.7,25.7,25.5,24.8,24.7,24.5,26.7,28.6,30.4,31.7,32.8,33.7,33.1,33.7,33.6,32.7,31.1,30.4,27.5,27.2,26.9,26.3,0.00,0.00,0.30,0.00,0.00,0.00,0.00,0.10,0.00,0.00,0.00,0.00,0.00,0.00,0.00,0.00,0.00,0.00,0.00,0.00,0.00,0.00,0.00,0.00,2.80,5.60,9.10,14.4,4.40,3.60,10.1,7.00,10.2,12.9,13.7,14.5,15.2,14.7,13.9,13.8,15.1,15.5,13.9,16.4,19.0,16.4,15.5,14.6,2.00,9.00,16.0,29.0,26.0,38.0,28.0,45.0,22.0,33.0,11.0,26.0,5.00,12.0,8.00,11.0,8.00,27.0,88.0,80.0,100.0,95.0,93.0,88.0,0.00,0.00,0.00,0.00,0.00,0.00,0.00,0.04,0.48,1.21,1.93,2.35,2.66,2.76,2.50,2.15,1.49,0.79,0.16,0.00,0.00,0.00,0.00,0.00
2025-10-20,1,0,10,秋,9280.00,0.05,1840.00,11,31.1,23.1,26.3,0.1,15.01,91.5,17.9,21.7,8.0,0.51,10,3,1,高辐射,雨天,0.00,0.00,0.00,0.00,0.00,0.00,80.0,240.0,960.0,1120.0,1440.0,1840.0,980.0,1702.3,677.7,160.0,80.0,0.00,0.00,0.00,0.00,0.00,0.00,0.00,25.6,24.9,24.7,24.3,24.0,23.6,23.4,23.4,24.4,25.8,26.8,28.1,29.2,31.1,30.1,30.4,29.1,29.0,27.8,26.5,25.8,25.0,24.6,23.1,0.00,0.00,0.00,0.00,0.00,0.00,0.00,0.00,0.00,0.00,0.00,0.00,0.00,0.00,0.00,0.00,0.00,0.00,0.00,0.00,0.00,0.00,0.00,0.10,14.8,14.4,14.0,14.3,14.8,15.5,16.4,15.6,15.5,17.4,18.3,18.9,19.6,21.1,21.7,21.1,19.8,20.5,21.5,19.7,18.1,19.3,19.5,17.8,66.0,20.0,54.0,77.0,100.0,96.0,88.0,98.0,100.0,100.0,100.0,100.0,100.0,100.0,100.0,100.0,98.0,100.0,100.0,100.0,100.0,100.0,100.0,100.0,0.00,0.00,0.00,0.00,0.00,0.00,0.00,0.05,0.50,1.07,1.37,1.84,2.12,2.57,2.46,1.46,0.82,0.67,0.08,0.00,0.00,0.00,0.00,0.00
2025-10-21,2,0,10,秋,4800.00,0.03,865.40,10,22.2,18.4,20.5,1.4,5.41,100.0,16.7,19.9,3.8,0.18,10,0,2,低辐射,雨天,0.00,0.00,0.00,0.00,0.00,0.00,0.00,87.6,232.4,800.0,865.4,814.6,720.0,443.7,356.3,368.0,112.0,0.00,0.00,0.00,0.00,0.00,0.00,0.00,21.9,21.0,21.4,21.6,21.1,20.9,20.6,20.2,20.2,20.5,21.4,22.2,22.2,21.8,21.2,21.4,20.1,18.8,18.5,18.4,19.3,20.0,19.6,18.8,0.00,0.00,0.00,0.00,0.00,0.00,0.00,0.00,0.00,0.00,0.00,0.00,0.40,0.20,0.10,0.00,0.10,0.20,0.10,0.10,0.10,0.00,0.00,0.10,17.6,14.5,14.7,18.8,17.4,18.8,17.6,16.2,17.0,17.3,16.9,19.2,17.4,15.8,14.1,16.6,16.5,17.2,14.8,14.8,14.1,16.6,19.9,18.0,100.0,100.0,100.0,100.0,100.0,100.0,100.0,100.0,100.0,100.0,100.0,100.0,100.0,100.0,100.0,100.0,100.0,100.0,100.0,100.0,100.0,100.0,100.0,100.0,0.00,0.00,0.00,0.00,0.00,0.00,0.00,0.01,0.20,0.34,0.45,0.86,1.31,0.67,0.76,0.44,0.22,0.10,0.04,0.00,0.00,0.00,0.00,0.00
2025-10-22,3,0,10,秋,3360.00,0.02,610.00,10,17.8,14.8,16.1,9.4,4.11,100.0,15.4,17.8,3.0,0.14,10,0,3,极低辐射,雨天,0.00,0.00,0.00,0.00,0.00,0.00,0.00,80.0,195.6,264.4,530.0,610.0,532.7,427.3,400.0,240.0,80.0,0.00,0.00,0.00,0.00,0.00,0.00,0.00,17.8,17.1,16.9,17.5,17.3,17.2,17.1,17.1,15.0,15.3,16.0,16.5,16.7,16.3,16.0,15.7,15.6,15.4,15.2,14.8,15.0,15.2,15.3,15.3,0.30,0.20,0.20,0.10,0.00,0.00,0.00,0.10,0.40,1.40,0.40,0.60,0.80,0.60,0.40,0.60,0.60,0.50,0.70,1.00,0.40,0.10,0.00,0.00,15.6,14.6,16.0,15.3,16.7,15.5,15.0,15.1,15.9,17.1,13.9,13.3,16.0,15.9,15.6,17.0,16.4,17.8,16.7,16.0,15.7,13.8,11.9,14.0,100.0,100.0,100.0,100.0,100.0,100.0,100.0,100.0,100.0,100.0,100.0,100.0,100.0,100.0,100.0,100.0,100.0,100.0,100.0,100.0,100.0,100.0,100.0,100.0,0.00,0.00,0.00,0.00,0.00,0.00,0.00,0.01,0.11,0.23,0.38,0.49,0.70,0.43,0.82,0.37,0.39,0.16,0.03,0.00,0.00,0.00,0.00,0.00
2025-10-23,4,0,10,秋,7680.00,0.04,1197.80,11,21.4,15.2,18.2,0.9,8.46,99.8,13.8,16.6,6.2,0.29,10,0,4,低辐射,雨天,0.00,0.00,0.00,0.00,0.00,0.00,0.00,160.0,480.0,800.0,1197.8,1197.5,1124.7,1148.8,651.2,600.0,240.0,80.0,0.00,0.00,0.00,0.00,0.00,0.00,15.3,15.2,15.6,15.5,15.2,15.2,15.3,15.6,15.2,16.8,18.2,19.4,20.5,20.4,20.7,21.4,21.0,20.4,20.4,20.5,19.9,20.2,20.0,19.7,0.00,0.10,0.50,0.20,0.10,0.00,0.00,0.00,0.00,0.00,0.00,0.00,0.00,0.00,0.00,0.00,0.00,0.00,0.00,0.00,0.00,0.00,0.00,0.00,13.3,13.1,15.1,14.8,14.4,14.6,14.3,12.8,13.4,14.3,13.2,14.9,16.0,16.6,15.2,15.7,13.7,9.80,10.5,11.0,12.7,13.5,13.6,14.7,100.0,100.0,100.0,100.0,100.0,100.0,100.0,100.0,100.0,100.0,100.0,100.0,100.0,100.0,100.0,100.0,100.0,100.0,100.0,100.0,100.0,98.0,98.0,100.0,0.00,0.00,0.00,0.00,0.00,0.00,0.00,0.02,0.27,0.57,0.78,0.94,1.67,1.09,1.01,1.13,0.69,0.23,0.06,0.00,0.00,0.00,0.00,0.00
2025-10-24,5,0,10,秋,9280.00,0.05,1720.00,11,23.7,18.2,20.6,0.0,9.64,90.1,11.1,14.3,5.5,0.33,11,0,5,低辐射,雨天,0.00,0.00,0.00,0.00,0.00,0.00,0.00,160.0,640.0,960.0,1040.0,1125.2,1314.8,1720.0,1280.0,720.0,240.0,80.0,0.00,0.00,0.00,0.00,0.00,0.00,19.4,19.0,19.4,19.1,18.7,18.6,18.4,18.2,19.1,19.5,20.0,21.0,21.9,22.8,23.5,23.7,23.6,23.1,21.8,21.1,21.0,20.9,20.7,20.5,0.00,0.00,0.00,0.00,0.00,0.00,0.00,0.00,0.00,0.00,0.00,0.00,0.00,0.00,0.00,0.00,0.00,0.00,0.00,0.00,0.00,0.00,0.00,0.00,13.3,12.2,10.3,10.7,10.7,11.6,11.8,11.9,12.4,14.3,14.2,13.5,14.1,14.3,13.0,12.4,12.4,10.1,7.50,6.30,9.00,6.90,6.90,7.60,99.0,100.0,100.0,100.0,100.0,100.0,100.0,97.0,100.0,100.0,100.0,100.0,93.0,100.0,97.0,100.0,85.0,64.0,99.0,100.0,100.0,81.0,28.0,20.0,0.00,0.00,0.00,0.00,0.00,0.00,0.00,0.02,0.24,0.43,0.77,0.97,1.21,1.65,1.53,1.34,0.91,0.45,0.12,0.00,0.00,0.00,0.00,0.00
2025-10-25,6,1,10,秋,9600.00,0.05,1520.00,11,27.0,18.7,22.5,0.0,13.27,42.5,9.4,11.8,8.3,0.46,11,0,0,中等辐射,多云,0.00,0.00,0.00,0.00,0.00,0.00,0.00,160.0,240.0,880.0,1040.0,880.0,1280.0,1520.0,1440.0,1360.0,720.0,80.0,0.00,0.00,0.00,0.00,0.00,0.00,20.1,19.9,19.6,19.4,19.3,19.2,18.7,18.7,20.6,21.5,22.4,24.1,25.7,26.6,26.6,26.7,27.0,26.4,24.5,23.7,23.0,22.6,22.2,21.9,0.00,0.00,0.00,0.00,0.00,0.00,0.00,0.00,0.00,0.00,0.00,0.00,0.00,0.00,0.00,0.00,0.00,0.00,0.00,0.00,0.00,0.00,0.00,0.00,7.80,8.30,8.50,8.70,8.40,8.60,9.40,9.60,8.80,10.5,10.4,11.4,11.8,11.0,10.5,9.90,10.1,9.40,7.20,8.30,10.0,8.90,8.50,8.50,12.0,20.0,26.0,54.0,83.0,48.0,5.00,33.0,100.0,100.0,97.0,100.0,95.0,100.0,73.0,14.0,23.0,16.0,4.00,1.00,2.00,5.00,1.00,7.00,0.00,0.00,0.00,0.00,0.00,0.00,0.00,0.04,0.47,0.52,0.83,1.61,2.24,1.98,1.91,1.45,1.33,0.74,0.14,0.00,0.00,0.00,0.00,0.00
2025-10-26,0,1,10,秋,11840.00,0.06,2236.50,10,29.6,21.1,24.6,0.0,18.29,46.0,11.0,13.9,8.5,0.64,11,0,0,高辐射,多云,0.00,0.00,0.00,0.00,0.00,0.00,0.00,80.0,331.4,628.6,1140.0,2063.5,2236.5,2000.0,1760.0,1200.0,400.0,0.00,0.00,0.00,0.00,0.00,0.00,0.00,21.7,21.6,22.2,22.2,21.8,21.3,21.1,21.1,22.2,23.5,24.8,26.4,27.7,28.7,29.3,29.6,29.4,28.6,26.6,25.4,24.5,24.1,23.8,23.1,0.00,0.00,0.00,0.00,0.00,0.00,0.00,0.00,0.00,0.00,0.00,0.00,0.00,0.00,0.00,0.00,0.00,0.00,0.00,0.00,0.00,0.00,0.00,0.00,8.40,8.50,10.3,9.80,9.90,8.90,9.30,10.6,10.5,12.9,13.6,13.7,13.0,13.0,12.4,12.6,11.9,11.3,7.50,7.20,13.9,12.7,11.4,11.4,10.0,9.00,100.0,1.00,5.00,9.00,31.0,67.0,10.0,19.0,19.0,0.00,44.0,76.0,80.0,18.0,30.0,27.0,99.0,91.0,83.0,82.0,100.0,94.0,0.00,0.00,0.00,0.00,0.00,0.00,0.00,0.03,0.41,1.16,1.86,2.38,2.71,2.75,2.53,2.10,1.47,0.74,0.14,0.00,0.00,0.00,0.00,0.00
2025-10-27,1,0,10,秋,7760.00,0.04,1600.00,11,26.2,20.1,22.4,0.0,11.03,85.0,10.0,12.8,6.1,0.39,10,0,1,中等辐射,雨天,0.00,0.00,0.00,0.00,0.00,0.00,80.0,80.0,240.0,546.6,893.4,960.0,1600.0,1440.0,1136.0,544.0,240.0,0.00,0.00,0.00,0.00,0.00,0.00,0.00,22.9,22.3,21.3,20.7,20.5,20.3,20.2,20.1,20.7,21.4,23.3,24.2,25.3,26.2,25.0,25.0,24.2,23.2,22.4,22.4,21.7,21.8,21.6,21.6,0.00,0.00,0.00,0.00,0.00,0.00,0.00,0.00,0.00,0.00,0.00,0.00,0.00,0.00,0.00,0.00,0.00,0.00,0.00,0.00,0.00,0.00,0.00,0.00,11.2,11.9,12.6,11.7,10.6,10.4,9.80,10.0,11.5,12.4,12.8,12.4,11.9,11.9,11.9,11.9,9.50,8.00,7.50,7.40,6.10,3.70,5.90,7.70,81.0,43.0,77.0,100.0,100.0,100.0,100.0,100.0,99.0,84.0,88.0,78.0,51.0,41.0,100.0,100.0,100.0,92.0,98.0,75.0,100.0,84.0,91.0,59.0,0.00,0.00,0.00,0.00,0.00,0.00,0.00,0.02,0.18,0.56,1.56,1.63,1.96,2.10,1.67,0.67,0.35,0.23,0.10,0.00,0.00,0.00,0.00,0.00
2025-10-28,2,0,10,秋,6000.00,0.03,1087.30,11,24.8,19.0,21.5,2.9,8.70,91.1,9.9,13.2,5.8,0.31,11,0,2,低辐射,雨天,0.00,0.00,0.00,0.00,0.00,0.00,80.0,200.0,340.0,580.0,800.0,995.1,1087.3,794.9,562.7,400.0,160.0,0.00,0.00,0.00,0.00,0.00,0.00,0.00,21.4,21.2,21.4,20.1,19.4,19.4,19.2,19.4,19.0,20.2,21.5,22.1,22.3,23.1,24.6,24.8,24.0,23.1,22.2,21.8,21.1,21.2,21.4,21.5,0.00,0.00,0.00,1.90,0.50,0.00,0.00,0.00,0.00,0.00,0.00,0.00,0.00,0.30,0.00,0.00,0.20,0.00,0.00,0.00,0.00,0.00,0.00,0.00,8.10,9.30,11.5,13.2,12.8,10.5,9.70,9.80,10.3,9.60,8.70,8.50,9.60,11.6,12.3,11.2,10.5,11.0,8.70,9.60,7.50,6.60,8.90,9.10,52.0,38.0,100.0,91.0,97.0,61.0,100.0,100.0,100.0,66.0,100.0,100.0,100.0,99.0,85.0,100.0,99.0,100.0,100.0,98.0,100.0,100.0,100.0,100.0,0.00,0.00,0.00,0.00,0.00,0.00,0.00,0.01,0.12,0.65,1.36,1.16,0.83,1.49,0.95,1.24,0.40,0.38,0.10,0.00,0.00,0.00,0.00,0.00
2025-10-29,3,0,10,秋,6560.00,0.03,1076.50,10,27.0,20.1,23.2,0.0,10.03,90.4,6.5,11.7,6.9,0.36,10,0,3,中等辐射,雨天,0.00,0.00,0.00,0.00,0.00,0.00,0.00,80.0,368.0,702.2,973.3,1076.5,880.0,960.0,720.0,456.8,343.2,0.00,0.00,0.00,0.00,0.00,0.00,0.00,21.4,20.9,20.4,20.3,20.1,20.6,20.8,20.8,21.2,22.5,24.2,24.9,26.0,25.9,26.1,26.7,27.0,26.7,25.2,24.1,23.4,22.8,22.5,22.0,0.00,0.00,0.00,0.00,0.00,0.00,0.00,0.00,0.00,0.00,0.00,0.00,0.00,0.00,0.00,0.00,0.00,0.00,0.00,0.00,0.00,0.00,0.00,0.00,9.50,8.00,6.30,7.00,7.00,8.00,8.10,8.10,7.10,7.30,8.80,10.8,11.0,11.7,5.60,3.60,3.60,5.00,4.60,6.10,4.20,2.90,1.50,1.20,100.0,100.0,100.0,100.0,100.0,100.0,100.0,100.0,91.0,86.0,100.0,42.0,100.0,100.0,100.0,100.0,100.0,74.0,99.0,59.0,100.0,100.0,99.0,19.0,0.00,0.00,0.00,0.00,0.00,0.00,0.00,0.01,0.21,0.71,1.36,1.31,1.97,1.31,0.99,1.01,0.66,0.41,0.09,0.00,0.00,0.00,0.00,0.00
2025-10-30,4,0,10,秋,0.00,0.00,0.00,0,29.0,21.5,24.6,0.0,14.55,62.2,6.5,11.1,7.5,0.52,11,0,0,中等辐射,阴天,0.00,0.00,0.00,0.00,0.00,0.00,0.00,0.00,0.00,0.00,0.00,0.00,0.00,0.00,0.00,0.00,0.00,0.00,0.00,0.00,0.00,0.00,0.00,0.00,21.6,21.5,21.5,21.7,21.6,21.7,21.7,21.7,22.8,25.0,26.7,26.8,27.6,28.1,28.1,29.0,28.9,28.4,26.8,25.6,24.1,23.5,23.0,22.6,0.00,0.00,0.00,0.00,0.00,0.00,0.00,0.00,0.00,0.00,0.00,0.00,0.00,0.00,0.00,0.00,0.00,0.00,0.00,0.00,0.00,0.00,0.00,0.00,1.90,4.40,4.10,4.40,5.80,5.80,6.70,7.30,3.90,6.50,9.30,9.70,8.90,8.60,6.00,4.90,5.20,4.60,6.40,9.00,11.1,8.20,7.40,7.00,100.0,74.0,98.0,99.0,100.0,100.0,94.0,84.0,36.0,45.0,100.0,100.0,69.0,30.0,12.0,5.00,12.0,11.0,11.0,61.0,53.0,29.0,78.0,91.0,0.00,0.00,0.00,0.00,0.00,0.00,0.00,0.03,0.41,1.04,1.67,1.47,1.97,1.90,2.04,1.89,1.36,0.65,0.12,0.00,0.00,0.00,0.00,0.00
2025-10-31,5,0,10,秋,5680.00,0.03,1301.80,10,29.8,22.0,25.3,0.0,14.24,67.8,9.8,12.9,7.8,0.51,10,0,0,中等辐射,阴天,0.00,0.00,0.00,0.00,0.00,0.00,0.00,13.3,61.4,355.5,1005.3,1204.5,1301.8,1063.9,354.3,182.9,137.1,0.00,0.00,0.00,0.00,0.00,0.00,0.00,22.3,22.0,22.2,22.2,22.0,22.1,22.5,22.7,23.8,26.0,27.5,28.8,29.4,29.8,29.6,29.5,28.8,27.7,26.3,25.5,24.4,23.9,23.8,23.4,0.00,0.00,0.00,0.00,0.00,0.00,0.00,0.00,0.00,0.00,0.00,0.00,0.00,0.00,0.00,0.00,0.00,0.00,0.00,0.00,0.00,0.00,0.00,0.00,6.60,7.40,7.30,7.30,6.90,7.30,8.40,9.20,6.10,8.70,10.4,10.7,10.3,9.60,11.2,10.4,12.1,12.9,12.1,12.4,12.3,11.9,11.8,12.7,92.0,98.0,16.0,18.0,6.00,95.0,99.0,75.0,13.0,23.0,21.0,54.0,34.0,46.0,83.0,100.0,98.0,94.0,100.0,100.0,98.0,91.0,79.0,93.0,0.00,0.00,0.00,0.00,0.00,0.00,0.00,0.02,0.31,1.14,1.74,2.23,2.20,2.08,2.08,1.18,0.81,0.37,0.08,0.00,0.00,0.00,0.00,0.00
2025-11-01,6,1,11,秋,12240.00,0.06,2240.00,10,27.2,19.9,23.3,0.1,12.14,95.0,10.0,15.2,7.3,0.44,10,0,1,中等辐射,雨天,0.00,0.00,0.00,0.00,0.00,0.00,0.00,400.0,880.0,1360.0,1840.0,2240.0,1600.0,1920.0,1120.0,640.0,240.0,0.00,0.00,0.00,0.00,0.00,0.00,0.00,22.8,22.3,21.8,22.0,21.7,21.5,20.9,19.9,21.6,22.5,23.4,25.4,26.1,27.2,26.2,26.0,25.8,25.4,24.8,24.0,23.8,22.1,21.4,21.5,0.00,0.00,0.00,0.00,0.00,0.00,0.10,0.00,0.00,0.00,0.00,0.00,0.00,0.00,0.00,0.00,0.00,0.00,0.00,0.00,0.00,0.00,0.00,0.00,14.4,15.2,10.9,10.0,10.4,10.5,12.9,11.2,10.8,11.5,10.8,11.2,10.2,9.40,7.10,7.00,6.20,5.60,7.60,9.80,11.3,9.70,8.00,7.40,98.0,99.0,98.0,48.0,100.0,100.0,86.0,97.0,84.0,100.0,92.0,98.0,99.0,99.0,100.0,100.0,100.0,100.0,100.0,100.0,100.0,100.0,90.0,91.0,0.00,0.00,0.00,0.00,0.00,0.00,0.00,0.02,0.27,0.90,1.09,2.27,2.10,2.15,1.95,0.60,0.52,0.22,0.05,0.00,0.00,0.00,0.00,0.00
2025-11-02,0,1,11,秋,6720.00,0.04,1018.50,10,26.0,20.8,22.9,0.0,11.46,63.5,9.9,13.0,5.2,0.42,10,0,0,中等辐射,阴天,0.00,0.00,0.00,0.00,0.00,0.00,0.00,320.0,480.0,720.0,918.7,622.8,1018.5,848.0,752.0,572.6,467.4,0.00,0.00,0.00,0.00,0.00,0.00,0.00,21.3,21.0,21.4,21.2,21.0,20.9,20.9,20.8,22.4,23.3,24.0,24.5,25.9,26.0,25.7,25.4,25.2,24.0,23.1,22.8,22.5,22.5,21.9,21.3,0.00,0.00,0.00,0.00,0.00,0.00,0.00,0.00,0.00,0.00,0.00,0.00,0.00,0.00,0.00,0.00,0.00,0.00,0.00,0.00,0.00,0.00,0.00,0.00,6.50,6.70,6.10,7.70,8.60,9.00,11.4,10.7,8.60,10.6,11.3,11.8,11.3,10.8,10.9,11.3,12.7,13.0,12.1,11.9,11.3,8.10,6.60,9.00,85.0,73.0,31.0,5.00,3.00,2.00,5.00,9.00,98.0,97.0,98.0,86.0,100.0,38.0,100.0,100.0,73.0,91.0,100.0,94.0,49.0,39.0,53.0,94.0,0.00,0.00,0.00,0.00,0.00,0.00,0.00,0.03,0.45,0.80,1.08,1.21,1.95,1.77,1.59,0.99,1.05,0.46,0.08,0.00,0.00,0.00,0.00,0.00
2025-11-03,1,0,11,秋,4560.00,0.02,1040.00,11,22.6,18.3,20.6,1.9,4.85,94.6,11.6,14.7,4.3,0.18,10,0,1,极低辐射,雨天,0.00,0.00,0.00,0.00,0.00,0.00,80.0,80.0,160.0,480.0,480.0,720.0,1040.0,560.0,400.0,480.0,80.0,0.00,0.00,0.00,0.00,0.00,0.00,0.00,20.9,21.0,21.4,21.6,21.1,20.9,20.2,19.9,20.5,20.9,21.2,21.9,22.1,22.6,21.7,21.6,21.6,20.7,19.7,19.4,18.6,18.6,18.3,18.4,0.00,0.00,0.00,0.00,0.00,0.00,0.00,0.00,0.00,0.00,0.00,0.00,0.00,0.00,1.10,0.00,0.00,0.00,0.00,0.00,0.00,0.80,0.00,0.00,9.10,10.5,9.00,9.60,9.90,12.4,12.9,12.4,11.1,11.6,11.6,11.5,12.5,14.7,14.2,14.2,14.6,13.5,12.0,11.5,7.50,10.3,10.4,11.9,63.0,97.0,79.0,91.0,100.0,95.0,93.0,95.0,100.0,100.0,100.0,100.0,100.0,100.0,100.0,100.0,100.0,100.0,98.0,100.0,99.0,62.0,99.0,100.0,0.00,0.00,0.00,0.00,0.00,0.00,0.00,0.03,0.39,0.28,0.35,0.58,0.67,0.86,0.52,0.37,0.53,0.25,0.04,0.00,0.00,0.00,0.00,0.00
2025-11-04,2,0,11,秋,1360.00,0.01,228.80,9,20.6,17.6,18.9,0.5,6.33,99.9,11.3,14.3,3.0,0.23,10,0,2,低辐射,雨天,0.00,0.00,0.00,0.00,0.00,0.00,0.00,0.00,160.0,80.0,160.0,127.5,192.5,228.8,197.9,133.3,80.0,0.00,0.00,0.00,0.00,0.00,0.00,0.00,18.7,18.8,18.6,18.1,17.9,17.7,17.6,17.7,18.0,18.4,18.9,19.9,20.2,20.6,20.0,20.6,20.3,19.7,19.1,18.7,18.3,18.2,18.3,18.5,0.00,0.00,0.00,0.00,0.00,0.00,0.30,0.10,0.10,0.00,0.00,0.00,0.00,0.00,0.00,0.00,0.00,0.00,0.00,0.00,0.00,0.00,0.00,0.00,10.3,9.90,11.0,10.3,10.1,11.5,10.9,11.0,11.8,12.7,14.3,13.8,13.8,14.0,13.5,14.1,12.5,12.6,11.2,10.7,10.4,6.60,6.30,6.90,100.0,100.0,100.0,100.0,98.0,100.0,100.0,100.0,100.0,100.0,100.0,100.0,100.0,100.0,100.0,100.0,100.0,100.0,100.0,100.0,100.0,100.0,100.0,100.0,0.00,0.00,0.00,0.00,0.00,0.00,0.00,0.01,0.14,0.34,0.59,0.83,0.80,0.89,1.07,0.79,0.47,0.36,0.04,0.00,0.00,0.00,0.00,0.00
2025-11-05,3,0,11,秋,12960.00,0.07,2320.00,10,26.6,17.3,21.7,0.0,16.52,84.2,8.9,12.1,9.3,0.61,11,0,3,高辐射,雨天,0.00,0.00,0.00,0.00,0.00,0.00,0.00,400.0,720.0,1520.0,1360.0,2320.0,2000.0,1840.0,1120.0,1360.0,320.0,0.00,0.00,0.00,0.00,0.00,0.00,0.00,18.5,18.3,18.2,18.1,17.8,17.8,17.3,17.3,18.7,20.4,22.2,23.8,25.2,26.2,26.3,26.6,26.2,25.6,24.2,23.8,22.9,22.1,21.5,21.0,0.00,0.00,0.00,0.00,0.00,0.00,0.00,0.00,0.00,0.00,0.00,0.00,0.00,0.00,0.00,0.00,0.00,0.00,0.00,0.00,0.00,0.00,0.00,0.00,7.60,8.80,9.50,9.80,11.6,12.0,12.1,11.2,10.8,9.60,7.00,6.50,6.80,7.80,8.80,10.0,8.40,8.50,6.60,8.20,8.30,7.80,7.90,7.30,99.0,95.0,94.0,98.0,96.0,89.0,72.0,79.0,73.0,25.0,34.0,83.0,72.0,99.0,100.0,89.0,83.0,85.0,87.0,96.0,94.0,88.0,92.0,98.0,0.00,0.00,0.00,0.00,0.00,0.00,0.00,0.03,0.41,1.11,1.76,2.25,2.55,2.50,2.42,1.52,1.27,0.60,0.10,0.00,0.00,0.00,0.00,0.00
2025-11-06,4,0,11,秋,12320.00,0.06,1927.50,10,28.6,18.6,23.6,0.1,17.11,67.0,8.7,11.7,10.0,0.64,10,0,0,高辐射,阴天,0.00,0.00,0.00,0.00,0.00,0.00,0.00,160.0,800.0,1520.0,1600.0,1927.5,1832.5,1917.2,1442.8,800.0,320.0,0.00,0.00,0.00,0.00,0.00,0.00,0.00,20.5,20.1,19.4,19.2,18.9,18.7,18.6,18.7,20.2,22.7,24.9,26.2,27.3,28.3,28.4,28.6,28.2,27.2,26.4,25.9,25.0,24.4,24.1,24.2,0.00,0.00,0.00,0.00,0.00,0.00,0.00,0.00,0.00,0.00,0.00,0.00,0.00,0.00,0.00,0.00,0.00,0.00,0.00,0.00,0.00,0.00,0.00,0.10,8.10,7.30,6.50,6.80,6.70,7.70,7.90,7.60,6.00,6.80,10.1,11.7,11.4,11.5,10.6,10.3,10.2,9.40,8.00,7.70,9.60,9.40,8.60,8.20,91.0,93.0,96.0,77.0,88.0,80.0,74.0,57.0,34.0,3.00,6.00,23.0,64.0,52.0,9.00,18.0,57.0,100.0,100.0,100.0,100.0,87.0,100.0,100.0,0.00,0.00,0.00,0.00,0.00,0.00,0.00,0.02,0.42,1.12,1.81,2.29,2.52,2.62,2.43,1.97,1.35,0.54,0.03,0.00,0.00,0.00,0.00,0.00
2025-11-07,5,0,11,秋,3280.00,0.02,672.00,10,27.9,23.4,25.0,0.4,7.07,87.7,12.0,14.5,4.5,0.26,10,0,1,低辐射,雨天,0.00,0.00,0.00,0.00,0.00,0.00,0.00,80.0,336.0,304.0,400.0,480.0,400.0,672.0,288.0,240.0,80.0,0.00,0.00,0.00,0.00,0.00,0.00,0.00,24.1,24.0,23.4,23.4,23.4,23.5,23.5,23.6,23.7,23.9,24.1,25.8,26.2,26.9,27.0,27.9,27.1,26.9,26.0,25.5,25.4,25.3,25.2,24.9,0.00,0.00,0.00,0.00,0.00,0.00,0.00,0.00,0.00,0.20,0.20,0.00,0.00,0.00,0.00,0.00,0.00,0.00,0.00,0.00,0.00,0.00,0.00,0.00,7.40,8.50,9.10,10.7,10.9,11.5,13.9,14.5,12.4,12.6,12.2,13.8,13.0,12.5,12.1,13.4,12.1,13.7,12.4,12.0,12.1,11.7,12.1,12.4,100.0,34.0,7.00,89.0,47.0,44.0,100.0,100.0,100.0,100.0,100.0,100.0,100.0,100.0,100.0,100.0,100.0,89.0,100.0,95.0,100.0,100.0,100.0,100.0,0.00,0.00,0.00,0.00,0.00,0.00,0.00,0.01,0.22,0.51,0.55,1.19,1.16,1.01,0.67,1.32,0.19,0.19,0.04,0.00,0.00,0.00,0.00,0.00
2025-11-08,6,1,11,秋,9440.00,0.05,2048.00,10,30.7,23.4,26.2,1.0,12.97,50.4,8.5,13.3,7.3,0.49,10,4,2,中等辐射,阴天,0.00,0.00,0.00,0.00,0.00,0.00,0.00,320.0,800.0,1304.0,1288.0,2048.0,1680.0,1056.2,575.8,288.0,80.0,0.00,0.00,0.00,0.00,0.00,0.00,0.00,24.6,24.1,23.8,23.8,23.7,23.5,23.4,23.5,24.7,26.0,27.6,28.3,29.3,30.2,30.7,30.5,30.4,29.8,27.7,26.2,25.1,24.7,24.3,23.9,0.00,0.10,0.10,0.00,0.10,0.20,0.10,0.10,0.10,0.10,0.10,0.00,0.00,0.00,0.00,0.00,0.00,0.00,0.00,0.00,0.00,0.00,0.00,0.00,11.4,12.1,9.60,10.7,9.90,11.9,12.3,12.4,10.6,13.3,11.5,9.90,7.90,6.70,6.90,6.00,5.50,5.60,7.70,6.90,6.40,4.70,3.40,1.80,81.0,48.0,45.0,60.0,90.0,90.0,93.0,77.0,75.0,84.0,87.0,91.0,84.0,64.0,40.0,11.0,18.0,2.00,13.0,6.00,9.00,21.0,4.00,16.0,0.00,0.00,0.00,0.00,0.00,0.00,0.00,0.01,0.36,0.88,1.61,1.72,1.79,1.98,1.85,1.29,0.91,0.48,0.09,0.00,0.00,0.00,0.00,0.00
2025-11-09,0,1,11,秋,9520.00,0.05,2080.00,12,30.8,23.0,26.1,0.0,13.31,59.5,10.4,17.3,7.8,0.50,10,3,0,中等辐射,阴天,0.00,0.00,0.00,0.00,0.00,0.00,80.0,160.0,800.0,1120.0,1440.0,2080.0,960.0,1280.0,960.0,480.0,80.0,80.0,0.00,0.00,0.00,0.00,0.00,0.00,23.5,23.1,23.7,23.4,23.3,23.4,23.4,23.3,24.7,26.7,28.4,30.0,30.0,30.1,30.8,30.2,29.9,28.8,27.5,27.0,25.3,24.3,23.6,23.0,0.00,0.00,0.00,0.00,0.00,0.00,0.00,0.00,0.00,0.00,0.00,0.00,0.00,0.00,0.00,0.00,0.00,0.00,0.00,0.00,0.00,0.00,0.00,0.00,1.40,5.40,6.00,6.60,6.80,7.50,9.20,9.00,8.70,9.70,10.7,12.6,11.4,9.70,10.1,11.3,13.9,14.1,15.2,17.3,15.1,12.9,12.3,11.7,97.0,20.0,1.00,0.00,88.0,83.0,91.0,76.0,47.0,41.0,48.0,94.0,79.0,54.0,48.0,47.0,37.0,9.00,83.0,66.0,100.0,100.0,99.0,21.0,0.00,0.00,0.00,0.00,0.00,0.00,0.00,0.02,0.39,1.08,1.72,2.21,1.77,1.43,1.79,1.21,1.03,0.58,0.09,0.00,0.00,0.00,0.00,0.00
2025-11-10,1,0,11,秋,10960.00,0.06,1680.00,11,29.3,20.0,23.9,0.0,15.41,90.1,14.6,18.4,9.3,0.58,10,0,1,高辐射,雨天,0.00,0.00,0.00,0.00,0.00,0.00,0.00,240.0,720.0,1200.0,1440.0,1680.0,1520.0,1424.3,1247.7,1008.0,400.0,80.0,0.00,0.00,0.00,0.00,0.00,0.00,22.6,22.2,21.9,21.6,21.1,20.6,20.2,20.0,21.3,22.9,24.4,26.0,27.1,27.5,27.0,29.3,28.2,27.1,26.0,24.7,23.5,23.1,22.7,22.2,0.00,0.00,0.00,0.00,0.00,0.00,0.00,0.00,0.00,0.00,0.00,0.00,0.00,0.00,0.00,0.00,0.00,0.00,0.00,0.00,0.00,0.00,0.00,0.00,12.4,12.6,12.6,12.3,12.7,14.1,13.8,13.7,13.8,14.6,14.9,14.1,14.8,18.0,17.5,18.4,16.8,14.1,14.7,17.1,14.4,14.8,14.2,13.6,71.0,76.0,100.0,98.0,0.00,22.0,100.0,100.0,100.0,100.0,100.0,100.0,100.0,100.0,100.0,96.0,100.0,100.0,100.0,100.0,100.0,100.0,100.0,100.0,0.00,0.00,0.00,0.00,0.00,0.00,0.00,0.02,0.40,1.06,1.70,2.25,2.51,2.47,2.19,1.35,0.82,0.55,0.09,0.00,0.00,0.00,0.00,0.00
2025-11-11,2,0,11,秋,5360.00,0.03,1200.00,10,24.8,19.9,22.1,0.0,8.30,94.3,16.4,19.0,4.9,0.32,10,0,2,低辐射,雨天,0.00,0.00,0.00,0.00,0.00,0.00,0.00,80.0,240.0,560.0,640.0,1200.0,1173.3,586.7,304.0,336.0,240.0,0.00,0.00,0.00,0.00,0.00,0.00,0.00,21.6,21.0,21.2,21.0,20.8,20.5,20.3,20.1,20.9,21.7,22.5,23.2,24.0,24.8,24.5,24.1,24.2,24.3,23.2,22.3,21.4,21.2,20.6,19.9,0.00,0.00,0.00,0.00,0.00,0.00,0.00,0.00,0.00,0.00,0.00,0.00,0.00,0.00,0.00,0.00,0.00,0.00,0.00,0.00,0.00,0.00,0.00,0.00,13.9,15.7,14.4,15.2,15.4,16.3,17.0,17.0,15.4,18.6,18.7,16.9,16.4,17.9,18.2,19.0,17.7,16.3,16.0,15.5,15.1,15.4,15.5,15.6,100.0,100.0,100.0,100.0,100.0,100.0,100.0,100.0,100.0,100.0,100.0,100.0,100.0,100.0,100.0,100.0,100.0,100.0,100.0,100.0,100.0,97.0,47.0,19.0,0.00,0.00,0.00,0.00,0.00,0.00,0.00,0.01,0.18,0.47,0.79,1.19,1.47,1.62,1.19,0.56,0.50,0.27,0.05,0.00,0.00,0.00,0.00,0.00
2025-11-12,3,0,11,秋,10640.00,0.06,1872.00,11,26.9,17.7,21.3,0.0,16.34,55.2,16.2,18.7,9.2,0.63,10,0,0,高辐射,阴天,0.00,0.00,0.00,0.00,0.00,0.00,0.00,320.0,880.0,1488.0,1872.0,1550.4,1169.6,1520.0,1040.0,480.0,240.0,80.0,0.00,0.00,0.00,0.00,0.00,0.00,19.5,19.1,19.5,19.2,18.7,18.3,17.8,17.7,19.1,20.7,22.1,23.4,24.5,24.8,26.9,24.8,24.1,23.9,23.0,22.0,21.0,20.7,20.5,20.4,0.00,0.00,0.00,0.00,0.00,0.00,0.00,0.00,0.00,0.00,0.00,0.00,0.00,0.00,0.00,0.00,0.00,0.00,0.00,0.00,0.00,0.00,0.00,0.00,15.9,15.8,15.8,16.5,16.8,17.7,16.3,15.0,15.2,18.7,17.9,16.6,16.4,17.9,18.7,18.5,17.4,16.4,14.5,15.2,13.5,13.5,13.9,14.4,100.0,93.0,10.0,3.00,5.00,2.00,5.00,5.00,2.00,0.00,16.0,73.0,92.0,99.0,100.0,97.0,77.0,75.0,27.0,44.0,100.0,100.0,100.0,100.0,0.00,0.00,0.00,0.00,0.00,0.00,0.00,0.02,0.41,1.10,1.79,2.29,2.57,2.53,2.32,1.50,1.15,0.59,0.07,0.00,0.00,0.00,0.00,0.00
2025-11-13,4,0,11,秋,4640.00,0.02,831.30,10,23.0,18.3,20.0,0.6,10.98,94.3,13.4,15.7,4.7,0.42,10,0,1,中等辐射,雨天,0.00,0.00,0.00,0.00,0.00,0.00,0.00,80.0,600.0,680.0,688.7,831.3,560.0,480.0,320.0,240.0,160.0,0.00,0.00,0.00,0.00,0.00,0.00,0.00,20.0,19.5,19.4,19.1,19.0,18.6,18.4,18.3,19.2,20.3,21.5,22.4,22.4,23.0,22.4,22.4,20.7,19.9,19.2,18.8,19.1,19.3,19.4,18.6,0.00,0.00,0.00,0.00,0.00,0.00,0.00,0.00,0.00,0.00,0.00,0.00,0.00,0.00,0.00,0.00,0.00,0.10,0.10,0.20,0.20,0.00,0.00,0.00,15.2,15.2,14.5,14.4,14.3,14.1,14.5,14.4,15.3,15.7,15.0,14.8,14.8,15.1,14.4,14.7,14.2,11.6,9.60,7.70,9.40,9.50,12.2,11.4,100.0,100.0,100.0,100.0,100.0,100.0,100.0,100.0,88.0,51.0,25.0,100.0,100.0,100.0,100.0,100.0,100.0,100.0,100.0,100.0,100.0,100.0,100.0,100.0,0.00,0.00,0.00,0.00,0.00,0.00,0.00,0.01,0.27,0.86,1.66,1.89,1.54,1.85,1.34,0.93,0.45,0.18,0.02,0.00,0.00,0.00,0.00,0.00
2025-11-14,5,0,11,秋,9760.00,0.05,1866.70,11,25.4,16.9,20.7,1.8,11.58,61.4,8.9,11.7,8.5,0.45,10,0,2,中等辐射,阴天,0.00,0.00,0.00,0.00,0.00,0.00,0.00,80.0,480.0,771.4,908.6,1360.0,1520.0,1866.7,1493.3,800.0,400.0,80.0,0.00,0.00,0.00,0.00,0.00,0.00,18.1,17.8,17.3,17.2,17.1,17.1,17.0,16.9,18.2,19.6,20.3,21.8,23.2,24.9,25.4,25.3,25.2,24.5,23.3,23.1,22.2,20.8,20.1,19.7,0.00,0.20,0.20,0.60,0.40,0.10,0.00,0.00,0.00,0.10,0.20,0.00,0.00,0.00,0.00,0.00,0.00,0.00,0.00,0.00,0.00,0.00,0.00,0.00,10.1,10.0,9.20,9.80,11.4,11.2,11.0,10.8,8.20,9.40,9.30,9.50,9.10,9.80,11.7,10.8,9.60,8.50,5.50,4.80,8.10,5.20,4.90,6.30,100.0,100.0,100.0,100.0,100.0,95.0,45.0,28.0,100.0,100.0,100.0,95.0,35.0,3.00,58.0,98.0,39.0,38.0,99.0,24.0,4.00,2.00,1.00,9.00,0.00,0.00,0.00,0.00,0.00,0.00,0.00,0.01,0.34,0.76,0.87,1.10,1.41,2.19,2.36,1.26,0.79,0.44,0.06,0.00,0.00,0.00,0.00,0.00
2025-11-15,6,1,11,秋,11520.00,0.06,1920.00,10,27.3,18.6,22.6,0.0,12.63,66.9,6.2,10.7,8.7,0.49,10,0,0,中等辐射,阴天,0.00,0.00,0.00,0.00,0.00,0.00,0.00,160.0,560.0,960.0,1920.0,1920.0,1760.0,1760.0,1360.0,880.0,240.0,0.00,0.00,0.00,0.00,0.00,0.00,0.00,19.4,19.5,19.1,18.9,19.1,19.0,18.7,18.6,20.2,22.0,22.6,24.3,25.7,26.8,27.3,27.2,26.7,26.1,25.4,24.6,24.0,23.1,22.3,21.9,0.00,0.00,0.00,0.00,0.00,0.00,0.00,0.00,0.00,0.00,0.00,0.00,0.00,0.00,0.00,0.00,0.00,0.00,0.00,0.00,0.00,0.00,0.00,0.00,5.30,6.70,8.50,6.00,8.30,6.90,6.90,9.10,6.60,7.50,7.80,9.80,10.7,9.00,7.50,7.20,5.90,2.70,1.40,1.50,1.50,3.00,5.40,4.70,88.0,10.0,32.0,79.0,16.0,14.0,23.0,68.0,46.0,99.0,89.0,68.0,4.00,22.0,68.0,91.0,100.0,100.0,100.0,100.0,100.0,100.0,97.0,91.0,0.00,0.00,0.00,0.00,0.00,0.00,0.00,0.01,0.30,0.75,0.67,1.20,2.03,2.59,2.38,1.54,0.84,0.27,0.05,0.00,0.00,0.00,0.00,0.00
2025-11-16,0,1,11,秋,12080.00,0.06,1840.00,10,27.9,19.9,23.4,0.0,16.59,18.2,6.0,9.1,8.0,0.65,10,0,0,高辐射,晴天,0.00,0.00,0.00,0.00,0.00,0.00,0.00,240.0,720.0,1303.5,1736.5,1840.0,1760.0,1840.0,1360.0,880.0,400.0,0.00,0.00,0.00,0.00,0.00,0.00,0.00,21.8,21.7,21.1,21.3,21.0,20.5,20.2,19.9,21.5,23.4,24.9,25.9,26.8,27.4,27.6,27.9,27.7,27.0,25.1,23.5,23.1,22.0,20.8,20.3,0.00,0.00,0.00,0.00,0.00,0.00,0.00,0.00,0.00,0.00,0.00,0.00,0.00,0.00,0.00,0.00,0.00,0.00,0.00,0.00,0.00,0.00,0.00,0.00,4.20,6.30,5.10,5.00,5.80,7.20,7.20,6.30,5.30,7.30,9.00,9.10,8.80,8.60,6.90,7.30,7.30,6.10,4.00,3.90,2.40,1.90,4.10,4.70,84.0,94.0,98.0,97.0,3.00,0.00,0.00,7.00,1.00,0.00,1.00,5.00,2.00,5.00,3.00,1.00,7.00,16.0,6.00,0.00,0.00,1.00,4.00,2.00,0.00,0.00,0.00,0.00,0.00,0.00,0.00,0.01,0.37,1.05,1.71,2.22,2.51,2.54,2.28,1.90,1.31,0.61,0.08,0.00,0.00,0.00,0.00,0.00
2025-11-17,1,0,11,秋,11600.00,0.06,2080.00,10,28.1,18.3,23.0,0.0,12.69,64.8,6.8,12.7,9.8,0.50,10,0,0,中等辐射,阴天,0.00,0.00,0.00,0.00,0.00,0.00,0.00,280.0,600.0,1070.0,1810.0,2080.0,1600.0,1680.0,1520.0,640.0,320.0,0.00,0.00,0.00,0.00,0.00,0.00,0.00,19.9,19.3,18.8,18.6,18.3,18.3,18.7,19.2,19.9,22.8,25.2,26.1,26.8,27.5,28.1,27.9,27.6,26.7,25.0,24.4,23.4,23.5,23.4,22.3,0.00,0.00,0.00,0.00,0.00,0.00,0.00,0.00,0.00,0.00,0.00,0.00,0.00,0.00,0.00,0.00,0.00,0.00,0.00,0.00,0.00,0.00,0.00,0.00,4.30,2.90,1.60,2.70,4.00,6.00,6.40,5.80,3.10,5.10,7.40,9.90,9.70,9.80,12.7,12.2,10.8,7.00,5.90,8.70,3.80,5.30,7.50,10.2,0.00,2.00,97.0,97.0,98.0,100.0,98.0,34.0,100.0,23.0,97.0,96.0,82.0,60.0,28.0,29.0,41.0,20.0,33.0,81.0,98.0,100.0,50.0,91.0,0.00,0.00,0.00,0.00,0.00,0.00,0.00,0.01,0.35,0.85,1.66,1.51,1.49,1.63,1.83,1.64,1.15,0.51,0.07,0.00,0.00,0.00,0.00,0.00
2025-11-18,2,0,11,秋,3520.00,0.02,640.00,10,22.1,11.9,17.2,1.2,7.46,99.1,17.4,21.6,10.2,0.29,10,0,1,低辐射,雨天,0.00,0.00,0.00,0.00,0.00,0.00,0.00,80.0,270.0,303.8,626.2,640.0,533.3,426.7,388.9,171.1,80.0,0.00,0.00,0.00,0.00,0.00,0.00,0.00,22.1,21.7,21.7,21.4,20.6,20.1,19.4,18.7,19.1,18.7,19.1,18.2,17.9,16.8,16.7,15.9,14.8,14.1,13.5,13.3,12.7,12.3,12.0,11.9,0.00,0.00,0.00,0.00,0.00,0.00,0.00,0.00,0.00,0.00,0.00,0.00,0.00,0.00,0.00,0.00,0.00,0.00,0.00,0.00,0.20,0.40,0.40,0.20,11.4,11.2,11.7,13.3,13.0,14.8,16.9,17.3,16.8,18.1,20.8,20.7,21.4,21.6,21.4,21.6,21.2,20.5,18.7,17.8,18.3,18.4,15.8,15.0,98.0,100.0,100.0,100.0,100.0,100.0,100.0,99.0,99.0,83.0,100.0,99.0,100.0,100.0,100.0,100.0,100.0,100.0,100.0,100.0,100.0,100.0,100.0,100.0,0.00,0.00,0.00,0.00,0.00,0.00,0.00,0.00,0.24,0.38,1.39,1.20,1.64,0.82,0.69,0.65,0.27,0.16,0.02,0.00,0.00,0.00,0.00,0.00
2025-11-19,3,0,11,秋,5440.00,0.03,880.00,10,15.7,10.9,13.1,1.5,7.09,97.6,13.9,18.0,4.8,0.28,10,0,2,低辐射,雨天,0.00,0.00,0.00,0.00,0.00,0.00,0.00,80.0,560.0,720.0,800.0,880.0,720.0,582.0,538.0,400.0,160.0,0.00,0.00,0.00,0.00,0.00,0.00,0.00,11.4,11.0,10.9,11.3,11.8,12.0,11.8,11.6,11.9,12.4,13.6,13.9,15.1,14.8,15.7,15.0,14.9,14.8,14.3,14.2,13.6,13.0,12.5,13.1,0.50,0.60,0.10,0.30,0.00,0.00,0.00,0.00,0.00,0.00,0.00,0.00,0.00,0.00,0.00,0.00,0.00,0.00,0.00,0.00,0.00,0.00,0.00,0.00,14.9,15.5,15.0,16.3,17.2,18.0,16.9,15.5,15.5,15.9,17.0,16.6,16.7,15.9,15.5,14.8,13.0,11.2,10.4,10.3,9.40,7.20,6.70,7.80,100.0,100.0,100.0,100.0,100.0,100.0,100.0,100.0,100.0,86.0,100.0,94.0,100.0,100.0,100.0,100.0,100.0,100.0,100.0,100.0,100.0,63.0,100.0,100.0,0.00,0.00,0.00,0.00,0.00,0.00,0.00,0.00,0.13,0.33,0.90,0.77,1.61,0.95,1.36,0.50,0.37,0.15,0.02,0.00,0.00,0.00,0.00,0.00
2025-11-20,4,0,11,秋,7360.00,0.04,1440.00,11,16.8,11.9,13.8,0.0,5.94,91.6,9.4,13.9,4.9,0.24,9,0,3,低辐射,雨天,0.00,0.00,0.00,0.00,0.00,0.00,0.00,160.0,320.0,720.0,800.0,1360.0,1440.0,1040.0,751.0,369.0,320.0,80.0,0.00,0.00,0.00,0.00,0.00,0.00,13.4,13.2,13.3,12.9,12.6,12.1,12.0,11.9,12.0,12.5,13.3,13.9,14.0,14.8,15.8,16.5,16.8,16.5,14.9,13.9,13.9,14.0,14.0,14.1,0.00,0.00,0.00,0.00,0.00,0.00,0.00,0.00,0.00,0.00,0.00,0.00,0.00,0.00,0.00,0.00,0.00,0.00,0.00,0.00,0.00,0.00,0.00,0.00,9.60,13.9,13.0,11.2,12.1,11.4,12.3,10.2,9.80,11.1,11.3,10.8,10.7,10.9,9.60,8.80,9.00,8.80,6.70,5.20,7.40,3.70,4.40,4.90,98.0,98.0,100.0,100.0,100.0,100.0,100.0,100.0,100.0,100.0,100.0,100.0,100.0,100.0,100.0,100.0,97.0,76.0,32.0,38.0,64.0,98.0,98.0,100.0,0.00,0.00,0.00,0.00,0.00,0.00,0.00,0.00,0.07,0.30,0.50,0.68,0.56,0.80,0.95,0.94,0.60,0.47,0.07,0.00,0.00,0.00,0.00,0.00
2025-11-21,5,0,11,秋,11520.00,0.06,1840.00,11,20.5,13.2,16.4,0.0,9.75,67.2,10.1,13.3,7.3,0.39,10,0,0,低辐射,阴天,0.00,0.00,0.00,0.00,0.00,0.00,0.00,80.0,320.0,1680.0,1600.0,1840.0,1775.0,1425.0,1360.0,960.0,400.0,80.0,0.00,0.00,0.00,0.00,0.00,0.00,14.3,14.5,14.2,14.3,14.4,14.0,13.7,13.2,13.4,15.5,16.4,16.5,19.4,19.7,20.4,20.5,20.2,19.6,18.0,16.9,16.6,17.1,16.1,15.7,0.00,0.00,0.00,0.00,0.00,0.00,0.00,0.00,0.00,0.00,0.00,0.00,0.00,0.00,0.00,0.00,0.00,0.00,0.00,0.00,0.00,0.00,0.00,0.00,6.30,8.70,8.10,9.70,10.8,10.6,11.3,11.5,8.70,11.3,12.1,11.2,12.8,13.3,11.9,12.4,11.7,8.80,6.30,6.40,8.10,9.40,8.50,11.3,100.0,100.0,97.0,100.0,91.0,82.0,59.0,99.0,65.0,85.0,100.0,66.0,79.0,100.0,90.0,92.0,47.0,66.0,4.00,12.0,27.0,27.0,20.0,5.00,0.00,0.00,0.00,0.00,0.00,0.00,0.00,0.00,0.16,0.84,0.87,0.83,2.11,1.50,0.83,1.18,0.87,0.49,0.07,0.00,0.00,0.00,0.00,0.00
2025-11-22,6,1,11,秋,12640.00,0.07,1940.00,11,24.5,12.4,18.1,0.0,16.69,3.8,8.8,11.1,12.1,0.67,10,0,0,高辐射,晴天,0.00,0.00,0.00,0.00,0.00,0.00,0.00,320.0,720.0,1311.7,1648.3,1940.0,1820.0,1840.0,1600.0,960.0,400.0,80.0,0.00,0.00,0.00,0.00,0.00,0.00,15.7,15.0,14.0,13.9,13.5,13.1,12.7,12.4,14.3,16.8,19.1,21.0,22.6,23.6,24.3,24.5,24.0,22.8,20.9,19.7,18.7,18.3,17.4,16.6,0.00,0.00,0.00,0.00,0.00,0.00,0.00,0.00,0.00,0.00,0.00,0.00,0.00,0.00,0.00,0.00,0.00,0.00,0.00,0.00,0.00,0.00,0.00,0.00,11.1,10.4,10.0,9.20,8.40,8.30,8.20,8.10,7.70,8.30,9.10,9.70,10.3,9.90,8.80,9.30,8.90,8.90,8.40,9.60,7.70,8.10,7.00,5.60,0.00,0.00,0.00,1.00,2.00,6.00,2.00,0.00,25.0,9.00,9.00,1.00,0.00,0.00,0.00,0.00,0.00,0.00,1.00,2.00,5.00,2.00,6.00,19.0,0.00,0.00,0.00,0.00,0.00,0.00,0.00,0.01,0.35,1.00,1.63,2.16,2.53,2.59,2.39,1.97,1.34,0.63,0.08,0.00,0.00,0.00,0.00,0.00
2025-11-23,0,1,11,秋,12160.00,0.06,1952.00,11,26.0,13.0,19.6,0.0,15.28,38.5,6.5,8.5,13.0,0.62,10,0,0,高辐射,多云,0.00,0.00,0.00,0.00,0.00,0.00,0.00,240.0,640.0,1280.0,1710.0,1890.0,1952.0,1888.0,1314.3,925.7,240.0,80.0,0.00,0.00,0.00,0.00,0.00,0.00,16.0,15.4,14.4,14.1,13.8,13.4,13.1,13.0,14.6,17.9,20.8,22.8,24.2,25.1,25.8,26.0,25.1,24.4,23.1,22.1,21.8,21.3,20.9,20.9,0.00,0.00,0.00,0.00,0.00,0.00,0.00,0.00,0.00,0.00,0.00,0.00,0.00,0.00,0.00,0.00,0.00,0.00,0.00,0.00,0.00,0.00,0.00,0.00,6.40,5.50,4.20,4.20,4.60,5.40,5.80,5.90,6.10,5.50,7.20,8.10,8.40,8.50,8.40,8.20,8.30,8.20,7.00,6.40,6.50,5.60,5.40,5.30,13.0,1.00,2.00,4.00,9.00,11.0,10.0,31.0,12.0,7.00,5.00,4.00,9.00,12.0,15.0,100.0,88.0,52.0,61.0,88.0,97.0,97.0,97.0,99.0,0.00,0.00,0.00,0.00,0.00,0.00,0.00,0.01,0.31,0.96,1.67,2.16,2.47,2.52,2.32,1.74,0.70,0.36,0.06,0.00,0.00,0.00,0.00,0.00
2025-11-24,1,0,11,秋,9680.00,0.05,1920.00,11,26.8,17.5,22.0,0.0,11.77,61.8,8.7,17.6,9.3,0.48,10,0,0,中等辐射,阴天,0.00,0.00,0.00,0.00,0.00,0.00,0.00,160.0,347.6,792.0,1420.4,1920.0,1520.0,1424.0,1216.0,640.0,160.0,80.0,0.00,0.00,0.00,0.00,0.00,0.00,20.6,20.2,19.0,18.7,18.3,17.8,17.5,17.7,18.9,21.0,22.7,24.0,24.6,25.2,26.8,26.8,26.6,25.5,23.4,22.2,23.1,22.8,22.5,22.1,0.00,0.00,0.00,0.00,0.00,0.00,0.00,0.00,0.00,0.00,0.00,0.00,0.00,0.00,0.00,0.00,0.00,0.00,0.00,0.00,0.00,0.00,0.00,0.00,5.30,5.50,6.50,6.70,7.40,6.10,7.00,7.20,7.10,6.10,7.20,7.40,8.00,8.90,10.1,11.3,11.4,9.40,8.90,9.20,10.0,11.7,13.2,17.6,100.0,83.0,33.0,42.0,9.00,13.0,97.0,97.0,55.0,61.0,58.0,72.0,77.0,90.0,45.0,21.0,8.00,9.00,21.0,91.0,100.0,100.0,100.0,100.0,0.00,0.00,0.00,0.00,0.00,0.00,0.00,0.00,0.22,0.71,1.15,1.56,1.42,1.47,1.65,1.67,1.24,0.60,0.08,0.00,0.00,0.00,0.00,0.00
2025-11-25,2,0,11,秋,12720.00,0.07,2032.00,10,24.6,16.8,20.5,0.0,17.08,43.8,15.4,20.6,7.8,0.69,10,0,0,高辐射,多云,0.00,0.00,0.00,0.00,0.00,0.00,0.00,186.7,613.3,1440.0,1793.2,1966.8,2032.0,1808.0,1520.0,960.0,400.0,0.00,0.00,0.00,0.00,0.00,0.00,0.00,21.4,20.6,19.9,19.9,19.1,18.3,17.7,17.1,17.5,19.9,21.1,22.4,23.3,24.0,24.4,24.6,24.2,23.1,21.4,20.2,18.8,18.0,17.2,16.8,0.00,0.00,0.00,0.00,0.00,0.00,0.00,0.00,0.00,0.00,0.00,0.00,0.00,0.00,0.00,0.00,0.00,0.00,0.00,0.00,0.00,0.00,0.00,0.00,17.8,16.9,14.2,16.6,17.8,16.4,17.4,15.7,12.5,15.7,20.3,20.6,20.0,19.2,16.4,16.2,15.7,13.9,11.5,10.0,9.70,11.3,11.3,12.7,100.0,80.0,98.0,99.0,67.0,84.0,45.0,46.0,5.00,0.00,10.0,38.0,99.0,90.0,41.0,16.0,20.0,16.0,0.00,0.00,4.00,2.00,1.00,91.0,0.00,0.00,0.00,0.00,0.00,0.00,0.00,0.00,0.34,1.01,1.71,2.25,2.57,2.63,2.44,2.01,1.38,0.65,0.08,0.00,0.00,0.00,0.00,0.00
2025-11-26,3,0,11,秋,12320.00,0.06,1949.90,10,23.2,12.2,17.5,0.0,16.98,64.3,10.0,12.5,11.0,0.69,10,0,0,高辐射,阴天,0.00,0.00,0.00,0.00,0.00,0.00,0.00,240.0,651.4,1268.6,1760.0,1920.0,1949.9,1650.1,1520.0,960.0,400.0,0.00,0.00,0.00,0.00,0.00,0.00,0.00,16.4,15.5,14.8,14.5,13.8,13.0,12.4,12.2,13.3,15.9,18.1,20.1,21.7,22.6,22.9,23.2,22.7,21.7,19.8,18.8,17.5,16.7,16.1,15.4,0.00,0.00,0.00,0.00,0.00,0.00,0.00,0.00,0.00,0.00,0.00,0.00,0.00,0.00,0.00,0.00,0.00,0.00,0.00,0.00,0.00,0.00,0.00,0.00,12.4,12.5,12.0,10.7,9.60,9.20,8.50,9.00,8.80,9.40,10.2,10.6,10.6,10.5,9.00,9.60,9.60,9.40,8.10,8.30,8.90,11.2,11.4,11.5,100.0,98.0,98.0,100.0,100.0,88.0,19.0,25.0,17.0,72.0,97.0,100.0,100.0,93.0,95.0,95.0,100.0,94.0,41.0,6.00,0.00,0.00,0.00,6.00,0.00,0.00,0.00,0.00,0.00,0.00,0.00,0.00,0.33,1.03,1.72,2.25,2.55,2.61,2.42,1.99,1.36,0.64,0.08,0.00,0.00,0.00,0.00,0.00
2025-11-27,4,0,11,秋,9280.00,0.05,1591.60,10,23.0,12.7,17.3,0.0,15.95,97.5,14.2,19.8,10.3,0.65,10,0,1,高辐射,雨天,0.00,0.00,0.00,0.00,0.00,0.00,0.00,160.0,480.0,968.4,1591.6,1146.7,1277.3,1433.8,1182.2,800.0,240.0,0.00,0.00,0.00,0.00,0.00,0.00,0.00,15.0,14.4,13.5,13.2,12.7,12.9,12.9,12.7,13.8,16.4,18.5,20.1,21.7,22.7,22.5,23.0,22.7,21.6,20.1,19.1,17.9,17.2,16.2,15.3,0.00,0.00,0.00,0.00,0.00,0.00,0.00,0.00,0.00,0.00,0.00,0.00,0.00,0.00,0.00,0.00,0.00,0.00,0.00,0.00,0.00,0.00,0.00,0.00,11.5,10.5,10.1,10.6,12.8,15.3,15.5,13.8,12.8,11.3,13.5,16.5,19.8,19.8,18.2,17.3,18.1,16.2,15.3,14.0,13.1,12.8,11.0,11.0,99.0,95.0,84.0,66.0,99.0,100.0,100.0,100.0,100.0,100.0,100.0,100.0,100.0,100.0,100.0,100.0,100.0,100.0,100.0,100.0,99.0,100.0,99.0,100.0,0.00,0.00,0.00,0.00,0.00,0.00,0.00,0.00,0.32,0.98,1.57,1.99,2.37,2.40,2.38,1.94,1.30,0.63,0.08,0.00,0.00,0.00,0.00,0.00
2025-11-28,5,0,11,秋,11680.00,0.06,1800.00,10,22.7,11.4,16.7,0.0,17.15,81.9,9.8,12.5,11.3,0.70,10,0,2,高辐射,雨天,0.00,0.00,0.00,0.00,0.00,0.00,0.00,320.0,720.0,1200.0,1800.0,1761.1,1558.9,1440.0,1440.0,1040.0,400.0,0.00,0.00,0.00,0.00,0.00,0.00,0.00,14.8,14.3,13.7,13.7,13.1,12.4,11.8,11.4,12.5,15.3,17.9,19.8,21.4,22.5,22.6,22.7,22.2,21.1,18.9,17.9,16.3,15.8,15.2,14.5,0.00,0.00,0.00,0.00,0.00,0.00,0.00,0.00,0.00,0.00,0.00,0.00,0.00,0.00,0.00,0.00,0.00,0.00,0.00,0.00,0.00,0.00,0.00,0.00,12.5,12.3,11.4,11.7,11.9,11.3,10.4,9.00,10.8,9.50,11.2,11.5,11.8,12.0,9.60,9.40,9.10,8.00,5.90,8.40,7.30,7.10,6.60,6.30,100.0,100.0,100.0,100.0,100.0,100.0,98.0,17.0,95.0,100.0,77.0,81.0,98.0,97.0,65.0,79.0,6.00,26.0,75.0,100.0,100.0,98.0,98.0,55.0,0.00,0.00,0.00,0.00,0.00,0.00,0.00,0.00,0.33,0.97,1.73,2.29,2.60,2.66,2.43,2.01,1.39,0.67,0.08,0.00,0.00,0.00,0.00,0.00
2025-11-29,6,1,11,秋,11920.00,0.06,1952.00,10,24.4,10.3,17.7,0.0,15.65,26.6,5.0,7.8,14.1,0.65,10,0,0,高辐射,多云,0.00,0.00,0.00,0.00,0.00,0.00,0.00,160.0,688.0,1364.6,1893.2,1734.2,1952.0,1719.9,1368.1,720.0,320.0,0.00,0.00,0.00,0.00,0.00,0.00,0.00,13.4,12.7,11.9,11.5,11.1,10.8,10.4,10.3,11.7,15.1,18.5,21.1,22.7,23.8,23.8,24.4,24.3,23.4,21.7,20.3,21.1,20.6,20.4,20.2,0.00,0.00,0.00,0.00,0.00,0.00,0.00,0.00,0.00,0.00,0.00,0.00,0.00,0.00,0.00,0.00,0.00,0.00,0.00,0.00,0.00,0.00,0.00,0.00,5.80,5.60,5.60,5.10,4.70,6.30,5.90,6.20,6.20,4.90,6.70,7.80,5.50,5.40,5.10,5.10,5.10,5.70,4.70,3.10,1.30,2.60,3.80,2.70,16.0,49.0,0.00,0.00,0.00,0.00,1.00,1.00,6.00,0.00,1.00,7.00,20.0,20.0,44.0,34.0,20.0,13.0,9.00,1.00,100.0,100.0,96.0,100.0,0.00,0.00,0.00,0.00,0.00,0.00,0.00,0.00,0.31,0.96,1.68,2.20,2.46,2.40,2.22,1.58,1.18,0.58,0.07,0.00,0.00,0.00,0.00,0.00
2025-11-30,0,1,11,秋,5360.00,0.03,1090.30,10,23.7,17.6,19.8,1.4,7.26,86.7,6.1,8.7,6.1,0.30,9,0,1,低辐射,雨天,0.00,0.00,0.00,0.00,0.00,0.00,0.00,80.0,320.0,640.0,749.7,1090.3,880.0,640.0,483.5,316.5,160.0,0.00,0.00,0.00,0.00,0.00,0.00,0.00,20.1,20.0,19.5,19.0,18.6,18.0,17.6,18.0,17.6,18.2,19.8,22.0,22.9,23.7,22.3,22.1,21.8,21.2,20.6,20.0,18.8,18.7,18.1,17.6,0.00,0.00,0.00,0.00,0.00,0.00,0.00,0.00,0.00,0.00,0.00,0.00,0.00,0.00,0.00,0.00,0.00,0.00,0.00,0.00,0.00,0.00,1.00,0.40,3.40,4.20,2.00,3.00,6.40,3.50,6.00,7.40,6.60,6.80,6.20,7.90,8.40,8.70,7.40,7.40,8.40,8.00,7.20,7.60,4.70,4.90,5.00,5.20,100.0,100.0,100.0,99.0,95.0,100.0,100.0,100.0,100.0,100.0,81.0,77.0,61.0,95.0,100.0,100.0,100.0,100.0,98.0,70.0,98.0,47.0,36.0,24.0,0.00,0.00,0.00,0.00,0.00,0.00,0.00,0.00,0.05,0.19,0.48,1.32,1.43,1.49,1.34,0.43,0.34,0.17,0.02,0.00,0.00,0.00,0.00,0.00
2025-12-01,1,0,12,冬,8400.00,0.04,1536.00,9,25.5,16.5,20.4,0.1,7.84,53.1,5.2,7.3,9.0,0.33,10,0,0,低辐射,阴天,0.00,0.00,0.00,0.00,0.00,0.00,0.00,0.00,240.0,355.1,764.9,1500.0,1524.0,1536.0,1280.0,960.0,240.0,0.00,0.00,0.00,0.00,0.00,0.00,0.00,17.0,16.5,16.8,17.0,17.1,17.2,17.2,17.3,17.9,19.1,20.1,21.1,21.8,22.7,24.3,25.4,25.5,24.8,23.3,22.4,22.1,21.5,20.9,20.5,0.00,0.00,0.00,0.00,0.10,0.00,0.00,0.00,0.00,0.00,0.00,0.00,0.00,0.00,0.00,0.00,0.00,0.00,0.00,0.00,0.00,0.00,0.00,0.00,3.80,4.80,6.40,5.70,7.00,7.30,5.40,5.70,5.20,6.50,5.50,6.00,6.50,6.50,5.80,5.20,5.00,3.20,1.70,0.40,5.60,7.10,4.40,4.30,13.0,7.00,41.0,100.0,100.0,100.0,100.0,100.0,100.0,100.0,100.0,100.0,100.0,97.0,53.0,19.0,8.00,10.0,17.0,2.00,2.00,0.00,2.00,3.00,0.00,0.00,0.00,0.00,0.00,0.00,0.00,0.00,0.12,0.26,0.46,0.67,0.73,0.87,1.28,1.60,1.23,0.55,0.07,0.00,0.00,0.00,0.00,0.00
2025-12-02,2,0,12,冬,6480.00,0.03,1250.30,9,26.2,19.8,22.3,2.6,9.37,86.7,5.7,10.5,6.4,0.39,9,0,1,低辐射,雨天,0.00,0.00,0.00,0.00,0.00,0.00,0.00,80.0,400.0,1120.0,1149.7,1250.3,1200.0,720.0,352.5,207.5,0.00,0.00,0.00,0.00,0.00,0.00,0.00,0.00,20.1,19.9,20.6,20.2,20.0,19.8,20.0,20.1,20.4,21.9,24.0,25.0,25.9,26.2,25.4,25.6,25.6,25.1,22.8,21.6,22.0,21.5,20.9,20.3,0.00,0.00,0.00,0.10,0.10,0.00,0.10,0.30,0.70,0.20,0.10,0.00,0.00,0.00,0.00,0.00,0.00,0.00,0.00,0.00,0.00,0.80,0.20,0.00,3.70,5.90,3.90,2.60,5.50,7.10,5.80,5.50,2.80,4.90,5.20,7.90,8.60,7.70,3.50,2.70,0.40,5.80,10.5,8.10,5.60,6.30,8.50,7.70,11.0,96.0,98.0,96.0,100.0,100.0,100.0,100.0,100.0,29.0,54.0,58.0,100.0,100.0,100.0,99.0,100.0,100.0,54.0,85.0,100.0,100.0,100.0,100.0,0.00,0.00,0.00,0.00,0.00,0.00,0.00,0.00,0.07,0.42,1.44,1.50,1.72,1.56,1.01,0.92,0.54,0.16,0.03,0.00,0.00,0.00,0.00,0.00
2025-12-03,3,0,12,冬,4560.00,0.02,952.90,10,23.0,17.1,20.3,1.0,9.14,83.3,10.5,17.1,5.9,0.38,10,0,2,低辐射,雨天,0.00,0.00,0.00,0.00,0.00,0.00,0.00,0.00,80.0,400.0,503.6,489.7,926.7,952.9,532.8,434.3,160.0,80.0,0.00,0.00,0.00,0.00,0.00,0.00,20.2,20.0,20.4,20.2,19.9,19.4,18.9,18.3,18.3,18.9,20.7,21.6,22.2,23.0,22.8,22.7,22.5,22.3,20.7,19.8,19.8,18.9,17.7,17.1,0.00,0.00,0.00,0.40,0.30,0.20,0.00,0.00,0.00,0.10,0.00,0.00,0.00,0.00,0.00,0.00,0.00,0.00,0.00,0.00,0.00,0.00,0.00,0.00,9.10,9.30,8.10,9.00,11.1,12.4,12.2,14.2,6.70,7.80,14.0,17.1,16.1,16.5,13.0,12.5,11.1,8.40,6.00,8.10,7.60,7.60,7.20,6.70,100.0,100.0,100.0,100.0,100.0,100.0,98.0,97.0,100.0,100.0,91.0,100.0,100.0,99.0,100.0,100.0,100.0,100.0,98.0,18.0,71.0,9.00,12.0,5.00,0.00,0.00,0.00,0.00,0.00,0.00,0.00,0.00,0.21,0.19,0.77,1.15,1.56,1.90,1.75,0.80,0.44,0.30,0.05,0.00,0.00,0.00,0.00,0.00
2025-12-04,4,0,12,冬,5840.00,0.03,1280.00,10,22.0,15.7,18.3,0.0,11.50,51.1,6.6,10.6,6.3,0.48,9,0,0,中等辐射,阴天,0.00,0.00,0.00,0.00,0.00,0.00,0.00,0.00,80.0,240.0,532.2,649.8,818.0,1280.0,1016.5,823.5,320.0,80.0,0.00,0.00,0.00,0.00,0.00,0.00,16.7,16.4,16.2,16.6,16.8,16.3,16.0,15.7,16.9,17.3,18.1,19.0,21.2,22.0,21.4,22.0,21.7,21.0,19.9,19.3,17.9,17.4,16.6,15.9,0.00,0.00,0.00,0.00,0.00,0.00,0.00,0.00,0.00,0.00,0.00,0.00,0.00,0.00,0.00,0.00,0.00,0.00,0.00,0.00,0.00,0.00,0.00,0.00,7.90,9.40,9.40,8.80,9.60,10.6,8.60,7.90,8.50,9.60,8.70,8.10,8.40,7.70,6.40,5.40,4.90,4.80,1.10,2.40,1.50,3.10,4.20,0.80,5.00,10.0,98.0,100.0,100.0,100.0,100.0,100.0,84.0,100.0,100.0,55.0,4.00,20.0,27.0,52.0,28.0,27.0,27.0,23.0,4.00,13.0,20.0,30.0,0.00,0.00,0.00,0.00,0.00,0.00,0.00,0.00,0.10,0.32,0.58,0.80,2.15,2.20,2.12,1.62,1.07,0.49,0.07,0.00,0.00,0.00,0.00,0.00
2025-12-05,5,0,12,冬,8640.00,0.04,1493.30,10,24.5,15.9,19.8,0.0,14.89,25.8,5.7,10.6,8.6,0.63,10,0,0,中等辐射,多云,0.00,0.00,0.00,0.00,0.00,0.00,0.00,160.0,480.0,880.0,1040.0,1120.0,1493.3,1323.9,919.9,902.9,320.0,0.00,0.00,0.00,0.00,0.00,0.00,0.00,15.9,16.8,16.7,17.6,17.6,16.7,16.2,16.1,17.1,19.7,21.5,22.9,23.9,24.5,24.4,24.5,24.2,23.4,21.7,20.9,19.4,18.9,17.8,17.0,0.00,0.00,0.00,0.00,0.00,0.00,0.00,0.00,0.00,0.00,0.00,0.00,0.00,0.00,0.00,0.00,0.00,0.00,0.00,0.00,0.00,0.00,0.00,0.00,4.10,4.20,3.30,1.80,2.80,2.90,3.70,5.80,4.80,5.50,8.10,9.10,9.00,9.10,10.2,10.6,9.00,8.00,6.30,5.20,4.90,4.30,3.00,0.90,100.0,100.0,100.0,100.0,5.00,2.00,0.00,0.00,1.00,1.00,1.00,11.0,23.0,8.00,5.00,3.00,9.00,9.00,23.0,53.0,15.0,9.00,12.0,30.0,0.00,0.00,0.00,0.00,0.00,0.00,0.00,0.00,0.24,0.86,1.50,1.98,2.20,2.26,2.12,1.80,1.26,0.59,0.07,0.00,0.00,0.00,0.00,0.00
2025-12-06,6,1,12,冬,7120.00,0.04,1520.00,11,24.2,15.1,18.8,0.0,15.44,3.4,5.2,7.4,9.1,0.65,10,0,0,高辐射,晴天,0.00,0.00,0.00,0.00,0.00,0.00,0.00,160.0,240.0,400.0,880.0,640.0,1280.0,1520.0,880.0,800.0,240.0,80.0,0.00,0.00,0.00,0.00,0.00,0.00,16.3,15.8,15.5,15.8,16.0,15.9,15.5,15.1,16.3,18.6,20.5,21.9,23.0,23.8,23.8,24.2,23.9,23.4,21.4,19.5,17.8,16.8,15.9,15.3,0.00,0.00,0.00,0.00,0.00,0.00,0.00,0.00,0.00,0.00,0.00,0.00,0.00,0.00,0.00,0.00,0.00,0.00,0.00,0.00,0.00,0.00,0.00,0.00,1.50,1.90,0.80,2.80,4.00,6.70,6.70,6.70,6.10,6.70,6.80,7.00,7.10,6.70,7.20,7.00,7.40,7.40,5.60,4.80,3.50,2.90,3.60,3.50,2.00,1.00,11.0,5.00,5.00,0.00,2.00,5.00,2.00,0.00,0.00,0.00,0.00,0.00,3.00,14.0,13.0,16.0,1.00,1.00,0.00,0.00,0.00,0.00,0.00,0.00,0.00,0.00,0.00,0.00,0.00,0.00,0.24,0.88,1.53,2.07,2.39,2.47,2.30,1.80,1.14,0.55,0.07,0.00,0.00,0.00,0.00,0.00
2025-12-07,0,1,12,冬,9840.00,0.05,1680.00,10,25.1,13.4,19.2,0.0,13.72,60.7,5.4,10.0,11.7,0.58,10,0,0,中等辐射,阴天,0.00,0.00,0.00,0.00,0.00,0.00,0.00,80.0,528.0,912.0,1360.0,1600.0,1680.0,1580.5,1179.1,680.4,240.0,0.00,0.00,0.00,0.00,0.00,0.00,0.00,14.9,14.6,14.1,13.8,13.4,13.4,13.6,13.7,14.9,16.4,19.6,22.6,23.8,24.2,24.6,25.1,24.6,23.7,22.8,21.7,22.0,21.8,21.1,20.5,0.00,0.00,0.00,0.00,0.00,0.00,0.00,0.00,0.00,0.00,0.00,0.00,0.00,0.00,0.00,0.00,0.00,0.00,0.00,0.00,0.00,0.00,0.00,0.00,3.00,1.90,3.10,2.20,3.50,4.80,2.80,2.00,4.00,4.70,4.90,7.60,9.60,10.0,8.40,8.60,8.70,8.90,9.00,7.90,4.00,3.20,3.30,4.10,0.00,0.00,94.0,96.0,98.0,100.0,100.0,100.0,100.0,100.0,0.00,55.0,88.0,9.00,77.0,29.0,15.0,98.0,47.0,73.0,98.0,37.0,23.0,20.0,0.00,0.00,0.00,0.00,0.00,0.00,0.00,0.00,0.15,0.54,1.19,2.06,2.20,1.70,2.19,1.79,1.26,0.59,0.05,0.00,0.00,0.00,0.00,0.00
2025-12-08,1,0,12,冬,10960.00,0.06,1723.60,11,25.9,16.9,21.0,0.0,15.79,23.6,9.8,14.5,9.0,0.67,10,0,0,高辐射,多云,0.00,0.00,0.00,0.00,0.00,0.00,0.00,160.0,560.0,1120.0,1520.0,1680.0,1716.4,1723.6,1200.0,880.0,320.0,80.0,0.00,0.00,0.00,0.00,0.00,0.00,20.2,20.0,19.6,19.1,18.4,17.4,17.0,16.9,17.9,20.2,22.2,23.6,24.8,25.6,25.9,25.9,25.4,24.3,22.3,21.2,20.1,19.1,18.3,17.5,0.00,0.00,0.00,0.00,0.00,0.00,0.00,0.00,0.00,0.00,0.00,0.00,0.00,0.00,0.00,0.00,0.00,0.00,0.00,0.00,0.00,0.00,0.00,0.00,5.80,6.80,7.10,8.20,9.20,10.2,11.4,12.1,11.4,10.5,13.8,14.5,13.5,13.0,11.6,11.9,12.6,10.7,9.20,8.70,7.10,6.20,5.10,4.40,97.0,98.0,94.0,95.0,26.0,0.00,2.00,0.00,6.00,4.00,10.0,19.0,34.0,9.00,48.0,4.00,0.00,0.00,0.00,0.00,0.00,3.00,8.00,9.00,0.00,0.00,0.00,0.00,0.00,0.00,0.00,0.00,0.24,0.87,1.53,2.07,2.39,2.47,2.30,1.90,1.31,0.62,0.08,0.00,0.00,0.00,0.00,0.00
2025-12-09,2,0,12,冬,10480.00,0.05,1680.00,11,24.7,15.0,19.3,0.0,15.57,19.5,6.4,8.8,9.7,0.66,10,0,0,高辐射,晴天,0.00,0.00,0.00,0.00,0.00,0.00,0.00,112.0,608.0,960.0,1440.0,1600.0,1680.0,1549.4,1250.6,880.0,320.0,80.0,0.00,0.00,0.00,0.00,0.00,0.00,17.0,16.8,16.5,16.5,16.1,15.8,15.5,15.0,15.7,18.3,20.6,22.3,23.5,24.2,24.7,24.7,24.3,23.4,21.5,20.2,18.9,18.0,17.3,17.0,0.00,0.00,0.00,0.00,0.00,0.00,0.00,0.00,0.00,0.00,0.00,0.00,0.00,0.00,0.00,0.00,0.00,0.00,0.00,0.00,0.00,0.00,0.00,0.00,5.30,5.80,6.30,8.10,7.70,8.00,8.00,7.00,6.90,6.10,7.00,6.90,6.70,7.50,7.90,8.80,8.60,6.80,4.80,3.40,3.10,4.20,4.60,3.70,0.00,0.00,0.00,0.00,1.00,2.00,2.00,2.00,0.00,1.00,1.00,1.00,0.00,0.00,5.00,9.00,71.0,45.0,87.0,46.0,77.0,3.00,15.0,100.0,0.00,0.00,0.00,0.00,0.00,0.00,0.00,0.00,0.23,0.85,1.52,2.04,2.37,2.46,2.29,1.83,1.28,0.62,0.08,0.00,0.00,0.00,0.00,0.00
2025-12-10,3,0,12,冬,2960.00,0.02,502.90,9,20.6,17.7,18.9,0.6,3.31,99.8,4.7,6.9,2.9,0.14,8,0,1,极低辐射,雨天,0.00,0.00,0.00,0.00,0.00,0.00,0.00,0.00,240.0,502.9,457.1,431.5,395.2,373.3,320.0,160.0,80.0,0.00,0.00,0.00,0.00,0.00,0.00,0.00,17.7,18.3,18.1,18.4,18.4,18.5,18.4,18.3,18.2,19.1,19.9,20.6,20.5,20.4,19.5,19.3,19.3,19.0,18.9,18.8,18.5,18.6,18.8,18.9,0.00,0.00,0.00,0.00,0.00,0.00,0.00,0.00,0.00,0.00,0.00,0.00,0.40,0.10,0.00,0.10,0.00,0.00,0.00,0.00,0.00,0.00,0.00,0.00,3.90,5.00,4.80,4.20,4.60,5.90,6.80,6.90,6.20,4.70,4.80,5.60,5.60,5.70,3.80,3.80,3.20,3.30,3.90,4.00,2.20,4.20,4.60,4.60,100.0,100.0,100.0,100.0,100.0,100.0,97.0,97.0,100.0,100.0,100.0,100.0,100.0,100.0,100.0,100.0,100.0,100.0,100.0,100.0,100.0,100.0,100.0,100.0,0.00,0.00,0.00,0.00,0.00,0.00,0.00,0.00,0.09,0.26,0.39,0.52,0.35,0.47,0.64,0.30,0.20,0.08,0.01,0.00,0.00,0.00,0.00,0.00
2025-12-11,4,0,12,冬,7520.00,0.04,1520.00,11,25.4,16.9,21.0,0.0,7.67,82.3,5.3,8.5,8.5,0.33,10,0,2,低辐射,雨天,0.00,0.00,0.00,0.00,0.00,0.00,0.00,80.0,293.3,554.7,1232.0,1520.0,1280.0,1200.0,836.1,283.9,160.0,80.0,0.00,0.00,0.00,0.00,0.00,0.00,18.9,18.6,18.0,17.7,17.4,17.2,16.9,17.5,17.9,19.5,21.6,23.8,24.5,25.0,25.3,25.0,25.4,24.4,23.0,22.5,21.5,21.1,21.0,21.0,0.00,0.00,0.00,0.00,0.00,0.00,0.00,0.00,0.00,0.00,0.00,0.00,0.00,0.00,0.00,0.00,0.00,0.00,0.00,0.00,0.00,0.00,0.00,0.00,4.90,5.00,3.80,2.90,4.40,6.30,6.80,6.90,5.40,3.60,5.10,6.70,7.10,6.60,5.40,5.80,4.50,2.50,2.80,0.90,8.50,7.60,6.80,7.20,100.0,99.0,39.0,30.0,29.0,21.0,93.0,100.0,100.0,79.0,64.0,100.0,97.0,100.0,100.0,100.0,62.0,100.0,84.0,86.0,98.0,100.0,97.0,97.0,0.00,0.00,0.00,0.00,0.00,0.00,0.00,0.00,0.10,0.54,0.99,1.29,0.89,1.04,0.94,0.53,0.92,0.36,0.06,0.00,0.00,0.00,0.00,0.00
2025-12-12,5,0,12,冬,10240.00,0.05,1680.00,10,23.7,19.3,21.1,0.0,9.78,52.1,10.4,15.6,4.4,0.42,10,0,0,低辐射,阴天,0.00,0.00,0.00,0.00,0.00,0.00,0.00,80.0,400.0,1011.1,1388.9,1680.0,1680.0,1440.0,1360.0,800.0,400.0,0.00,0.00,0.00,0.00,0.00,0.00,0.00,20.8,20.9,21.0,20.6,20.0,19.6,19.4,19.8,20.3,21.2,21.4,22.0,23.1,23.3,23.7,23.6,22.8,22.2,20.9,20.1,20.3,19.9,19.7,19.3,0.00,0.00,0.00,0.00,0.00,0.00,0.00,0.00,0.00,0.00,0.00,0.00,0.00,0.00,0.00,0.00,0.00,0.00,0.00,0.00,0.00,0.00,0.00,0.00,8.20,10.0,8.50,9.80,10.6,10.7,11.1,12.6,9.20,12.8,11.6,13.3,15.6,14.7,12.0,12.0,10.6,10.6,7.40,7.30,7.00,6.40,8.00,9.90,98.0,27.0,89.0,2.00,37.0,59.0,99.0,95.0,100.0,100.0,100.0,82.0,96.0,74.0,41.0,72.0,28.0,9.00,3.00,3.00,2.00,20.0,4.00,10.0,0.00,0.00,0.00,0.00,0.00,0.00,0.00,0.00,0.17,0.39,0.59,0.93,1.86,1.59,1.45,1.45,0.70,0.56,0.08,0.00,0.00,0.00,0.00,0.00
2025-12-13,6,1,12,冬,2320.00,0.01,537.10,10,21.4,12.3,17.4,6.3,4.49,77.7,12.6,21.1,9.1,0.19,8,0,1,极低辐射,雨天,0.00,0.00,0.00,0.00,0.00,0.00,0.00,80.0,160.0,160.0,537.1,491.5,411.4,160.0,116.1,123.9,80.0,0.00,0.00,0.00,0.00,0.00,0.00,0.00,18.9,18.6,18.1,18.2,18.0,17.7,17.6,18.0,18.5,19.9,21.4,21.3,21.1,19.8,20.8,18.9,16.4,15.0,14.0,13.4,13.5,13.1,12.6,12.3,0.00,0.00,0.00,0.00,0.00,0.00,0.00,0.00,0.00,0.00,0.00,0.00,0.00,0.40,0.20,0.00,0.30,1.00,0.90,0.20,0.60,1.30,1.20,0.20,6.50,9.00,2.20,7.20,5.80,4.90,5.90,7.00,6.80,8.50,14.0,12.6,13.9,21.1,21.1,18.9,16.9,18.7,18.9,18.3,17.2,16.2,16.2,14.7,13.0,8.00,16.0,5.00,9.00,23.0,99.0,100.0,100.0,100.0,100.0,100.0,100.0,100.0,91.0,100.0,100.0,100.0,100.0,100.0,100.0,100.0,100.0,100.0,0.00,0.00,0.00,0.00,0.00,0.00,0.00,0.00,0.09,0.36,0.71,0.47,0.55,0.40,0.34,1.17,0.29,0.09,0.01,0.00,0.00,0.00,0.00,0.00
2025-12-14,0,1,12,冬,7520.00,0.04,1462.90,10,18.6,11.7,14.3,0.0,9.62,85.9,11.7,15.1,6.9,0.41,9,0,2,低辐射,雨天,0.00,0.00,0.00,0.00,0.00,0.00,0.00,80.0,293.3,666.7,875.2,1444.8,1462.9,1123.8,960.0,453.3,160.0,0.00,0.00,0.00,0.00,0.00,0.00,0.00,12.2,12.3,12.2,12.8,12.7,12.4,12.0,11.9,11.7,13.0,14.0,15.1,15.6,17.9,18.0,18.6,17.6,17.2,16.1,14.9,14.8,14.1,13.4,13.0,0.00,0.00,0.00,0.00,0.00,0.00,0.00,0.00,0.00,0.00,0.00,0.00,0.00,0.00,0.00,0.00,0.00,0.00,0.00,0.00,0.00,0.00,0.00,0.00,15.1,13.5,13.4,13.4,12.5,13.6,14.1,12.2,12.1,14.4,13.5,13.1,12.4,13.4,12.0,13.4,13.0,11.7,9.50,8.50,8.30,6.40,6.20,6.20,88.0,27.0,100.0,97.0,100.0,100.0,100.0,100.0,95.0,100.0,100.0,100.0,99.0,83.0,78.0,100.0,100.0,100.0,100.0,16.0,100.0,52.0,39.0,88.0,0.00,0.00,0.00,0.00,0.00,0.00,0.00,0.00,0.08,0.52,0.70,1.00,0.98,2.10,1.60,1.63,0.61,0.36,0.06,0.00,0.00,0.00,0.00,0.00
2025-12-15,1,0,12,冬,6800.00,0.04,1559.90,11,19.6,9.5,14.6,0.0,10.48,47.3,5.1,7.7,10.1,0.45,10,0,0,中等辐射,多云,0.00,0.00,0.00,0.00,0.00,0.00,0.00,160.0,400.0,440.1,1559.9,931.9,908.1,560.0,960.0,560.0,240.0,80.0,0.00,0.00,0.00,0.00,0.00,0.00,12.5,12.2,11.6,10.9,10.5,10.0,9.60,9.50,10.4,12.7,14.6,16.7,18.0,19.2,19.2,19.6,19.4,19.0,18.1,17.7,16.2,15.6,14.4,13.2,0.00,0.00,0.00,0.00,0.00,0.00,0.00,0.00,0.00,0.00,0.00,0.00,0.00,0.00,0.00,0.00,0.00,0.00,0.00,0.00,0.00,0.00,0.00,0.00,6.60,6.80,7.70,6.80,7.10,7.60,7.40,6.10,7.00,5.40,6.50,6.40,7.10,7.50,4.90,4.50,4.00,3.90,2.50,1.80,1.10,0.70,0.60,2.30,75.0,32.0,13.0,0.00,0.00,0.00,0.00,0.00,55.0,73.0,98.0,100.0,91.0,0.00,27.0,100.0,100.0,100.0,100.0,100.0,45.0,16.0,4.00,5.00,0.00,0.00,0.00,0.00,0.00,0.00,0.00,0.00,0.19,0.60,0.91,1.39,1.50,1.87,1.95,1.24,0.56,0.23,0.03,0.00,0.00,0.00,0.00,0.00
2025-12-16,2,0,12,冬,10320.00,0.05,1796.80,10,23.8,12.2,18.3,0.0,13.90,29.4,5.9,8.5,11.6,0.59,10,0,0,中等辐射,多云,0.00,0.00,0.00,0.00,0.00,0.00,0.00,80.0,560.0,800.0,1195.2,1796.8,1728.0,1520.0,1466.8,773.2,400.0,0.00,0.00,0.00,0.00,0.00,0.00,0.00,12.5,12.2,12.9,14.2,14.9,15.1,15.2,14.6,16.1,17.9,19.8,21.4,22.5,23.4,23.8,23.7,23.4,22.5,20.9,19.9,19.0,18.7,17.9,17.7,0.00,0.00,0.00,0.00,0.00,0.00,0.00,0.00,0.00,0.00,0.00,0.00,0.00,0.00,0.00,0.00,0.00,0.00,0.00,0.00,0.00,0.00,0.00,0.00,3.30,0.40,3.50,4.90,5.70,6.90,7.80,7.20,6.50,7.50,8.20,8.50,8.50,8.50,7.70,8.40,7.80,5.80,3.30,4.80,4.50,5.20,4.00,2.50,6.00,41.0,100.0,98.0,96.0,87.0,5.00,0.00,14.0,15.0,5.00,1.00,2.00,2.00,39.0,46.0,13.0,48.0,6.00,2.00,11.0,19.0,30.0,19.0,0.00,0.00,0.00,0.00,0.00,0.00,0.00,0.00,0.18,0.62,1.35,1.92,2.25,2.35,2.08,1.43,1.08,0.56,0.08,0.00,0.00,0.00,0.00,0.00
2025-12-17,3,0,12,冬,10960.00,0.06,1910.90,11,26.8,15.5,20.5,0.0,15.00,8.7,8.0,12.2,11.3,0.64,10,0,0,中等辐射,晴天,0.00,0.00,0.00,0.00,0.00,0.00,0.00,240.0,560.0,880.0,1520.0,1715.7,1910.9,1253.4,1600.0,880.0,320.0,80.0,0.00,0.00,0.00,0.00,0.00,0.00,17.0,16.3,15.9,15.8,15.5,15.5,15.6,15.6,16.6,19.2,21.7,23.7,25.1,26.1,26.6,26.8,26.3,25.2,22.9,22.1,21.9,21.3,20.2,19.2,0.00,0.00,0.00,0.00,0.00,0.00,0.00,0.00,0.00,0.00,0.00,0.00,0.00,0.00,0.00,0.00,0.00,0.00,0.00,0.00,0.00,0.00,0.00,0.00,3.80,4.30,4.80,5.90,6.60,6.80,7.70,7.20,8.00,5.00,7.50,9.30,10.9,12.2,12.1,12.2,12.0,8.50,7.70,9.70,9.00,7.30,6.70,6.60,1.00,6.00,15.0,4.00,3.00,0.00,0.00,5.00,57.0,19.0,34.0,19.0,0.00,0.00,0.00,0.00,0.00,1.00,3.00,4.00,20.0,16.0,2.00,0.00,0.00,0.00,0.00,0.00,0.00,0.00,0.00,0.00,0.18,0.75,1.38,1.90,2.25,2.39,2.25,1.88,1.30,0.63,0.09,0.00,0.00,0.00,0.00,0.00
2025-12-18,4,0,12,冬,10800.00,0.06,1792.00,11,24.8,14.3,19.4,0.0,15.37,7.5,7.2,9.0,10.5,0.66,10,0,0,高辐射,晴天,0.00,0.00,0.00,0.00,0.00,0.00,0.00,80.0,560.0,1097.9,1302.1,1760.0,1792.0,1465.1,1382.9,880.0,400.0,80.0,0.00,0.00,0.00,0.00,0.00,0.00,18.4,17.8,17.1,16.5,15.9,15.4,14.8,14.3,15.3,18.0,20.4,22.3,23.7,24.5,24.6,24.8,24.4,23.6,21.4,19.5,18.5,18.4,18.2,18.4,0.00,0.00,0.00,0.00,0.00,0.00,0.00,0.00,0.00,0.00,0.00,0.00,0.00,0.00,0.00,0.00,0.00,0.00,0.00,0.00,0.00,0.00,0.00,0.00,6.80,6.90,7.10,7.30,7.80,8.10,7.90,7.00,7.20,5.90,8.20,8.20,8.70,8.70,7.40,7.40,6.90,6.20,5.60,9.00,6.90,7.80,6.10,4.70,2.00,2.00,2.00,1.00,2.00,1.00,1.00,0.00,0.00,0.00,0.00,0.00,0.00,0.00,0.00,0.00,0.00,2.00,1.00,1.00,2.00,9.00,54.0,100.0,0.00,0.00,0.00,0.00,0.00,0.00,0.00,0.00,0.18,0.79,1.45,1.99,2.33,2.43,2.28,1.89,1.31,0.64,0.09,0.00,0.00,0.00,0.00,0.00
2025-12-19,5,0,12,冬,7200.00,0.04,1394.30,10,24.5,17.2,20.5,0.6,13.40,50.5,6.5,9.6,7.3,0.57,10,0,0,中等辐射,阴天,0.00,0.00,0.00,0.00,0.00,0.00,0.00,80.0,240.0,640.0,1165.7,1394.3,1280.0,1040.0,710.0,370.0,280.0,0.00,0.00,0.00,0.00,0.00,0.00,0.00,18.8,18.8,18.1,18.2,17.9,18.0,18.2,17.6,17.2,18.7,20.6,22.3,23.2,24.0,24.4,24.5,24.3,23.7,22.3,21.4,20.7,20.3,19.8,19.5,0.00,0.20,0.10,0.00,0.00,0.00,0.00,0.00,0.30,0.00,0.00,0.00,0.00,0.00,0.00,0.00,0.00,0.00,0.00,0.00,0.00,0.00,0.00,0.00,5.10,3.10,4.40,5.10,3.90,5.20,6.90,5.10,5.40,6.00,6.90,8.40,8.80,8.80,7.90,8.30,7.00,4.70,2.70,6.80,9.00,8.90,9.60,9.20,100.0,100.0,99.0,100.0,91.0,100.0,93.0,100.0,58.0,92.0,30.0,20.0,22.0,32.0,27.0,17.0,9.00,9.00,9.00,25.0,30.0,16.0,17.0,16.0,0.00,0.00,0.00,0.00,0.00,0.00,0.00,0.00,0.12,0.57,1.13,1.88,1.99,2.17,2.08,1.59,1.18,0.59,0.09,0.00,0.00,0.00,0.00,0.00
2025-12-20,6,1,12,冬,7360.00,0.04,1360.00,11,26.5,18.0,22.1,0.6,13.13,37.4,6.9,10.4,8.5,0.56,10,0,0,中等辐射,多云,0.00,0.00,0.00,0.00,0.00,0.00,0.00,80.0,224.0,736.0,880.0,1360.0,960.0,1280.0,1040.0,400.0,320.0,80.0,0.00,0.00,0.00,0.00,0.00,0.00,19.3,18.8,19.0,19.3,19.0,18.7,18.3,18.0,19.4,21.8,23.0,24.4,25.5,26.1,26.2,26.5,26.4,25.5,24.1,23.0,22.7,22.8,22.1,21.3,0.00,0.00,0.00,0.00,0.00,0.00,0.00,0.00,0.00,0.00,0.10,0.00,0.00,0.00,0.30,0.10,0.10,0.00,0.00,0.00,0.00,0.00,0.00,0.00,6.90,5.70,7.10,6.40,6.50,6.70,6.90,5.70,6.50,6.80,9.40,10.1,10.4,10.0,8.00,7.80,7.70,7.60,4.40,3.60,4.80,5.60,6.40,5.40,27.0,50.0,100.0,100.0,90.0,46.0,36.0,43.0,23.0,33.0,51.0,45.0,21.0,65.0,40.0,23.0,17.0,11.0,9.00,9.00,23.0,19.0,9.00,8.00,0.00,0.00,0.00,0.00,0.00,0.00,0.00,0.00,0.15,0.70,1.07,1.52,2.05,2.26,1.94,1.58,1.17,0.58,0.09,0.00,0.00,0.00,0.00,0.00
2025-12-21,0,1,12,冬,9920.00,0.05,1886.70,11,27.3,17.9,22.3,0.0,14.21,13.5,9.4,13.5,9.4,0.61,10,0,0,中等辐射,晴天,0.00,0.00,0.00,0.00,0.00,0.00,0.00,80.0,560.0,904.4,1460.5,1588.4,1886.7,1389.0,1011.0,640.0,320.0,80.0,0.00,0.00,0.00,0.00,0.00,0.00,20.6,20.1,19.7,19.6,19.3,18.8,18.3,17.9,18.8,21.5,24.1,25.6,26.6,27.3,27.2,27.1,26.7,26.1,25.0,23.4,21.8,20.7,20.0,19.6,0.00,0.00,0.00,0.00,0.00,0.00,0.00,0.00,0.00,0.00,0.00,0.00,0.00,0.00,0.00,0.00,0.00,0.00,0.00,0.00,0.00,0.00,0.00,0.00,5.60,6.70,6.90,7.80,5.20,5.90,7.90,8.70,8.10,7.30,10.8,13.2,12.5,13.0,12.4,11.2,9.30,9.30,12.6,13.5,7.80,8.80,9.20,10.8,14.0,7.00,3.00,5.00,0.00,0.00,0.00,5.00,7.00,7.00,1.00,0.00,0.00,5.00,42.0,41.0,13.0,12.0,22.0,16.0,27.0,24.0,34.0,38.0,0.00,0.00,0.00,0.00,0.00,0.00,0.00,0.00,0.17,0.73,1.38,1.93,2.27,2.38,2.00,1.52,1.13,0.59,0.10,0.00,0.00,0.00,0.00,0.00
2025-12-22,1,0,12,冬,6080.00,0.03,1240.00,11,23.1,16.8,19.9,0.0,12.58,50.0,9.1,11.6,6.3,0.54,11,0,0,中等辐射,阴天,0.00,0.00,0.00,0.00,0.00,0.00,0.00,80.0,176.0,304.0,720.0,800.0,1000.0,1240.0,800.0,640.0,240.0,80.0,0.00,0.00,0.00,0.00,0.00,0.00,19.1,18.7,18.9,19.2,18.8,18.4,17.7,16.8,18.1,19.0,19.9,21.0,22.4,23.0,22.6,23.1,23.0,22.3,20.8,19.4,18.5,18.5,18.3,19.0,0.00,0.00,0.00,0.00,0.00,0.00,0.00,0.00,0.00,0.00,0.00,0.00,0.00,0.00,0.00,0.00,0.00,0.00,0.00,0.00,0.00,0.00,0.00,0.00,11.6,10.9,9.40,9.70,9.90,9.70,10.6,10.8,9.00,8.80,8.60,8.10,8.10,9.20,7.60,6.30,5.80,6.50,7.90,10.5,8.60,9.80,10.7,11.0,48.0,100.0,91.0,91.0,89.0,30.0,16.0,5.00,25.0,100.0,100.0,98.0,51.0,41.0,36.0,1.00,2.00,0.00,4.00,20.0,1.00,51.0,100.0,100.0,0.00,0.00,0.00,0.00,0.00,0.00,0.00,0.00,0.15,0.57,0.89,1.49,1.87,1.80,2.08,1.69,1.29,0.65,0.10,0.00,0.00,0.00,0.00,0.00
2025-12-23,2,0,12,冬,9280.00,0.05,1720.00,10,24.5,16.4,20.2,0.0,13.90,33.7,8.2,12.2,8.1,0.60,11,0,0,中等辐射,多云,0.00,0.00,0.00,0.00,0.00,0.00,0.00,0.00,468.6,651.4,1280.0,1289.9,1350.1,1280.0,1720.0,760.0,400.0,80.0,0.00,0.00,0.00,0.00,0.00,0.00,18.8,18.2,17.8,17.7,17.4,17.1,16.8,16.4,17.5,19.5,20.8,22.3,23.4,24.4,23.9,24.5,24.0,22.8,21.4,20.7,20.5,20.0,20.1,19.7,0.00,0.00,0.00,0.00,0.00,0.00,0.00,0.00,0.00,0.00,0.00,0.00,0.00,0.00,0.00,0.00,0.00,0.00,0.00,0.00,0.00,0.00,0.00,0.00,11.3,12.2,9.20,10.1,10.9,9.30,10.2,7.10,7.20,7.60,8.10,8.50,8.30,9.00,9.00,10.5,9.80,9.70,5.50,4.30,1.00,4.80,7.00,6.80,55.0,100.0,23.0,21.0,15.0,29.0,2.00,7.00,9.00,36.0,29.0,23.0,44.0,48.0,8.00,3.00,2.00,5.00,5.00,13.0,55.0,96.0,95.0,86.0,0.00,0.00,0.00,0.00,0.00,0.00,0.00,0.00,0.15,0.72,1.19,1.69,2.01,2.15,2.08,1.85,1.31,0.65,0.10,0.00,0.00,0.00,0.00,0.00
2025-12-24,3,0,12,冬,5440.00,0.03,1516.20,10,27.7,16.8,21.6,0.0,13.62,25.9,4.6,8.8,10.9,0.58,10,0,0,中等辐射,多云,0.00,0.00,0.00,0.00,0.00,0.00,0.00,80.0,400.0,720.0,240.0,763.8,1516.2,840.0,498.8,221.2,160.0,0.00,0.00,0.00,0.00,0.00,0.00,0.00,19.1,19.1,18.7,18.5,18.0,17.5,17.3,16.8,16.9,20.1,22.2,24.2,25.8,27.2,27.0,27.7,27.1,25.4,23.7,22.8,22.0,21.2,20.4,19.8,0.00,0.00,0.00,0.00,0.00,0.00,0.00,0.00,0.00,0.00,0.00,0.00,0.00,0.00,0.00,0.00,0.00,0.00,0.00,0.00,0.00,0.00,0.00,0.00,6.20,6.60,6.00,5.10,4.10,3.40,5.30,4.80,4.20,2.70,4.60,4.90,3.20,1.10,1.80,2.50,4.90,8.80,6.90,5.70,5.10,2.70,2.20,7.40,7.00,5.00,2.00,3.00,3.00,12.0,14.0,0.00,13.0,90.0,32.0,16.0,10.0,37.0,39.0,57.0,80.0,26.0,17.0,16.0,21.0,16.0,29.0,76.0,0.00,0.00,0.00,0.00,0.00,0.00,0.00,0.00,0.15,0.69,0.98,1.69,2.22,2.31,2.04,1.74,1.15,0.56,0.10,0.00,0.00,0.00,0.00,0.00
2025-12-25,4,0,12,冬,5520.00,0.03,1206.20,10,19.9,13.4,15.7,0.3,10.46,74.8,17.0,20.8,6.5,0.45,9,0,1,中等辐射,阴天,0.00,0.00,0.00,0.00,0.00,0.00,0.00,80.0,41.5,198.5,320.0,565.0,1067.4,1206.2,1161.4,560.0,320.0,0.00,0.00,0.00,0.00,0.00,0.00,0.00,19.9,18.5,17.9,17.1,16.6,15.9,14.4,13.4,13.8,14.8,15.3,15.9,16.3,17.0,16.9,17.0,16.7,15.4,14.4,13.6,13.7,13.8,13.9,13.8,0.00,0.00,0.00,0.00,0.00,0.00,0.10,0.20,0.00,0.00,0.00,0.00,0.00,0.00,0.00,0.00,0.00,0.00,0.00,0.00,0.00,0.00,0.00,0.00,12.2,13.5,12.4,13.9,14.7,16.9,17.9,17.1,16.4,17.8,18.4,19.3,17.8,19.1,20.5,19.5,20.5,20.8,19.2,17.4,17.2,15.2,14.1,15.5,13.0,26.0,41.0,100.0,100.0,100.0,100.0,100.0,100.0,100.0,100.0,99.0,94.0,35.0,44.0,22.0,26.0,66.0,30.0,100.0,100.0,100.0,100.0,98.0,0.00,0.00,0.00,0.00,0.00,0.00,0.00,0.00,0.04,0.29,0.44,0.79,1.18,1.84,2.20,1.80,1.24,0.54,0.09,0.00,0.00,0.00,0.00,0.00
2025-12-26,5,0,12,冬,3520.00,0.02,640.00,9,14.7,10.6,12.7,0.0,7.89,95.4,11.0,15.3,4.1,0.34,10,0,2,低辐射,雨天,0.00,0.00,0.00,0.00,0.00,0.00,0.00,80.0,160.0,285.7,594.3,529.5,590.5,560.0,640.0,0.00,80.0,0.00,0.00,0.00,0.00,0.00,0.00,0.00,13.4,12.7,13.1,12.7,12.3,11.6,11.1,10.6,11.0,11.3,12.2,13.5,14.2,14.7,14.1,14.1,13.7,13.3,13.0,12.8,12.5,12.4,12.2,12.1,0.00,0.00,0.00,0.00,0.00,0.00,0.00,0.00,0.00,0.00,0.00,0.00,0.00,0.00,0.00,0.00,0.00,0.00,0.00,0.00,0.00,0.00,0.00,0.00,15.3,13.6,13.4,13.0,13.1,12.8,13.5,12.2,13.2,12.1,11.9,11.9,11.3,10.4,10.1,10.0,9.50,9.30,9.60,9.00,7.60,7.50,7.30,7.20,96.0,98.0,100.0,99.0,100.0,84.0,62.0,67.0,100.0,100.0,91.0,92.0,100.0,100.0,100.0,100.0,100.0,100.0,100.0,100.0,100.0,100.0,100.0,100.0,0.00,0.00,0.00,0.00,0.00,0.00,0.00,0.00,0.13,0.27,0.61,1.33,1.66,1.48,1.24,0.69,0.34,0.14,0.03,0.00,0.00,0.00,0.00,0.00
2025-12-27,6,1,12,冬,10960.00,0.06,1796.40,11,19.4,11.4,14.8,0.0,12.33,55.0,6.5,8.8,8.0,0.53,10,0,0,中等辐射,阴天,0.00,0.00,0.00,0.00,0.00,0.00,0.00,80.0,284.5,1155.5,1477.6,1722.4,1643.6,1796.4,1576.1,743.9,400.0,80.0,0.00,0.00,0.00,0.00,0.00,0.00,12.0,11.9,11.7,11.8,11.8,11.5,11.4,11.6,12.2,13.6,15.4,16.9,17.9,18.8,19.0,19.4,19.4,18.7,16.9,15.8,15.1,14.7,14.0,13.5,0.00,0.00,0.00,0.00,0.00,0.00,0.00,0.00,0.00,0.00,0.00,0.00,0.00,0.00,0.00,0.00,0.00,0.00,0.00,0.00,0.00,0.00,0.00,0.00,6.60,6.00,5.70,7.00,7.60,7.60,7.00,6.90,6.30,6.70,6.90,7.50,7.80,8.40,8.50,8.80,7.60,7.10,5.30,5.20,4.10,3.00,4.10,3.50,100.0,85.0,93.0,99.0,74.0,65.0,98.0,99.0,95.0,13.0,88.0,100.0,88.0,100.0,100.0,2.00,12.0,2.00,2.00,4.00,0.00,0.00,0.00,1.00,0.00,0.00,0.00,0.00,0.00,0.00,0.00,0.00,0.09,0.54,1.27,1.71,1.69,1.77,1.74,1.39,1.33,0.68,0.12,0.00,0.00,0.00,0.00,0.00
2025-12-28,0,1,12,冬,9520.00,0.05,1600.00,11,21.5,10.0,15.8,0.2,13.08,23.6,3.3,4.5,11.5,0.56,11,0,0,中等辐射,多云,0.00,0.00,0.00,0.00,0.00,0.00,0.00,160.0,480.0,880.0,1280.0,1495.8,1144.2,1600.0,1360.0,560.0,480.0,80.0,0.00,0.00,0.00,0.00,0.00,0.00,13.0,12.6,12.2,11.7,11.2,10.7,10.2,10.0,11.7,15.5,18.2,19.8,20.6,20.9,20.8,21.5,21.5,20.8,18.4,17.1,16.3,15.8,15.0,14.4,0.00,0.00,0.00,0.00,0.00,0.00,0.00,0.00,0.00,0.00,0.00,0.10,0.10,0.00,0.00,0.00,0.00,0.00,0.00,0.00,0.00,0.00,0.00,0.00,4.20,3.70,4.50,4.40,4.30,4.30,3.70,2.60,2.40,1.20,3.50,1.80,2.40,3.30,4.30,3.80,3.00,3.70,3.10,3.10,2.10,4.10,4.20,2.60,0.00,1.00,2.00,0.00,0.00,1.00,0.00,0.00,0.00,16.0,22.0,100.0,100.0,100.0,100.0,64.0,24.0,20.0,14.0,2.00,0.00,0.00,0.00,0.00,0.00,0.00,0.00,0.00,0.00,0.00,0.00,0.00,0.15,0.71,1.38,1.88,1.92,1.79,1.63,1.62,1.23,0.66,0.12,0.00,0.00,0.00,0.00,0.00
2025-12-29,1,0,12,冬,9680.00,0.05,1600.00,10,23.1,10.8,16.9,0.0,14.30,19.5,2.6,4.8,12.3,0.61,10,0,0,中等辐射,晴天,0.00,0.00,0.00,0.00,0.00,0.00,0.00,80.0,480.0,880.0,1360.0,1600.0,1600.0,1489.3,1270.7,600.0,320.0,0.00,0.00,0.00,0.00,0.00,0.00,0.00,13.8,13.5,13.0,12.5,12.0,11.6,11.2,10.8,11.3,15.2,18.4,20.5,21.8,23.0,23.0,23.1,22.5,21.7,20.5,19.4,17.8,17.3,16.7,16.1,0.00,0.00,0.00,0.00,0.00,0.00,0.00,0.00,0.00,0.00,0.00,0.00,0.00,0.00,0.00,0.00,0.00,0.00,0.00,0.00,0.00,0.00,0.00,0.00,2.00,0.80,1.60,2.70,3.20,3.60,2.30,1.30,3.90,1.60,3.10,3.30,3.10,3.60,4.10,1.70,1.00,2.00,2.50,1.80,4.80,4.50,3.30,1.50,0.00,0.00,0.00,0.00,0.00,0.00,0.00,0.00,0.00,0.00,0.00,0.00,0.00,55.0,54.0,95.0,100.0,100.0,23.0,26.0,5.00,2.00,2.00,6.00,0.00,0.00,0.00,0.00,0.00,0.00,0.00,0.00,0.15,0.73,1.41,1.97,2.33,2.44,2.30,1.71,0.90,0.31,0.07,0.00,0.00,0.00,0.00,0.00
2025-12-30,2,0,12,冬,10720.00,0.06,1755.00,11,24.2,12.7,18.2,0.0,13.89,18.4,5.3,7.5,11.5,0.59,11,0,0,中等辐射,晴天,0.00,0.00,0.00,0.00,0.00,0.00,0.00,80.0,400.0,960.0,1344.0,1701.0,1755.0,1680.0,1440.0,960.0,320.0,80.0,0.00,0.00,0.00,0.00,0.00,0.00,15.3,14.9,14.4,14.1,13.7,13.2,13.0,12.7,14.2,17.3,19.9,21.9,23.2,24.2,23.2,23.7,23.7,23.1,21.4,20.1,18.8,18.0,16.9,15.8,0.00,0.00,0.00,0.00,0.00,0.00,0.00,0.00,0.00,0.00,0.00,0.00,0.00,0.00,0.00,0.00,0.00,0.00,0.00,0.00,0.00,0.00,0.00,0.00,2.20,3.50,4.90,5.20,4.70,4.40,4.90,4.70,6.80,4.40,5.80,6.50,6.10,6.40,7.00,7.10,7.40,7.50,4.40,5.50,5.70,3.10,5.50,2.80,9.00,8.00,5.00,7.00,2.00,1.00,0.00,0.00,0.00,0.00,0.00,0.00,16.0,60.0,56.0,35.0,49.0,100.0,72.0,1.00,0.00,7.00,10.0,4.00,0.00,0.00,0.00,0.00,0.00,0.00,0.00,0.00,0.15,0.74,1.42,1.97,2.33,2.37,1.64,1.43,1.15,0.58,0.12,0.00,0.00,0.00,0.00,0.00
2025-12-31,3,0,12,冬,6160.00,0.03,1145.60,9,22.8,12.9,17.8,0.0,10.62,80.1,6.3,11.7,9.9,0.45,10,0,1,中等辐射,雨天,0.00,0.00,0.00,0.00,0.00,0.00,0.00,0.00,400.0,1014.4,1145.6,880.0,720.0,653.6,626.4,480.0,240.0,0.00,0.00,0.00,0.00,0.00,0.00,0.00,15.0,14.5,14.6,14.2,13.4,13.0,12.9,13.1,14.0,17.7,19.7,21.0,21.7,22.4,22.6,22.8,22.3,21.8,20.6,19.2,18.1,18.1,17.9,17.7,0.00,0.00,0.00,0.00,0.00,0.00,0.00,0.00,0.00,0.00,0.00,0.00,0.00,0.00,0.00,0.00,0.00,0.00,0.00,0.00,0.00,0.00,0.00,0.00,4.20,5.70,4.20,0.90,0.80,2.60,4.00,5.10,4.60,5.60,11.2,11.7,11.2,11.7,10.2,8.60,7.00,5.60,2.50,6.50,4.90,6.70,7.00,7.70,8.00,11.0,1.00,16.0,96.0,98.0,97.0,86.0,98.0,98.0,89.0,100.0,80.0,100.0,94.0,100.0,100.0,100.0,97.0,59.0,98.0,99.0,98.0,99.0,0.00,0.00,0.00,0.00,0.00,0.00,0.00,0.00,0.14,0.44,0.96,1.62,1.68,1.86,1.40,1.31,0.76,0.37,0.09,0.00,0.00,0.00,0.00,0.00
2026-01-01,4,0,1,冬,6800.00,0.04,1360.00,11,22.5,14.7,18.1,0.3,10.08,48.8,9.9,14.7,7.8,0.43,11,0,0,中等辐射,多云,0.00,0.00,0.00,0.00,0.00,0.00,0.00,80.0,426.7,870.2,1343.1,1360.0,919.2,760.8,320.0,400.0,240.0,80.0,0.00,0.00,0.00,0.00,0.00,0.00,17.6,17.6,17.0,16.9,16.2,15.8,15.5,15.1,16.2,18.4,19.3,20.1,22.2,22.5,20.4,20.9,21.4,19.8,19.1,18.4,17.6,16.7,15.7,14.7,0.00,0.00,0.00,0.00,0.00,0.00,0.00,0.00,0.00,0.00,0.00,0.00,0.00,0.00,0.20,0.00,0.00,0.10,0.00,0.00,0.00,0.00,0.00,0.00,8.30,8.60,5.40,5.60,6.50,7.60,7.20,6.90,8.30,8.60,8.60,7.90,10.5,14.7,10.6,11.1,12.9,12.5,9.70,12.9,12.8,14.0,13.7,13.1,100.0,100.0,100.0,20.0,6.00,2.00,3.00,10.0,98.0,100.0,100.0,20.0,53.0,100.0,100.0,28.0,33.0,50.0,46.0,67.0,9.00,1.00,3.00,23.0,0.00,0.00,0.00,0.00,0.00,0.00,0.00,0.00,0.13,0.50,0.78,1.18,2.10,1.75,1.06,0.81,1.08,0.58,0.11,0.00,0.00,0.00,0.00,0.00
2026-01-02,5,0,1,冬,12160.00,0.06,2000.00,11,17.4,9.9,13.7,0.0,15.79,9.5,13.4,17.0,7.5,0.67,11,0,0,高辐射,晴天,0.00,0.00,0.00,0.00,0.00,0.00,0.00,80.0,560.0,1120.0,1622.4,1817.6,2000.0,1802.9,1589.1,1008.0,480.0,80.0,0.00,0.00,0.00,0.00,0.00,0.00,14.0,13.4,13.6,13.1,12.2,11.2,10.6,9.90,10.5,11.9,13.2,14.6,15.7,16.7,17.0,17.4,17.2,16.5,15.3,14.5,13.7,13.3,12.6,11.7,0.00,0.00,0.00,0.00,0.00,0.00,0.00,0.00,0.00,0.00,0.00,0.00,0.00,0.00,0.00,0.00,0.00,0.00,0.00,0.00,0.00,0.00,0.00,0.00,13.6,14.3,12.6,12.6,13.6,13.9,14.3,13.6,11.7,15.4,17.0,16.9,16.1,15.9,14.3,13.6,13.4,13.2,10.8,12.1,10.0,9.30,11.3,12.7,22.0,23.0,66.0,49.0,38.0,17.0,4.00,0.00,3.00,0.00,0.00,1.00,3.00,2.00,0.00,0.00,0.00,0.00,0.00,0.00,0.00,0.00,0.00,0.00,0.00,0.00,0.00,0.00,0.00,0.00,0.00,0.00,0.14,0.72,1.41,1.97,2.34,2.48,2.37,2.01,1.45,0.76,0.15,0.00,0.00,0.00,0.00,0.00
2026-01-03,6,1,1,冬,11920.00,0.06,1920.00,11,16.9,7.2,11.7,0.0,14.22,21.4,7.9,12.9,9.7,0.60,11,0,0,中等辐射,多云,0.00,0.00,0.00,0.00,0.00,0.00,0.00,80.0,480.0,1169.7,1550.3,1840.0,1920.0,1680.0,1520.0,1040.0,560.0,80.0,0.00,0.00,0.00,0.00,0.00,0.00,10.7,9.70,8.60,8.00,7.50,7.40,7.40,7.20,7.60,9.00,10.6,12.9,14.4,15.8,16.3,16.9,16.7,16.1,14.4,13.6,12.9,12.5,12.4,12.2,0.00,0.00,0.00,0.00,0.00,0.00,0.00,0.00,0.00,0.00,0.00,0.00,0.00,0.00,0.00,0.00,0.00,0.00,0.00,0.00,0.00,0.00,0.00,0.00,12.9,12.5,12.5,12.3,11.3,10.6,9.40,8.60,7.60,8.30,7.20,7.40,8.30,7.90,6.00,5.50,6.60,6.70,3.20,2.40,2.70,4.80,6.60,7.40,0.00,0.00,0.00,1.00,50.0,77.0,76.0,14.0,83.0,81.0,62.0,61.0,2.00,0.00,1.00,1.00,1.00,1.00,0.00,0.00,3.00,0.00,0.00,0.00,0.00,0.00,0.00,0.00,0.00,0.00,0.00,0.00,0.13,0.54,0.95,1.65,1.97,2.30,2.33,1.97,1.44,0.77,0.15,0.00,0.00,0.00,0.00,0.00
2026-01-04,0,1,1,冬,11520.00,0.06,1920.00,10,20.8,10.8,15.4,0.0,15.96,15.0,6.1,11.1,10.0,0.67,11,0,0,高辐射,晴天,0.00,0.00,0.00,0.00,0.00,0.00,0.00,0.00,480.0,1120.0,1360.0,1840.0,1920.0,1760.0,1440.0,1040.0,480.0,80.0,0.00,0.00,0.00,0.00,0.00,0.00,11.9,11.1,10.9,10.8,10.8,10.8,11.0,11.4,11.9,15.5,17.3,18.4,19.4,20.3,20.3,20.8,20.6,19.9,18.0,16.8,15.9,15.5,15.0,14.3,0.00,0.00,0.00,0.00,0.00,0.00,0.00,0.00,0.00,0.00,0.00,0.00,0.00,0.00,0.00,0.00,0.00,0.00,0.00,0.00,0.00,0.00,0.00,0.00,5.80,5.10,0.50,0.90,2.90,4.50,7.70,8.50,7.90,9.20,11.1,10.8,9.60,8.80,7.90,8.00,8.50,7.20,4.60,5.50,5.00,1.90,1.30,2.10,0.00,0.00,44.0,46.0,12.0,45.0,56.0,36.0,2.00,2.00,0.00,0.00,0.00,0.00,1.00,0.00,0.00,0.00,0.00,0.00,7.00,14.0,20.0,75.0,0.00,0.00,0.00,0.00,0.00,0.00,0.00,0.00,0.12,0.73,1.42,1.99,2.37,2.51,2.40,2.02,1.47,0.77,0.16,0.00,0.00,0.00,0.00,0.00
2026-01-05,1,0,1,冬,11120.00,0.06,1760.00,10,21.5,10.3,15.4,0.0,15.34,16.1,9.9,16.2,11.2,0.65,11,0,0,高辐射,晴天,0.00,0.00,0.00,0.00,0.00,0.00,0.00,80.0,480.0,960.0,1440.0,1760.0,1711.0,1649.0,1440.0,960.0,640.0,0.00,0.00,0.00,0.00,0.00,0.00,0.00,13.8,13.2,12.0,11.5,11.0,10.7,10.4,10.3,11.3,14.2,17.2,19.4,20.1,21.0,21.5,21.3,20.7,19.6,17.9,16.4,15.2,14.2,13.4,12.7,0.00,0.00,0.00,0.00,0.00,0.00,0.00,0.00,0.00,0.00,0.00,0.00,0.00,0.00,0.00,0.00,0.00,0.00,0.00,0.00,0.00,0.00,0.00,0.00,1.50,1.40,2.70,2.40,3.10,6.40,6.90,6.20,8.90,6.10,8.60,11.6,13.9,13.3,13.8,14.8,15.2,15.8,15.1,16.2,14.8,13.7,12.8,13.3,71.0,68.0,41.0,0.00,26.0,14.0,20.0,20.0,0.00,0.00,3.00,59.0,0.00,13.0,0.00,0.00,0.00,3.00,7.00,27.0,3.00,7.00,5.00,0.00,0.00,0.00,0.00,0.00,0.00,0.00,0.00,0.00,0.14,0.73,1.42,1.88,1.99,2.48,2.31,2.01,1.45,0.77,0.16,0.00,0.00,0.00,0.00,0.00
2026-01-06,2,0,1,冬,11360.00,0.06,1864.60,11,16.3,8.9,12.2,0.0,15.71,27.2,14.1,16.4,7.4,0.66,10,0,0,高辐射,多云,0.00,0.00,0.00,0.00,0.00,0.00,0.00,80.0,320.0,800.0,1600.0,1840.0,1815.4,1864.6,1520.0,920.0,520.0,80.0,0.00,0.00,0.00,0.00,0.00,0.00,12.0,11.4,10.9,10.4,9.80,9.40,9.00,8.90,9.50,10.3,12.2,13.9,15.2,16.3,16.1,16.3,16.1,15.2,13.7,12.7,11.4,10.9,10.4,10.0,0.00,0.00,0.00,0.00,0.00,0.00,0.00,0.00,0.00,0.00,0.00,0.00,0.00,0.00,0.00,0.00,0.00,0.00,0.00,0.00,0.00,0.00,0.00,0.00,13.0,13.3,12.9,13.6,13.6,15.0,14.4,13.5,13.9,13.0,13.3,14.7,14.4,13.9,14.0,14.2,15.4,16.4,14.4,15.0,16.1,15.0,13.0,12.6,0.00,3.00,13.0,20.0,37.0,33.0,57.0,88.0,99.0,0.00,0.00,0.00,1.00,0.00,0.00,72.0,64.0,51.0,65.0,49.0,0.00,0.00,0.00,0.00,0.00,0.00,0.00,0.00,0.00,0.00,0.00,0.00,0.08,0.41,1.43,2.00,2.38,2.52,2.40,2.05,1.49,0.80,0.17,0.00,0.00,0.00,0.00,0.00
2026-01-07,3,0,1,冬,12320.00,0.06,2031.00,11,16.7,6.6,11.2,0.0,16.83,0.0,10.9,15.8,10.1,0.70,11,0,0,高辐射,晴天,0.00,0.00,0.00,0.00,0.00,0.00,0.00,80.0,560.0,1040.0,1520.0,1920.0,2031.0,1809.0,1600.0,1040.0,640.0,80.0,0.00,0.00,0.00,0.00,0.00,0.00,9.50,8.80,7.90,7.60,7.20,7.00,6.90,6.60,7.50,9.80,11.7,13.1,14.5,15.5,16.1,16.7,16.5,15.8,14.1,12.9,11.8,11.4,10.7,9.70,0.00,0.00,0.00,0.00,0.00,0.00,0.00,0.00,0.00,0.00,0.00,0.00,0.00,0.00,0.00,0.00,0.00,0.00,0.00,0.00,0.00,0.00,0.00,0.00,11.4,10.1,8.80,10.3,12.1,12.6,12.8,11.2,12.3,11.3,15.5,15.8,14.1,13.0,10.4,10.7,11.1,11.3,7.20,7.10,6.80,8.00,9.00,8.50,0.00,0.00,0.00,0.00,0.00,0.00,0.00,0.00,0.00,0.00,0.00,0.00,0.00,0.00,0.00,0.00,0.00,0.00,0.00,0.00,0.00,0.00,0.00,0.00,0.00,0.00,0.00,0.00,0.00,0.00,0.00,0.00,0.14,0.77,1.49,2.08,2.47,2.62,2.51,2.15,1.57,0.85,0.19,0.00,0.00,0.00,0.00,0.00
2026-01-08,4,0,1,冬,12720.00,0.07,2053.70,11,18.9,6.8,12.4,0.0,17.16,18.4,10.6,16.9,12.1,0.72,11,0,0,高辐射,晴天,0.00,0.00,0.00,0.00,0.00,0.00,0.00,80.0,480.0,1120.0,1680.0,1866.7,2053.7,1938.3,1642.5,1098.8,680.0,80.0,0.00,0.00,0.00,0.00,0.00,0.00,9.10,8.90,8.40,8.40,8.10,7.50,7.00,6.80,7.70,10.7,13.1,15.0,16.6,17.7,18.5,18.9,18.7,18.1,16.2,14.9,13.0,12.7,11.6,10.7,0.00,0.00,0.00,0.00,0.00,0.00,0.00,0.00,0.00,0.00,0.00,0.00,0.00,0.00,0.00,0.00,0.00,0.00,0.00,0.00,0.00,0.00,0.00,0.00,8.10,9.50,8.90,9.70,10.7,10.6,10.0,10.3,11.7,10.7,15.3,16.9,16.5,15.6,12.5,12.4,12.5,12.0,7.80,6.50,4.70,7.70,7.50,6.70,0.00,0.00,0.00,0.00,0.00,0.00,0.00,0.00,0.00,0.00,0.00,0.00,0.00,0.00,0.00,0.00,54.0,56.0,0.00,0.00,88.0,95.0,74.0,74.0,0.00,0.00,0.00,0.00,0.00,0.00,0.00,0.00,0.15,0.79,1.52,2.12,2.52,2.67,2.55,2.18,1.60,0.88,0.20,0.00,0.00,0.00,0.00,0.00
2026-01-09,5,0,1,冬,12240.00,0.06,1920.00,10,20.1,6.8,13.0,0.0,17.06,63.5,6.4,9.0,13.3,0.71,11,0,0,高辐射,阴天,0.00,0.00,0.00,0.00,0.00,0.00,0.00,0.00,720.0,960.0,1600.0,1840.0,1920.0,1840.0,1680.0,1025.5,574.5,80.0,0.00,0.00,0.00,0.00,0.00,0.00,10.1,9.90,9.00,8.70,8.20,7.80,7.30,6.80,7.40,10.4,13.5,15.9,17.8,19.0,19.5,20.1,19.9,19.1,16.7,15.1,13.8,12.8,12.1,11.6,0.00,0.00,0.00,0.00,0.00,0.00,0.00,0.00,0.00,0.00,0.00,0.00,0.00,0.00,0.00,0.00,0.00,0.00,0.00,0.00,0.00,0.00,0.00,0.00,7.60,9.00,7.60,7.60,8.10,7.70,6.80,5.80,7.60,5.00,7.10,8.20,8.50,8.10,6.90,6.70,7.30,7.60,5.20,5.30,2.60,3.60,2.30,1.00,52.0,80.0,83.0,79.0,13.0,2.00,1.00,2.00,98.0,69.0,80.0,77.0,89.0,96.0,91.0,79.0,44.0,27.0,79.0,89.0,62.0,55.0,97.0,79.0,0.00,0.00,0.00,0.00,0.00,0.00,0.00,0.00,0.14,0.79,1.51,2.11,2.50,2.65,2.53,2.17,1.59,0.88,0.20,0.00,0.00,0.00,0.00,0.00
2026-01-10,6,1,1,冬,11680.00,0.06,1840.40,11,22.2,7.2,14.6,0.0,16.84,47.6,6.1,10.2,15.0,0.70,11,0,0,高辐射,多云,0.00,0.00,0.00,0.00,0.00,0.00,0.00,160.0,400.0,986.7,1573.3,1760.0,1840.4,1759.6,1520.0,1112.0,488.0,80.0,0.00,0.00,0.00,0.00,0.00,0.00,11.2,10.5,9.70,8.70,8.40,8.20,7.40,7.20,7.30,11.3,15.3,18.0,19.8,21.0,21.8,22.2,22.0,21.2,18.9,17.5,16.5,16.0,15.3,14.3,0.00,0.00,0.00,0.00,0.00,0.00,0.00,0.00,0.00,0.00,0.00,0.00,0.00,0.00,0.00,0.00,0.00,0.00,0.00,0.00,0.00,0.00,0.00,0.00,1.10,2.20,1.60,2.70,3.10,2.50,4.60,5.70,5.60,3.00,5.50,7.50,8.30,9.50,9.30,9.70,9.80,9.50,6.00,6.70,6.40,7.00,8.70,10.2,80.0,84.0,73.0,91.0,85.0,81.0,91.0,75.0,4.00,27.0,5.00,0.00,0.00,0.00,0.00,0.00,0.00,59.0,77.0,59.0,71.0,58.0,67.0,56.0,0.00,0.00,0.00,0.00,0.00,0.00,0.00,0.00,0.14,0.77,1.48,2.08,2.47,2.61,2.50,2.15,1.58,0.87,0.20,0.00,0.00,0.00,0.00,0.00
2026-01-11,0,1,1,冬,12080.00,0.06,1920.00,11,21.4,9.8,15.4,0.0,17.00,52.3,8.6,11.5,11.6,0.70,11,0,0,高辐射,阴天,0.00,0.00,0.00,0.00,0.00,0.00,0.00,80.0,581.8,1018.2,1600.0,1840.0,1920.0,1760.0,1440.0,1120.0,560.0,160.0,0.00,0.00,0.00,0.00,0.00,0.00,14.2,13.7,12.4,12.0,11.6,11.0,10.4,9.80,10.0,12.9,15.9,18.0,19.6,20.7,21.1,21.4,21.0,20.3,18.2,17.1,15.5,14.8,14.3,14.0,0.00,0.00,0.00,0.00,0.00,0.00,0.00,0.00,0.00,0.00,0.00,0.00,0.00,0.00,0.00,0.00,0.00,0.00,0.00,0.00,0.00,0.00,0.00,0.00,11.5,10.7,9.20,9.60,9.80,8.90,8.30,7.40,9.20,6.60,9.20,11.0,10.7,9.80,8.20,8.70,7.90,6.00,2.60,4.80,8.90,9.40,8.80,8.50,64.0,81.0,91.0,87.0,82.0,88.0,87.0,84.0,91.0,66.0,30.0,27.0,20.0,75.0,72.0,80.0,70.0,59.0,0.00,0.00,0.00,0.00,0.00,0.00,0.00,0.00,0.00,0.00,0.00,0.00,0.00,0.00,0.14,0.77,1.49,2.09,2.49,2.63,2.52,2.17,1.59,0.88,0.21,0.00,0.00,0.00,0.00,0.00
2026-01-12,1,0,1,冬,10800.00,0.06,1777.80,11,23.8,10.2,16.5,0.0,16.23,7.0,4.9,7.6,13.6,0.67,11,0,0,高辐射,晴天,0.00,0.00,0.00,0.00,0.00,0.00,0.00,80.0,360.0,1000.0,1360.0,1520.0,1742.2,1777.8,1440.0,960.0,480.0,80.0,0.00,0.00,0.00,0.00,0.00,0.00,13.7,13.2,11.9,11.6,11.1,11.0,10.6,10.2,10.9,13.8,16.5,19.1,20.9,22.1,22.8,23.8,23.7,22.5,20.5,18.7,17.3,16.9,16.8,16.1,0.00,0.00,0.00,0.00,0.00,0.00,0.00,0.00,0.00,0.00,0.00,0.00,0.00,0.00,0.00,0.00,0.00,0.00,0.00,0.00,0.00,0.00,0.00,0.00,7.10,6.50,4.20,2.90,5.10,5.60,6.80,5.80,7.60,5.40,6.00,7.20,6.30,6.10,5.60,4.90,5.70,5.40,3.10,3.50,3.10,1.20,1.30,1.50,16.0,11.0,23.0,0.00,0.00,0.00,0.00,0.00,18.0,30.0,11.0,2.00,2.00,0.00,0.00,0.00,0.00,2.00,3.00,1.00,3.00,2.00,1.00,43.0,0.00,0.00,0.00,0.00,0.00,0.00,0.00,0.00,0.13,0.71,1.36,1.96,2.38,2.54,2.45,2.10,1.54,0.85,0.20,0.00,0.00,0.00,0.00,0.00
2026-01-13,2,0,1,冬,10880.00,0.06,1727.80,11,24.9,11.0,17.6,0.0,16.78,2.6,6.0,9.1,13.9,0.69,11,0,0,高辐射,晴天,0.00,0.00,0.00,0.00,0.00,0.00,0.00,80.0,560.0,862.4,1297.6,1600.0,1727.8,1632.2,1440.0,1040.0,560.0,80.0,0.00,0.00,0.00,0.00,0.00,0.00,15.0,14.1,12.9,12.7,12.3,11.7,11.2,11.0,12.0,15.2,18.4,21.2,23.1,24.2,24.5,24.9,24.7,23.9,21.7,20.0,18.5,17.1,16.2,15.8,0.00,0.00,0.00,0.00,0.00,0.00,0.00,0.00,0.00,0.00,0.00,0.00,0.00,0.00,0.00,0.00,0.00,0.00,0.00,0.00,0.00,0.00,0.00,0.00,2.40,3.10,4.80,5.10,5.10,4.30,4.10,4.60,8.20,5.10,5.20,7.30,7.80,7.50,6.90,6.90,7.00,7.60,7.20,3.80,6.30,9.10,8.10,6.80,27.0,19.0,16.0,0.00,0.00,0.00,0.00,0.00,0.00,0.00,0.00,0.00,0.00,0.00,0.00,0.00,0.00,0.00,0.00,0.00,0.00,0.00,0.00,0.00,0.00,0.00,0.00,0.00,0.00,0.00,0.00,0.00,0.14,0.74,1.45,2.04,2.44,2.60,2.50,2.15,1.59,0.89,0.22,0.00,0.00,0.00,0.00,0.00
2026-01-14,3,0,1,冬,11520.00,0.06,1790.80,11,23.8,11.8,17.6,0.0,16.91,0.2,7.8,13.6,12.0,0.69,11,0,0,高辐射,晴天,0.00,0.00,0.00,0.00,0.00,0.00,0.00,80.0,480.0,1050.4,1442.2,1667.4,1760.0,1790.8,1489.2,1040.0,560.0,160.0,0.00,0.00,0.00,0.00,0.00,0.00,15.2,14.3,13.1,12.6,12.3,11.8,12.2,12.5,13.1,16.8,19.8,21.4,22.4,23.1,23.5,23.8,23.3,22.1,20.0,18.6,18.0,17.6,17.1,16.6,0.00,0.00,0.00,0.00,0.00,0.00,0.00,0.00,0.00,0.00,0.00,0.00,0.00,0.00,0.00,0.00,0.00,0.00,0.00,0.00,0.00,0.00,0.00,0.00,6.00,4.50,4.00,3.60,1.90,4.20,5.50,5.80,6.30,5.50,10.1,12.3,13.4,13.6,12.2,11.7,11.2,10.0,8.40,8.20,6.10,7.30,8.30,6.40,0.00,0.00,0.00,0.00,0.00,0.00,0.00,0.00,0.00,0.00,0.00,0.00,0.00,0.00,1.00,0.00,0.00,0.00,0.00,0.00,0.00,0.00,0.00,3.00,0.00,0.00,0.00,0.00,0.00,0.00,0.00,0.00,0.14,0.74,1.47,2.06,2.46,2.62,2.51,2.17,1.61,0.90,0.23,0.00,0.00,0.00,0.00,0.00
2026-01-15,4,0,1,冬,10560.00,0.06,1727.80,11,26.7,11.6,18.4,0.0,16.81,2.2,5.3,10.5,15.1,0.68,11,0,0,高辐射,晴天,0.00,0.00,0.00,0.00,0.00,0.00,0.00,80.0,480.0,905.2,1494.8,1600.0,1727.8,1632.2,1280.0,880.0,400.0,80.0,0.00,0.00,0.00,0.00,0.00,0.00,15.9,15.3,14.2,13.3,12.6,12.4,11.9,11.6,12.8,17.1,20.4,22.7,24.4,25.6,26.0,26.7,26.2,24.6,21.4,19.2,18.0,17.3,16.7,16.2,0.00,0.00,0.00,0.00,0.00,0.00,0.00,0.00,0.00,0.00,0.00,0.00,0.00,0.00,0.00,0.00,0.00,0.00,0.00,0.00,0.00,0.00,0.00,0.00,4.80,4.60,0.40,4.80,3.80,1.90,2.40,1.90,5.60,2.80,3.90,5.40,5.40,5.20,4.20,5.20,6.20,8.10,10.5,9.50,7.30,8.50,7.40,7.00,7.00,4.00,2.00,1.00,1.00,0.00,0.00,0.00,0.00,0.00,0.00,0.00,0.00,0.00,2.00,3.00,2.00,2.00,0.00,4.00,0.00,23.0,2.00,0.00,0.00,0.00,0.00,0.00,0.00,0.00,0.00,0.00,0.13,0.74,1.45,2.06,2.46,2.62,2.51,2.13,1.59,0.88,0.23,0.00,0.00,0.00,0.00,0.00
2026-01-16,5,0,1,冬,10160.00,0.05,1646.70,11,26.9,11.5,18.7,0.0,16.60,9.9,5.1,9.5,15.4,0.67,11,0,0,高辐射,晴天,0.00,0.00,0.00,0.00,0.00,0.00,0.00,80.0,400.0,880.0,1360.0,1600.0,1633.3,1646.7,1200.0,880.5,399.5,80.0,0.00,0.00,0.00,0.00,0.00,0.00,15.5,14.9,13.9,13.2,12.7,12.5,12.1,11.5,11.8,16.0,20.4,23.2,25.0,26.2,26.3,26.9,26.3,25.3,22.8,20.8,19.2,18.4,17.6,17.1,0.00,0.00,0.00,0.00,0.00,0.00,0.00,0.00,0.00,0.00,0.00,0.00,0.00,0.00,0.00,0.00,0.00,0.00,0.00,0.00,0.00,0.00,0.00,0.00,7.30,5.60,3.60,2.20,0.20,0.50,1.00,4.20,4.70,2.70,2.30,3.20,3.50,4.60,4.50,7.20,9.20,9.50,8.80,8.00,6.20,8.40,8.50,7.50,0.00,0.00,0.00,0.00,0.00,1.00,2.00,97.0,98.0,2.00,0.00,0.00,0.00,0.00,0.00,2.00,0.00,0.00,0.00,4.00,3.00,5.00,12.0,12.0,0.00,0.00,0.00,0.00,0.00,0.00,0.00,0.00,0.11,0.64,1.44,2.04,2.43,2.59,2.49,2.14,1.58,0.90,0.23,0.00,0.00,0.00,0.00,0.00
2026-01-17,6,1,1,冬,10160.00,0.05,1680.00,11,26.4,13.5,19.6,0.0,12.99,27.6,5.2,9.9,12.9,0.53,11,0,0,中等辐射,多云,0.00,0.00,0.00,0.00,0.00,0.00,0.00,80.0,480.0,871.9,1208.1,1520.0,1680.0,1619.7,1260.3,920.0,440.0,80.0,0.00,0.00,0.00,0.00,0.00,0.00,16.9,16.0,15.3,14.8,14.3,13.8,13.6,13.5,15.0,18.6,21.4,23.3,24.4,25.0,25.9,26.4,25.9,25.1,23.0,21.2,20.0,19.7,19.4,18.6,0.00,0.00,0.00,0.00,0.00,0.00,0.00,0.00,0.00,0.00,0.00,0.00,0.00,0.00,0.00,0.00,0.00,0.00,0.00,0.00,0.00,0.00,0.00,0.00,7.20,3.20,3.70,2.00,1.70,1.70,2.40,1.90,3.90,2.20,3.40,3.80,3.30,3.00,5.40,7.30,8.20,7.60,7.20,8.00,9.40,9.90,8.50,9.10,2.00,0.00,8.00,12.0,0.00,0.00,2.00,12.0,27.0,98.0,93.0,100.0,100.0,98.0,13.0,14.0,16.0,4.00,3.00,2.00,13.0,29.0,11.0,5.00,0.00,0.00,0.00,0.00,0.00,0.00,0.00,0.00,0.13,0.69,1.32,1.43,1.52,1.28,1.94,2.06,1.53,0.85,0.24,0.00,0.00,0.00,0.00,0.00
2026-01-18,0,1,1,冬,11200.00,0.06,1806.70,11,26.1,16.2,20.3,0.0,17.02,19.1,8.8,11.6,9.9,0.68,11,0,0,高辐射,晴天,0.00,0.00,0.00,0.00,0.00,0.00,0.00,120.0,440.0,880.0,1521.7,1678.3,1713.3,1806.7,1440.0,960.0,480.0,160.0,0.00,0.00,0.00,0.00,0.00,0.00,18.0,17.6,17.2,17.2,17.6,16.9,16.4,16.2,16.8,19.7,21.7,23.4,24.8,25.8,25.8,26.1,25.8,24.9,22.8,20.5,19.2,18.5,17.9,17.3,0.00,0.00,0.00,0.00,0.00,0.00,0.00,0.00,0.00,0.00,0.00,0.00,0.00,0.00,0.00,0.00,0.00,0.00,0.00,0.00,0.00,0.00,0.00,0.00,7.50,8.30,6.40,7.20,8.00,8.50,9.60,10.1,7.10,6.80,10.7,11.3,11.5,11.6,9.50,8.80,8.50,8.10,9.10,10.4,8.50,8.90,7.80,7.60,4.00,5.00,40.0,89.0,89.0,7.00,2.00,0.00,0.00,2.00,2.00,2.00,2.00,3.00,39.0,55.0,69.0,45.0,3.00,0.00,0.00,0.00,0.00,0.00,0.00,0.00,0.00,0.00,0.00,0.00,0.00,0.00,0.14,0.76,1.47,2.06,2.46,2.62,2.53,2.18,1.63,0.93,0.25,0.00,0.00,0.00,0.00,0.00
2026-01-19,1,0,1,冬,9520.00,0.05,1621.90,11,26.1,14.1,19.1,0.0,15.39,20.8,6.7,11.7,12.0,0.62,11,0,0,高辐射,多云,0.00,0.00,0.00,0.00,0.00,0.00,0.00,160.0,478.9,881.1,1360.0,1521.1,1621.9,1045.0,1012.0,800.0,480.0,160.0,0.00,0.00,0.00,0.00,0.00,0.00,16.6,16.1,15.2,14.7,14.7,15.0,15.0,14.1,15.4,16.8,19.5,22.5,24.4,25.4,25.5,26.1,25.7,24.4,21.4,19.1,18.1,17.9,17.7,17.4,0.00,0.00,0.00,0.00,0.00,0.00,0.00,0.00,0.00,0.00,0.00,0.00,0.00,0.00,0.00,0.00,0.00,0.00,0.00,0.00,0.00,0.00,0.00,0.00,6.40,5.10,3.40,3.70,6.30,7.60,6.10,5.30,3.60,3.20,1.60,2.90,4.70,6.40,5.20,7.20,9.20,10.7,11.7,11.4,10.0,9.90,9.60,9.30,0.00,0.00,0.00,2.00,16.0,5.00,3.00,1.00,100.0,96.0,33.0,0.00,0.00,0.00,10.0,20.0,51.0,50.0,4.00,1.00,19.0,13.0,61.0,15.0,0.00,0.00,0.00,0.00,0.00,0.00,0.00,0.00,0.13,0.32,0.81,1.94,2.44,2.61,2.51,2.09,1.48,0.80,0.24,0.00,0.00,0.00,0.00,0.00
2026-01-20,2,0,1,冬,3280.00,0.02,800.00,10,22.0,14.4,17.6,0.0,9.22,65.4,7.8,12.8,7.6,0.37,11,0,0,低辐射,阴天,0.00,0.00,0.00,0.00,0.00,0.00,0.00,80.0,480.0,800.0,640.0,240.0,240.0,432.0,288.0,53.4,26.6,0.00,0.00,0.00,0.00,0.00,0.00,0.00,17.2,16.8,16.0,15.6,15.1,14.6,14.6,14.5,15.5,17.9,20.3,21.6,21.8,21.9,22.0,21.6,20.7,19.9,18.5,16.9,15.6,14.9,14.7,14.4,0.00,0.00,0.00,0.00,0.00,0.00,0.00,0.00,0.00,0.00,0.00,0.00,0.00,0.00,0.00,0.00,0.00,0.00,0.00,0.00,0.00,0.00,0.00,0.00,7.40,6.00,4.00,3.20,1.60,1.90,6.20,8.30,3.80,4.90,10.1,10.1,10.1,8.60,8.50,7.60,7.90,10.0,12.4,12.8,11.9,9.70,10.6,9.90,0.00,0.00,0.00,0.00,0.00,99.0,98.0,98.0,100.0,1.00,13.0,100.0,100.0,57.0,100.0,100.0,100.0,100.0,59.0,91.0,63.0,93.0,98.0,100.0,0.00,0.00,0.00,0.00,0.00,0.00,0.00,0.00,0.10,0.51,1.27,1.93,1.71,1.29,0.75,0.66,0.45,0.39,0.16,0.00,0.00,0.00,0.00,0.00
2026-01-21,3,0,1,冬,3200.00,0.02,576.00,10,15.3,10.7,12.6,0.0,10.20,95.9,12.3,14.7,4.6,0.41,10,0,1,中等辐射,雨天,0.00,0.00,0.00,0.00,0.00,0.00,0.00,80.0,160.0,240.0,320.0,400.0,480.0,480.0,576.0,304.0,160.0,0.00,0.00,0.00,0.00,0.00,0.00,0.00,14.1,13.7,14.0,13.5,12.9,12.4,12.1,11.9,12.3,12.5,13.2,14.0,15.3,14.9,12.7,12.6,12.8,12.4,11.6,11.1,11.1,10.9,10.7,10.7,0.00,0.00,0.00,0.00,0.00,0.00,0.00,0.00,0.00,0.00,0.00,0.00,0.00,0.00,0.00,0.00,0.00,0.00,0.00,0.00,0.00,0.00,0.00,0.00,11.2,12.3,11.7,13.3,13.9,13.4,12.5,11.2,10.7,13.1,14.7,14.4,13.0,12.6,14.0,13.7,13.9,13.7,13.1,11.6,10.4,9.40,8.50,7.90,100.0,99.0,100.0,100.0,100.0,100.0,100.0,78.0,93.0,56.0,98.0,100.0,84.0,100.0,100.0,100.0,99.0,94.0,100.0,100.0,100.0,100.0,100.0,100.0,0.00,0.00,0.00,0.00,0.00,0.00,0.00,0.00,0.08,0.52,1.13,1.34,1.84,1.40,1.20,1.08,0.91,0.55,0.16,0.00,0.00,0.00,0.00,0.00
2026-01-22,4,0,1,冬,4960.00,0.03,800.00,11,13.1,8.3,10.3,0.1,13.29,73.4,11.5,14.4,4.8,0.53,10,0,2,中等辐射,阴天,0.00,0.00,0.00,0.00,0.00,0.00,0.00,80.0,160.0,480.0,560.0,800.0,720.0,728.0,712.0,480.0,160.0,80.0,0.00,0.00,0.00,0.00,0.00,0.00,10.7,10.9,10.4,10.2,9.60,8.90,8.60,8.30,8.60,9.10,10.3,11.1,12.5,13.1,12.1,11.9,11.6,11.4,10.5,9.90,9.60,9.10,9.10,9.00,0.00,0.00,0.00,0.00,0.00,0.10,0.00,0.00,0.00,0.00,0.00,0.00,0.00,0.00,0.00,0.00,0.00,0.00,0.00,0.00,0.00,0.00,0.00,0.00,8.00,7.30,9.30,12.5,12.4,12.5,11.6,11.6,11.7,14.4,13.5,13.6,12.7,11.5,13.2,13.4,12.4,13.3,12.6,10.7,11.8,10.1,8.20,8.40,100.0,100.0,100.0,100.0,100.0,86.0,98.0,98.0,68.0,48.0,82.0,36.0,56.0,5.00,100.0,93.0,37.0,70.0,16.0,31.0,100.0,100.0,97.0,41.0,0.00,0.00,0.00,0.00,0.00,0.00,0.00,0.00,0.07,0.54,1.24,1.65,2.16,1.76,2.51,1.40,1.01,0.73,0.22,0.00,0.00,0.00,0.00,0.00
2026-01-23,5,0,1,冬,4080.00,0.02,720.00,10,13.7,8.1,10.3,0.0,8.34,80.7,7.9,10.1,5.6,0.33,10,0,3,低辐射,雨天,0.00,0.00,0.00,0.00,0.00,0.00,0.00,0.00,160.0,240.0,525.0,435.0,480.0,480.0,720.0,480.0,400.0,160.0,0.00,0.00,0.00,0.00,0.00,0.00,8.70,8.20,8.10,8.30,8.40,8.60,8.60,8.60,8.80,9.40,10.9,12.3,12.8,13.7,13.0,12.9,12.9,12.5,11.6,10.8,10.2,9.60,9.60,9.60,0.00,0.00,0.00,0.00,0.00,0.00,0.00,0.00,0.00,0.00,0.00,0.00,0.00,0.00,0.00,0.00,0.00,0.00,0.00,0.00,0.00,0.00,0.00,0.00,8.00,8.70,8.70,10.1,9.30,9.00,9.60,8.50,8.00,7.00,7.00,7.00,6.90,7.40,7.00,7.40,7.90,8.70,8.10,7.10,8.80,6.50,6.60,6.50,19.0,58.0,100.0,100.0,100.0,100.0,100.0,100.0,100.0,100.0,100.0,99.0,100.0,100.0,100.0,94.0,100.0,100.0,71.0,28.0,13.0,41.0,34.0,80.0,0.00,0.00,0.00,0.00,0.00,0.00,0.00,0.00,0.05,0.25,0.77,1.18,1.04,1.34,1.59,0.89,0.69,0.41,0.13,0.00,0.00,0.00,0.00,0.00
2026-01-24,6,1,1,冬,10880.00,0.06,1840.10,10,22.4,8.7,13.8,0.0,15.24,42.3,4.0,7.0,13.7,0.60,11,0,0,高辐射,多云,0.00,0.00,0.00,0.00,0.00,0.00,0.00,0.00,346.7,933.3,1279.9,1840.1,1760.0,1680.0,1440.0,960.0,480.0,160.0,0.00,0.00,0.00,0.00,0.00,0.00,9.50,9.50,9.20,8.70,8.70,9.00,9.00,8.90,9.40,11.2,12.5,15.3,17.4,18.9,20.6,22.4,21.3,20.4,18.6,17.0,14.4,13.7,12.8,11.8,0.00,0.00,0.00,0.00,0.00,0.00,0.00,0.00,0.00,0.00,0.00,0.00,0.00,0.00,0.00,0.00,0.00,0.00,0.00,0.00,0.00,0.00,0.00,0.00,6.80,5.60,6.30,5.20,7.00,6.00,5.30,5.90,3.10,3.30,5.20,5.50,4.30,2.20,1.30,4.20,6.10,3.90,1.20,0.80,1.30,0.60,3.40,2.40,100.0,83.0,16.0,73.0,100.0,100.0,76.0,17.0,100.0,100.0,77.0,2.00,9.00,9.00,100.0,40.0,1.00,6.00,5.00,0.00,0.00,0.00,0.00,0.00,0.00,0.00,0.00,0.00,0.00,0.00,0.00,0.00,0.12,0.28,0.73,1.79,2.35,2.53,2.53,2.15,1.50,0.97,0.28,0.00,0.00,0.00,0.00,0.00
2026-01-25,0,1,1,冬,10160.00,0.05,1760.00,11,23.2,10.5,16.9,0.0,17.28,39.0,8.2,14.1,12.7,0.67,11,0,0,高辐射,多云,0.00,0.00,0.00,0.00,0.00,0.00,0.00,80.0,479.6,720.4,1520.0,1760.0,1760.0,1680.0,1040.0,401.6,558.4,160.0,0.00,0.00,0.00,0.00,0.00,0.00,11.3,11.1,10.5,10.6,11.7,12.3,13.1,13.5,14.3,16.6,18.4,20.2,21.6,22.7,23.2,23.2,22.6,21.3,19.4,17.7,17.7,17.7,17.4,17.2,0.00,0.00,0.00,0.00,0.00,0.00,0.00,0.00,0.00,0.00,0.00,0.00,0.00,0.00,0.00,0.00,0.00,0.00,0.00,0.00,0.00,0.00,0.00,0.00,1.00,0.70,3.40,5.80,8.00,7.00,9.00,9.90,11.5,14.1,11.8,10.3,8.90,9.10,8.80,10.7,11.8,11.4,9.80,11.2,6.10,6.90,4.80,4.80,25.0,98.0,98.0,97.0,99.0,97.0,5.00,41.0,17.0,7.00,2.00,0.00,0.00,0.00,0.00,0.00,7.00,1.00,0.00,1.00,45.0,100.0,100.0,97.0,0.00,0.00,0.00,0.00,0.00,0.00,0.00,0.00,0.13,0.73,1.44,2.05,2.50,2.67,2.60,2.27,1.67,0.93,0.29,0.00,0.00,0.00,0.00,0.00
2026-01-26,1,0,1,冬,9920.00,0.05,1680.00,10,25.0,15.2,19.7,0.0,16.34,37.1,5.9,8.4,9.8,0.63,11,0,0,高辐射,多云,0.00,0.00,0.00,0.00,0.00,0.00,0.00,0.00,346.7,1134.6,918.7,1680.0,1520.0,1559.7,1267.0,933.3,480.0,80.0,0.00,0.00,0.00,0.00,0.00,0.00,17.0,17.0,16.7,16.3,15.9,15.9,15.9,15.6,15.2,18.5,20.9,22.5,23.6,24.4,24.2,25.0,25.0,24.5,22.9,20.6,19.6,19.2,18.7,18.0,0.00,0.00,0.00,0.00,0.00,0.00,0.00,0.00,0.00,0.00,0.00,0.00,0.00,0.00,0.00,0.00,0.00,0.00,0.00,0.00,0.00,0.00,0.00,0.00,4.80,6.30,2.60,2.30,4.40,5.30,6.10,6.00,6.70,4.80,7.30,8.10,7.40,7.00,5.50,5.50,5.20,7.10,7.00,5.70,8.10,8.40,6.60,4.30,100.0,100.0,48.0,48.0,85.0,99.0,85.0,3.00,1.00,2.00,0.00,0.00,16.0,16.0,29.0,64.0,15.0,2.00,4.00,13.0,58.0,47.0,26.0,30.0,0.00,0.00,0.00,0.00,0.00,0.00,0.00,0.00,0.13,0.74,1.47,2.07,2.45,2.50,2.42,1.96,1.44,0.89,0.27,0.00,0.00,0.00,0.00,0.00
2026-01-27,2,0,1,冬,9440.00,0.05,1780.80,10,27.4,14.7,20.6,0.0,17.32,24.0,6.2,9.5,12.7,0.67,11,0,0,高辐射,多云,0.00,0.00,0.00,0.00,0.00,0.00,0.00,0.00,320.0,400.0,1120.0,1520.0,1360.0,1780.8,1339.2,800.0,720.0,80.0,0.00,0.00,0.00,0.00,0.00,0.00,17.3,16.6,16.3,16.1,16.1,15.9,15.5,14.7,15.8,18.2,20.8,22.9,24.5,25.7,26.5,27.4,27.3,26.8,25.4,23.4,21.6,20.9,20.1,19.1,0.00,0.00,0.00,0.00,0.00,0.00,0.00,0.00,0.00,0.00,0.00,0.00,0.00,0.00,0.00,0.00,0.00,0.00,0.00,0.00,0.00,0.00,0.00,0.00,2.60,0.40,1.30,2.20,6.10,9.00,7.10,9.50,8.80,7.40,8.10,8.00,8.00,8.00,6.80,6.70,6.90,6.70,5.40,4.30,5.30,4.10,7.00,8.60,41.0,29.0,35.0,96.0,97.0,73.0,2.00,1.00,0.00,0.00,0.00,0.00,0.00,0.00,0.00,13.0,32.0,46.0,34.0,36.0,12.0,16.0,8.00,4.00,0.00,0.00,0.00,0.00,0.00,0.00,0.00,0.00,0.14,0.77,1.49,2.09,2.51,2.68,2.60,2.27,1.60,0.89,0.28,0.00,0.00,0.00,0.00,0.00
2026-01-28,3,0,1,冬,10000.00,0.05,1806.70,11,23.0,14.3,18.7,0.0,17.67,6.6,8.7,11.8,8.7,0.68,11,0,0,高辐射,晴天,0.00,0.00,0.00,0.00,0.00,0.00,0.00,80.0,400.0,800.0,794.2,1445.8,1806.7,1633.3,1386.7,1013.3,560.0,80.0,0.00,0.00,0.00,0.00,0.00,0.00,18.3,17.2,16.6,16.7,16.5,16.0,15.3,14.3,15.6,17.1,18.7,20.4,21.8,22.8,22.3,23.0,22.9,22.6,21.7,20.5,17.8,16.9,16.8,16.7,0.00,0.00,0.00,0.00,0.00,0.00,0.00,0.00,0.00,0.00,0.00,0.00,0.00,0.00,0.00,0.00,0.00,0.00,0.00,0.00,0.00,0.00,0.00,0.00,7.00,5.60,6.70,6.90,9.10,11.8,10.6,9.40,8.30,10.1,9.40,9.70,9.30,8.80,8.50,8.60,8.50,8.10,7.70,6.70,10.2,8.20,9.60,10.3,5.00,2.00,0.00,13.0,51.0,51.0,5.00,0.00,5.00,9.00,2.00,1.00,1.00,0.00,2.00,2.00,2.00,2.00,2.00,0.00,0.00,4.00,0.00,0.00,0.00,0.00,0.00,0.00,0.00,0.00,0.00,0.00,0.14,0.77,1.50,2.11,2.52,2.70,2.61,2.26,1.72,1.02,0.31,0.00,0.00,0.00,0.00,0.00
2026-01-29,4,0,1,冬,6080.00,0.03,953.30,11,23.0,14.5,18.3,0.3,14.72,44.1,9.5,12.5,8.5,0.56,11,0,0,中等辐射,多云,0.00,0.00,0.00,0.00,0.00,0.00,0.00,80.0,480.0,560.0,400.0,582.9,937.1,953.3,646.7,800.0,480.0,160.0,0.00,0.00,0.00,0.00,0.00,0.00,16.5,16.3,15.7,16.1,16.1,15.7,14.9,14.5,15.3,17.3,18.8,20.5,21.3,21.7,22.3,23.0,22.7,21.5,20.1,18.7,18.4,18.0,17.6,17.1,0.00,0.00,0.00,0.20,0.10,0.00,0.00,0.00,0.00,0.00,0.00,0.00,0.00,0.00,0.00,0.00,0.00,0.00,0.00,0.00,0.00,0.00,0.00,0.00,9.00,7.70,4.10,6.40,8.00,9.10,10.1,10.6,10.1,11.7,11.4,10.7,9.70,9.40,5.60,6.40,9.20,11.0,12.5,12.2,11.0,11.4,11.0,10.8,12.0,19.0,21.0,55.0,30.0,31.0,16.0,27.0,15.0,7.00,9.00,76.0,96.0,37.0,64.0,88.0,32.0,16.0,10.0,97.0,100.0,100.0,0.00,100.0,0.00,0.00,0.00,0.00,0.00,0.00,0.00,0.00,0.14,0.74,1.47,2.06,2.29,1.89,2.39,1.55,1.24,0.66,0.29,0.00,0.00,0.00,0.00,0.00
2026-01-30,5,0,1,冬,1760.00,0.01,320.00,10,18.9,15.5,17.4,18.2,3.87,93.3,6.8,10.1,3.4,0.15,9,0,1,极低辐射,雨天,0.00,0.00,0.00,0.00,0.00,0.00,0.00,0.00,80.0,160.0,266.8,293.2,240.0,320.0,101.3,138.7,80.0,80.0,0.00,0.00,0.00,0.00,0.00,0.00,16.7,16.5,16.1,16.0,16.3,16.2,15.8,15.5,16.5,16.8,17.4,17.5,18.0,18.1,18.5,18.7,18.6,18.4,18.1,17.8,18.6,18.9,18.9,18.6,0.30,0.40,0.00,0.20,0.10,0.20,0.10,0.00,0.00,1.50,3.10,2.60,2.10,2.10,1.90,1.30,0.60,0.50,0.30,0.40,0.40,0.00,0.10,0.00,10.1,9.50,7.90,7.30,8.20,9.10,8.60,6.80,6.80,4.30,5.30,6.90,6.80,6.00,9.10,6.90,3.60,3.50,4.70,6.30,6.70,6.80,6.70,4.30,100.0,53.0,88.0,98.0,94.0,70.0,41.0,97.0,100.0,100.0,100.0,100.0,100.0,100.0,100.0,100.0,100.0,100.0,100.0,100.0,98.0,100.0,99.0,100.0,0.00,0.00,0.00,0.00,0.00,0.00,0.00,0.00,0.09,0.14,0.39,0.44,0.62,0.47,0.56,0.50,0.44,0.15,0.07,0.00,0.00,0.00,0.00,0.00
2026-01-31,6,1,1,冬,3280.00,0.02,480.00,10,18.1,14.6,16.2,5.6,8.30,91.8,12.0,17.5,3.5,0.31,10,0,2,低辐射,雨天,0.00,0.00,0.00,0.00,0.00,0.00,0.00,0.00,160.0,480.0,400.0,160.0,480.0,400.0,400.0,320.0,320.0,160.0,0.00,0.00,0.00,0.00,0.00,0.00,18.1,17.8,18.0,17.6,17.9,17.2,15.6,14.6,14.6,15.2,15.8,15.6,16.3,16.3,16.6,16.6,16.7,16.4,15.9,15.4,15.8,15.5,15.1,14.6,0.00,0.70,1.50,0.10,0.10,2.30,0.50,0.20,0.10,0.00,0.00,0.00,0.10,0.00,0.00,0.00,0.00,0.00,0.00,0.00,0.00,0.00,0.00,0.00,5.00,5.40,7.60,9.20,10.5,12.6,14.1,15.3,13.2,10.7,11.3,12.9,15.3,16.5,17.5,17.2,13.3,11.9,10.4,10.6,11.6,11.0,11.7,12.8,95.0,100.0,55.0,95.0,100.0,95.0,100.0,100.0,100.0,100.0,100.0,100.0,98.0,85.0,96.0,94.0,87.0,71.0,60.0,72.0,100.0,100.0,100.0,100.0,0.00,0.00,0.00,0.00,0.00,0.00,0.00,0.00,0.03,0.15,0.44,0.60,1.12,1.20,1.74,1.19,0.99,0.62,0.23,0.00,0.00,0.00,0.00,0.00
2026-02-01,0,1,2,冬,9920.00,0.05,1840.00,10,18.7,10.7,14.1,0.4,14.08,52.9,8.9,13.4,8.0,0.53,10,0,0,中等辐射,阴天,0.00,0.00,0.00,0.00,0.00,0.00,0.00,0.00,240.0,480.0,960.0,1600.0,1520.0,1840.0,1200.0,1280.0,640.0,160.0,0.00,0.00,0.00,0.00,0.00,0.00,13.8,13.1,13.0,12.5,12.0,11.5,11.2,10.9,10.7,11.0,11.8,13.6,15.0,16.2,17.4,18.5,18.7,18.3,16.9,15.5,14.5,14.5,14.2,13.9,0.10,0.20,0.10,0.00,0.00,0.00,0.00,0.00,0.00,0.00,0.00,0.00,0.00,0.00,0.00,0.00,0.00,0.00,0.00,0.00,0.00,0.00,0.00,0.00,12.1,13.0,10.7,11.9,13.4,11.3,10.9,10.6,10.2,10.4,9.00,8.90,8.80,9.00,7.50,7.50,7.50,8.10,4.70,4.20,3.90,4.80,7.00,8.30,100.0,100.0,100.0,100.0,99.0,100.0,100.0,100.0,100.0,100.0,99.0,76.0,73.0,13.0,1.00,0.00,2.00,2.00,0.00,0.00,2.00,2.00,0.00,0.00,0.00,0.00,0.00,0.00,0.00,0.00,0.00,0.00,0.04,0.22,0.47,1.52,1.77,1.99,2.64,2.32,1.74,1.04,0.34,0.00,0.00,0.00,0.00,0.00
2026-02-02,1,0,2,冬,12800.00,0.07,2290.50,11,20.2,10.1,14.8,0.0,18.23,5.0,9.1,11.5,10.1,0.68,11,0,0,高辐射,晴天,0.00,0.00,0.00,0.00,0.00,0.00,0.00,80.0,560.0,1183.2,1536.8,1542.7,2290.5,1766.8,1840.0,880.0,880.0,240.0,0.00,0.00,0.00,0.00,0.00,0.00,13.4,13.0,12.7,12.3,11.5,10.9,10.4,10.1,10.6,12.1,13.9,15.9,17.6,18.9,19.6,20.1,20.2,19.8,18.0,16.5,15.4,14.6,13.9,13.5,0.00,0.00,0.00,0.00,0.00,0.00,0.00,0.00,0.00,0.00,0.00,0.00,0.00,0.00,0.00,0.00,0.00,0.00,0.00,0.00,0.00,0.00,0.00,0.00,9.20,11.1,9.70,10.1,10.8,11.1,10.2,9.80,8.20,11.2,11.4,11.3,11.5,10.9,9.10,9.30,8.40,7.40,4.00,5.00,7.20,7.90,6.10,6.70,6.00,1.00,0.00,0.00,0.00,0.00,0.00,0.00,0.00,0.00,0.00,0.00,0.00,0.00,0.00,0.00,0.00,0.00,0.00,0.00,0.00,15.0,2.00,95.0,0.00,0.00,0.00,0.00,0.00,0.00,0.00,0.00,0.16,0.80,1.53,2.16,2.58,2.77,2.68,2.34,1.78,1.07,0.35,0.01,0.00,0.00,0.00,0.00
2026-02-03,2,0,2,冬,11360.00,0.06,2160.00,10,20.8,11.4,16.0,0.0,17.65,59.2,7.4,9.1,9.4,0.66,11,0,0,高辐射,阴天,0.00,0.00,0.00,0.00,0.00,0.00,0.00,0.00,320.0,1040.0,1280.0,2160.0,1693.3,1822.0,1524.7,960.0,400.0,160.0,0.00,0.00,0.00,0.00,0.00,0.00,13.0,13.1,12.9,12.7,12.4,12.2,11.8,11.4,12.5,15.2,17.2,18.5,19.5,20.2,20.5,20.7,20.8,20.1,18.5,16.8,15.7,15.8,15.9,16.0,0.00,0.00,0.00,0.00,0.00,0.00,0.00,0.00,0.00,0.00,0.00,0.00,0.00,0.00,0.00,0.00,0.00,0.00,0.00,0.00,0.00,0.00,0.00,0.00,7.40,8.40,7.50,7.30,7.00,6.70,6.60,6.30,7.70,6.70,8.10,8.70,8.30,7.80,5.30,6.00,6.40,7.90,6.40,5.50,8.80,8.50,8.80,9.10,64.0,95.0,77.0,17.0,58.0,38.0,24.0,2.00,9.00,3.00,52.0,33.0,91.0,86.0,94.0,90.0,84.0,89.0,91.0,92.0,39.0,45.0,91.0,56.0,0.00,0.00,0.00,0.00,0.00,0.00,0.00,0.00,0.15,0.80,1.53,2.18,2.58,2.74,2.63,2.04,1.65,0.99,0.35,0.01,0.00,0.00,0.00,0.00
2026-02-04,3,0,2,冬,7520.00,0.04,1440.00,11,23.5,14.8,18.3,0.0,12.39,52.0,6.6,10.3,8.7,0.46,10,0,0,中等辐射,阴天,0.00,0.00,0.00,0.00,0.00,0.00,0.00,80.0,288.0,672.0,1440.0,1200.0,960.0,894.1,785.9,480.0,560.0,160.0,0.00,0.00,0.00,0.00,0.00,0.00,16.1,15.4,16.2,15.7,15.2,14.8,15.2,15.6,16.1,17.3,18.7,20.5,21.4,22.0,22.4,23.5,23.5,23.1,20.9,18.3,17.4,16.9,16.6,16.4,0.00,0.00,0.00,0.00,0.00,0.00,0.00,0.00,0.00,0.00,0.00,0.00,0.00,0.00,0.00,0.00,0.00,0.00,0.00,0.00,0.00,0.00,0.00,0.00,8.70,5.50,3.50,3.40,4.30,6.50,7.50,8.30,6.70,7.20,8.10,7.30,6.40,4.50,2.60,4.20,4.60,4.80,10.3,9.20,9.20,8.70,8.20,8.20,13.0,2.00,95.0,86.0,11.0,66.0,100.0,98.0,100.0,100.0,42.0,56.0,76.0,69.0,61.0,58.0,92.0,84.0,38.0,1.00,0.00,0.00,0.00,0.00,0.00,0.00,0.00,0.00,0.00,0.00,0.00,0.00,0.08,0.30,0.91,1.82,2.02,1.65,1.67,1.65,1.24,0.76,0.27,0.01,0.00,0.00,0.00,0.00
2026-02-05,4,0,2,冬,8640.00,0.04,1520.00,10,26.6,14.0,19.6,0.0,16.05,43.0,5.2,8.6,12.6,0.59,11,0,0,高辐射,多云,0.00,0.00,0.00,0.00,0.00,0.00,0.00,0.00,320.0,560.0,800.0,1520.0,1520.0,1520.0,1100.0,580.0,480.0,240.0,0.00,0.00,0.00,0.00,0.00,0.00,16.2,15.9,16.1,15.9,15.4,14.6,14.3,14.0,15.4,17.6,20.3,22.6,24.4,26.0,25.9,26.6,26.0,24.6,22.5,20.2,20.4,19.6,18.8,17.9,0.00,0.00,0.00,0.00,0.00,0.00,0.00,0.00,0.00,0.00,0.00,0.00,0.00,0.00,0.00,0.00,0.00,0.00,0.00,0.00,0.00,0.00,0.00,0.00,7.40,7.20,6.40,4.30,0.50,1.60,1.50,2.80,3.70,4.10,2.00,1.50,1.00,3.60,8.40,5.80,6.30,8.60,8.50,8.50,7.90,8.00,7.40,7.10,0.00,0.00,9.00,5.00,18.0,97.0,100.0,99.0,100.0,47.0,38.0,6.00,7.00,99.0,89.0,63.0,66.0,58.0,33.0,10.0,78.0,2.00,5.00,4.00,0.00,0.00,0.00,0.00,0.00,0.00,0.00,0.00,0.13,0.50,1.23,2.05,2.52,2.73,2.13,2.08,1.58,0.83,0.26,0.01,0.00,0.00,0.00,0.00
2026-02-06,5,0,2,冬,11680.00,0.06,2080.00,11,27.2,14.7,20.8,0.2,15.96,37.5,3.6,10.1,12.5,0.58,11,0,0,高辐射,多云,0.00,0.00,0.00,0.00,0.00,0.00,0.00,80.0,240.0,720.0,1466.7,1828.8,1664.5,2080.0,1783.5,896.5,680.0,240.0,0.00,0.00,0.00,0.00,0.00,0.00,17.4,17.1,16.4,15.8,15.3,15.3,14.9,14.7,16.1,19.0,21.8,23.8,25.8,27.2,26.9,27.1,26.9,26.5,24.8,22.8,22.0,21.0,20.1,19.3,0.00,0.00,0.00,0.00,0.00,0.00,0.00,0.00,0.00,0.00,0.00,0.00,0.00,0.00,0.00,0.10,0.10,0.00,0.00,0.00,0.00,0.00,0.00,0.00,6.90,6.70,4.70,3.10,3.20,4.10,1.10,1.40,1.70,1.70,0.60,1.70,1.60,3.10,0.70,1.70,0.80,1.60,4.70,10.1,7.80,6.30,6.80,5.20,0.00,1.00,5.00,5.00,97.0,99.0,100.0,100.0,100.0,26.0,34.0,15.0,4.00,46.0,71.0,49.0,41.0,28.0,32.0,29.0,6.00,1.00,9.00,2.00,0.00,0.00,0.00,0.00,0.00,0.00,0.00,0.00,0.11,0.60,1.17,1.90,2.48,2.69,2.23,1.97,1.51,0.97,0.32,0.01,0.00,0.00,0.00,0.00
2026-02-07,6,1,2,冬,8560.00,0.04,1360.00,11,24.2,17.1,20.1,0.1,12.73,73.1,10.6,13.6,7.1,0.46,11,0,1,中等辐射,阴天,0.00,0.00,0.00,0.00,0.00,0.00,0.00,80.0,400.0,880.0,1360.0,1262.2,1297.8,1155.3,984.7,580.0,400.0,160.0,0.00,0.00,0.00,0.00,0.00,0.00,18.6,18.0,18.0,18.0,18.5,18.9,18.5,17.9,18.5,19.6,20.3,21.8,23.1,24.2,23.0,23.2,23.0,22.7,22.1,21.0,20.0,18.3,17.5,17.1,0.00,0.00,0.00,0.00,0.00,0.10,0.00,0.00,0.00,0.00,0.00,0.00,0.00,0.00,0.00,0.00,0.00,0.00,0.00,0.00,0.00,0.00,0.00,0.00,4.00,6.20,3.80,4.30,9.50,12.1,13.6,12.7,10.4,13.2,12.5,12.4,12.7,12.7,11.2,12.2,12.8,12.6,10.3,9.00,11.0,12.7,11.0,12.3,36.0,67.0,43.0,38.0,98.0,84.0,66.0,79.0,23.0,47.0,59.0,94.0,100.0,100.0,100.0,100.0,100.0,100.0,100.0,88.0,42.0,80.0,24.0,87.0,0.00,0.00,0.00,0.00,0.00,0.00,0.00,0.00,0.13,0.74,1.15,1.72,2.25,2.29,1.80,1.20,0.77,0.46,0.19,0.01,0.00,0.00,0.00,0.00
2026-02-08,0,1,2,冬,10320.00,0.05,2002.10,10,17.9,13.0,15.5,0.0,10.70,65.2,13.9,17.5,4.9,0.39,10,0,0,中等辐射,阴天,0.00,0.00,0.00,0.00,0.00,0.00,0.00,0.00,205.7,514.3,880.0,1848.2,1829.7,2002.1,1440.0,787.7,492.3,320.0,0.00,0.00,0.00,0.00,0.00,0.00,16.4,15.4,16.5,16.3,15.5,14.7,13.9,13.4,13.7,14.3,14.1,14.8,16.0,17.4,17.5,17.9,17.6,17.4,16.8,15.7,15.2,14.5,13.7,13.0,0.00,0.00,0.00,0.00,0.00,0.00,0.00,0.00,0.00,0.00,0.00,0.00,0.00,0.00,0.00,0.00,0.00,0.00,0.00,0.00,0.00,0.00,0.00,0.00,15.2,14.4,12.3,13.3,16.3,17.3,17.5,16.5,15.2,16.9,16.5,16.7,16.9,17.3,14.3,13.9,13.3,13.3,12.5,10.4,10.4,7.50,7.80,8.10,53.0,65.0,100.0,98.0,67.0,45.0,100.0,99.0,66.0,100.0,100.0,91.0,92.0,52.0,100.0,100.0,96.0,70.0,6.00,5.00,14.0,9.00,13.0,23.0,0.00,0.00,0.00,0.00,0.00,0.00,0.00,0.00,0.09,0.57,0.50,0.76,1.43,1.77,2.23,1.52,0.96,0.56,0.29,0.01,0.00,0.00,0.00,0.00
2026-02-09,1,0,2,冬,5920.00,0.03,1067.10,10,18.4,11.5,14.8,0.0,10.32,77.7,9.0,14.1,6.9,0.37,11,0,1,中等辐射,阴天,0.00,0.00,0.00,0.00,0.00,0.00,0.00,0.00,320.0,560.0,874.8,825.2,1067.1,832.9,640.0,400.0,320.0,80.0,0.00,0.00,0.00,0.00,0.00,0.00,12.2,11.7,11.5,11.6,11.7,11.6,11.6,11.7,11.6,13.8,15.1,15.6,17.9,17.5,18.0,18.4,17.9,17.7,17.1,16.5,16.3,16.3,16.2,15.8,0.00,0.00,0.00,0.00,0.00,0.00,0.00,0.00,0.00,0.00,0.00,0.00,0.00,0.00,0.00,0.00,0.00,0.00,0.00,0.00,0.00,0.00,0.00,0.00,8.50,9.10,8.60,8.00,7.80,7.80,6.90,8.90,7.30,8.70,13.6,14.1,13.0,13.6,9.10,10.4,7.80,6.70,6.20,6.20,7.60,9.00,9.50,7.90,3.00,55.0,65.0,66.0,89.0,79.0,85.0,29.0,28.0,100.0,100.0,45.0,100.0,100.0,100.0,100.0,100.0,100.0,98.0,23.0,99.0,100.0,100.0,100.0,0.00,0.00,0.00,0.00,0.00,0.00,0.00,0.00,0.13,0.63,0.88,1.19,2.18,1.42,1.60,1.09,0.67,0.39,0.14,0.01,0.00,0.00,0.00,0.00
2026-02-10,2,0,2,冬,4640.00,0.02,966.80,11,21.5,14.6,17.4,0.7,6.56,77.2,6.8,10.1,6.9,0.23,10,0,2,低辐射,阴天,0.00,0.00,0.00,0.00,0.00,0.00,0.00,80.0,80.0,259.2,434.1,586.7,800.0,720.0,966.8,313.2,240.0,160.0,0.00,0.00,0.00,0.00,0.00,0.00,15.6,15.2,14.6,14.6,14.6,14.8,14.8,14.8,15.2,16.4,17.5,18.8,19.4,20.1,20.0,21.4,21.5,21.1,20.4,18.8,18.1,17.5,16.8,16.1,0.20,0.30,0.10,0.10,0.00,0.00,0.00,0.00,0.00,0.00,0.00,0.00,0.00,0.00,0.00,0.00,0.00,0.00,0.00,0.00,0.00,0.00,0.00,0.00,7.40,9.90,6.20,6.10,6.30,8.30,10.1,9.00,5.80,7.10,8.40,7.60,7.50,6.10,8.00,9.80,8.30,6.40,5.70,5.40,4.60,2.30,4.00,3.20,100.0,100.0,100.0,100.0,91.0,100.0,100.0,100.0,100.0,100.0,100.0,100.0,100.0,100.0,100.0,100.0,99.0,97.0,16.0,9.00,13.0,15.0,5.00,8.00,0.00,0.00,0.00,0.00,0.00,0.00,0.00,0.00,0.10,0.25,0.49,0.80,0.83,0.81,0.89,1.17,0.65,0.35,0.20,0.01,0.00,0.00,0.00,0.00
2026-02-11,3,0,2,冬,11040.00,0.06,1920.00,11,26.2,15.2,20.3,0.0,17.80,37.8,6.4,12.0,11.0,0.63,11,0,0,高辐射,多云,0.00,0.00,0.00,0.00,0.00,0.00,0.00,80.0,480.0,960.0,1600.0,1920.0,1840.0,960.0,1264.0,1056.0,560.0,320.0,0.00,0.00,0.00,0.00,0.00,0.00,15.6,15.2,15.4,16.0,16.1,16.3,16.4,16.0,16.2,19.2,21.3,23.1,24.9,26.1,26.2,26.0,25.3,24.9,23.7,22.6,21.4,21.0,19.7,18.4,0.00,0.00,0.00,0.00,0.00,0.00,0.00,0.00,0.00,0.00,0.00,0.00,0.00,0.00,0.00,0.00,0.00,0.00,0.00,0.00,0.00,0.00,0.00,0.00,3.10,2.90,0.30,0.70,2.00,3.10,6.00,5.50,5.20,5.20,7.40,6.40,7.40,7.80,11.0,12.0,10.4,8.60,7.90,8.40,7.60,6.90,10.3,8.30,13.0,16.0,100.0,100.0,100.0,100.0,69.0,40.0,7.00,23.0,2.00,0.00,1.00,36.0,70.0,76.0,48.0,9.00,21.0,4.00,12.0,23.0,16.0,22.0,0.00,0.00,0.00,0.00,0.00,0.00,0.00,0.00,0.16,0.76,1.53,2.19,2.65,2.84,2.71,2.14,1.39,1.04,0.37,0.01,0.00,0.00,0.00,0.00
2026-02-12,4,0,2,冬,3360.00,0.02,488.90,11,23.5,15.8,18.7,0.1,10.49,54.6,7.7,12.1,7.7,0.37,11,0,0,中等辐射,阴天,0.00,0.00,0.00,0.00,0.00,0.00,0.00,80.0,80.0,240.0,480.0,320.0,480.0,488.9,446.7,344.4,320.0,80.0,0.00,0.00,0.00,0.00,0.00,0.00,17.7,17.2,16.7,16.4,16.2,15.8,15.9,15.9,16.6,18.9,19.1,20.5,20.6,21.1,22.1,23.5,23.1,22.1,20.7,18.6,18.0,17.5,17.0,16.8,0.00,0.00,0.00,0.00,0.00,0.00,0.00,0.00,0.00,0.00,0.10,0.00,0.00,0.00,0.00,0.00,0.00,0.00,0.00,0.00,0.00,0.00,0.00,0.00,6.40,6.70,4.80,6.00,4.00,3.20,7.00,9.20,7.50,6.70,8.30,8.10,10.3,8.20,6.50,7.90,7.80,8.60,10.2,12.1,8.60,9.10,8.70,8.10,29.0,84.0,91.0,88.0,75.0,95.0,27.0,52.0,25.0,100.0,100.0,99.0,100.0,99.0,45.0,51.0,73.0,48.0,5.00,1.00,1.00,5.00,9.00,9.00,0.00,0.00,0.00,0.00,0.00,0.00,0.00,0.00,0.19,0.76,0.37,1.27,0.62,0.88,1.92,1.91,1.54,0.71,0.32,0.01,0.00,0.00,0.00,0.00
2026-02-13,5,0,2,冬,12400.00,0.06,2048.90,11,26.1,16.2,20.4,0.0,14.47,54.7,6.8,10.3,9.9,0.51,11,0,0,中等辐射,阴天,0.00,0.00,0.00,0.00,0.00,0.00,0.00,80.0,640.0,960.0,1600.0,1440.0,1951.1,2048.9,1520.0,1200.0,720.0,240.0,0.00,0.00,0.00,0.00,0.00,0.00,16.6,16.5,16.7,17.2,17.3,17.3,16.8,16.2,17.5,18.7,21.2,23.5,24.2,24.6,25.2,26.1,25.8,24.8,23.1,21.2,21.2,20.5,19.5,18.7,0.00,0.00,0.00,0.00,0.00,0.00,0.00,0.00,0.00,0.00,0.00,0.00,0.00,0.00,0.00,0.00,0.00,0.00,0.00,0.00,0.00,0.00,0.00,0.00,7.90,7.50,6.20,5.60,6.20,6.70,7.00,7.40,4.50,7.20,4.30,4.10,2.00,2.90,6.60,7.40,8.80,9.80,10.3,9.00,7.50,6.50,7.60,9.90,5.00,58.0,99.0,98.0,100.0,100.0,6.00,4.00,100.0,90.0,75.0,91.0,100.0,67.0,10.0,7.00,5.00,2.00,3.00,4.00,70.0,45.0,91.0,83.0,0.00,0.00,0.00,0.00,0.00,0.00,0.00,0.00,0.18,0.27,1.27,1.69,1.30,1.71,2.31,2.33,1.85,1.13,0.40,0.01,0.00,0.00,0.00,0.00
2026-02-14,6,1,2,冬,13040.00,0.07,2102.10,11,28.5,14.4,21.0,0.0,19.00,27.2,6.7,14.3,14.1,0.67,11,0,0,高辐射,多云,0.00,0.00,0.00,0.00,0.00,0.00,0.00,80.0,720.0,1017.9,2102.1,1280.0,2014.2,1761.6,1744.2,1280.0,800.0,240.0,0.00,0.00,0.00,0.00,0.00,0.00,18.3,17.8,17.0,16.5,16.1,15.5,15.1,14.4,16.2,18.6,22.3,25.0,27.0,28.4,28.4,28.5,27.9,26.4,23.9,21.8,20.9,20.0,19.7,19.3,0.00,0.00,0.00,0.00,0.00,0.00,0.00,0.00,0.00,0.00,0.00,0.00,0.00,0.00,0.00,0.00,0.00,0.00,0.00,0.00,0.00,0.00,0.00,0.00,8.30,4.90,3.00,2.70,4.60,0.60,1.40,2.90,3.00,4.40,3.40,3.40,4.10,5.40,8.50,11.7,12.9,14.3,12.2,10.6,9.60,10.7,9.80,7.70,100.0,28.0,8.00,24.0,52.0,100.0,98.0,100.0,100.0,20.0,11.0,0.00,0.00,0.00,0.00,0.00,6.00,1.00,1.00,2.00,0.00,1.00,1.00,0.00,0.00,0.00,0.00,0.00,0.00,0.00,0.00,0.00,0.14,0.66,1.62,2.28,2.71,2.90,2.81,2.48,1.90,1.05,0.42,0.02,0.00,0.00,0.00,0.00
2026-02-15,0,1,2,冬,10320.00,0.05,1848.10,11,28.4,18.5,22.3,0.1,14.07,58.1,6.7,12.2,9.9,0.49,10,0,0,中等辐射,阴天,0.00,0.00,0.00,0.00,0.00,0.00,0.00,80.0,220.0,740.0,1480.0,1744.6,1848.1,1300.6,845.5,1101.2,800.0,160.0,0.00,0.00,0.00,0.00,0.00,0.00,18.9,18.5,18.8,19.2,19.4,19.6,19.7,19.8,19.8,20.7,21.5,23.5,26.2,28.2,28.0,28.4,27.9,26.7,24.7,22.4,21.8,21.0,20.4,20.3,0.00,0.00,0.00,0.00,0.00,0.00,0.00,0.00,0.00,0.00,0.00,0.10,0.00,0.00,0.00,0.00,0.00,0.00,0.00,0.00,0.00,0.00,0.00,0.00,5.80,5.20,3.90,3.10,0.90,2.10,3.70,4.50,3.40,5.40,6.00,8.20,8.70,8.20,9.10,10.2,12.2,11.9,10.2,9.50,8.80,7.90,6.40,5.60,2.00,48.0,100.0,100.0,100.0,100.0,100.0,100.0,100.0,100.0,100.0,84.0,50.0,34.0,12.0,2.00,1.00,8.00,1.00,1.00,0.00,52.0,100.0,100.0,0.00,0.00,0.00,0.00,0.00,0.00,0.00,0.00,0.06,0.25,0.40,0.94,1.81,2.55,2.59,2.24,1.72,1.06,0.43,0.02,0.00,0.00,0.00,0.00
2026-02-16,1,0,2,冬,10240.00,0.05,1475.20,11,29.9,20.3,23.6,0.1,16.19,61.6,6.7,11.3,9.6,0.56,11,0,0,高辐射,阴天,0.00,0.00,0.00,0.00,0.00,0.00,0.00,80.0,320.0,880.0,1440.0,1448.9,1420.0,1475.2,1175.9,960.0,640.0,400.0,0.00,0.00,0.00,0.00,0.00,0.00,20.5,20.5,20.5,20.5,20.4,20.3,20.3,20.3,20.8,22.1,23.3,25.1,27.1,29.0,29.7,29.9,29.4,28.2,26.1,23.7,23.1,22.5,21.8,21.3,0.00,0.00,0.00,0.00,0.00,0.00,0.00,0.00,0.00,0.10,0.00,0.00,0.00,0.00,0.00,0.00,0.00,0.00,0.00,0.00,0.00,0.00,0.00,0.00,9.30,7.00,4.50,3.80,2.80,3.00,3.10,4.30,5.70,6.40,7.10,7.10,6.10,4.40,4.80,7.10,9.30,9.80,11.3,10.9,9.00,8.70,9.00,6.50,100.0,100.0,100.0,100.0,100.0,100.0,100.0,100.0,100.0,100.0,91.0,100.0,60.0,44.0,27.0,59.0,15.0,33.0,34.0,6.00,5.00,4.00,1.00,0.00,0.00,0.00,0.00,0.00,0.00,0.00,0.00,0.00,0.10,0.43,0.93,1.73,2.21,2.71,2.70,2.22,1.64,1.08,0.42,0.02,0.00,0.00,0.00,0.00
2026-02-17,2,0,2,冬,6400.00,0.03,1360.00,10,21.8,16.3,19.7,0.0,10.57,68.8,10.5,13.4,5.5,0.36,11,0,0,中等辐射,阴天,0.00,0.00,0.00,0.00,0.00,0.00,0.00,0.00,160.0,240.0,293.3,586.7,753.7,1166.3,1360.0,1120.0,560.0,160.0,0.00,0.00,0.00,0.00,0.00,0.00,20.8,20.3,20.1,20.3,19.4,18.4,18.7,18.4,19.2,20.3,20.5,19.9,20.1,20.8,20.9,21.3,21.8,21.7,20.9,20.0,18.9,17.6,16.9,16.3,0.00,0.00,0.00,0.00,0.00,0.00,0.00,0.00,0.00,0.00,0.00,0.00,0.00,0.00,0.00,0.00,0.00,0.00,0.00,0.00,0.00,0.00,0.00,0.00,1.20,4.90,10.7,11.6,13.1,10.5,12.6,12.8,10.4,13.0,13.1,13.4,13.0,12.2,10.1,9.50,9.30,9.90,10.2,10.7,9.20,10.7,9.80,9.80,0.00,5.00,100.0,95.0,54.0,100.0,100.0,100.0,66.0,100.0,100.0,100.0,100.0,100.0,99.0,91.0,98.0,48.0,42.0,67.0,19.0,17.0,21.0,30.0,0.00,0.00,0.00,0.00,0.00,0.00,0.00,0.00,0.10,0.82,1.09,0.79,1.09,1.16,1.39,1.44,1.37,0.94,0.36,0.02,0.00,0.00,0.00,0.00
2026-02-18,3,0,2,冬,10320.00,0.05,1593.30,11,23.8,14.3,18.6,0.0,19.25,26.2,8.8,11.0,9.5,0.66,11,0,0,高辐射,多云,0.00,0.00,0.00,0.00,0.00,0.00,0.00,80.0,560.0,1120.0,880.0,1160.0,1480.0,1593.3,1286.7,1120.0,720.0,320.0,0.00,0.00,0.00,0.00,0.00,0.00,15.9,16.0,16.8,16.4,15.5,14.9,14.5,14.3,14.6,16.5,18.3,20.0,21.5,22.8,23.0,23.8,23.8,23.3,22.2,21.1,19.3,18.1,17.1,16.8,0.00,0.00,0.00,0.00,0.00,0.00,0.00,0.00,0.00,0.00,0.00,0.00,0.00,0.00,0.00,0.00,0.00,0.00,0.00,0.00,0.00,0.00,0.00,0.00,9.40,9.00,8.40,9.10,9.10,9.60,10.0,10.1,9.30,11.0,10.3,9.50,9.80,10.2,10.5,9.20,10.3,10.0,8.20,8.00,3.20,6.70,5.40,5.30,68.0,81.0,41.0,13.0,3.00,0.00,0.00,1.00,0.00,0.00,2.00,7.00,2.00,0.00,10.0,23.0,55.0,77.0,72.0,38.0,57.0,55.0,20.0,4.00,0.00,0.00,0.00,0.00,0.00,0.00,0.00,0.00,0.22,0.90,1.66,2.24,2.67,2.90,2.83,2.40,1.80,1.18,0.45,0.02,0.00,0.00,0.00,0.00
2026-02-19,4,0,2,冬,7920.00,0.04,1360.00,10,26.0,15.5,19.8,0.0,18.19,31.9,6.6,10.6,10.5,0.62,11,0,0,高辐射,多云,0.00,0.00,0.00,0.00,0.00,0.00,0.00,0.00,480.0,880.0,1360.0,1173.3,826.7,880.0,880.0,666.7,533.3,240.0,0.00,0.00,0.00,0.00,0.00,0.00,16.6,16.5,16.6,17.0,17.1,16.9,16.4,15.5,16.1,18.2,20.1,21.6,23.4,24.4,24.4,25.9,26.0,24.6,22.9,20.7,19.4,19.0,17.9,17.1,0.00,0.00,0.00,0.00,0.00,0.00,0.00,0.00,0.00,0.00,0.00,0.00,0.00,0.00,0.00,0.00,0.00,0.00,0.00,0.00,0.00,0.00,0.00,0.00,5.80,7.70,4.40,5.30,6.40,9.30,9.50,8.90,7.90,9.00,7.60,5.50,4.50,6.40,6.60,8.70,10.6,6.00,6.60,5.10,2.70,2.10,5.00,6.30,9.00,43.0,100.0,98.0,98.0,87.0,29.0,17.0,1.00,2.00,9.00,45.0,35.0,3.00,1.00,9.00,94.0,9.00,21.0,7.00,9.00,16.0,13.0,10.0,0.00,0.00,0.00,0.00,0.00,0.00,0.00,0.00,0.23,0.91,1.67,2.10,2.34,2.49,2.79,2.35,1.74,1.11,0.44,0.02,0.00,0.00,0.00,0.00
2026-02-20,5,0,2,冬,12640.00,0.07,1936.00,11,27.0,16.0,20.6,0.0,17.73,29.0,8.4,14.1,11.0,0.60,11,0,0,高辐射,多云,0.00,0.00,0.00,0.00,0.00,0.00,0.00,160.0,480.0,1040.0,1505.2,1838.8,1936.0,1766.0,1700.7,1253.3,720.0,240.0,0.00,0.00,0.00,0.00,0.00,0.00,16.6,16.1,16.0,17.0,17.3,17.5,17.4,16.0,16.4,18.8,21.3,23.3,24.7,25.9,26.5,26.9,27.0,26.1,25.0,22.6,20.6,19.6,18.7,18.2,0.00,0.00,0.00,0.00,0.00,0.00,0.00,0.00,0.00,0.00,0.00,0.00,0.00,0.00,0.00,0.00,0.00,0.00,0.00,0.00,0.00,0.00,0.00,0.00,3.40,2.20,5.20,6.30,6.40,7.50,7.60,9.00,6.70,7.80,9.00,8.70,8.60,11.0,14.1,14.1,13.3,8.80,3.40,10.4,10.8,9.20,9.20,9.50,4.00,9.00,99.0,92.0,100.0,100.0,3.00,2.00,4.00,0.00,0.00,0.00,2.00,12.0,36.0,52.0,98.0,63.0,12.0,4.00,1.00,0.00,1.00,2.00,0.00,0.00,0.00,0.00,0.00,0.00,0.00,0.00,0.23,0.93,1.69,2.32,2.75,2.95,2.67,1.70,1.20,0.85,0.43,0.03,0.00,0.00,0.00,0.00
2026-02-21,6,1,2,冬,11520.00,0.06,1860.00,11,27.0,15.7,20.6,0.1,14.50,37.1,9.3,15.7,11.3,0.49,11,0,0,中等辐射,多云,0.00,0.00,0.00,0.00,0.00,0.00,0.00,80.0,400.0,826.7,1388.1,1785.2,1440.0,1860.0,1500.0,1280.0,720.0,240.0,0.00,0.00,0.00,0.00,0.00,0.00,17.8,17.4,16.9,16.8,16.5,16.2,16.0,15.7,16.6,20.9,23.3,25.3,25.7,25.1,26.1,27.0,25.8,24.2,22.4,20.4,20.0,19.9,19.7,19.5,0.00,0.00,0.00,0.00,0.00,0.00,0.00,0.00,0.00,0.00,0.00,0.00,0.00,0.10,0.00,0.00,0.00,0.00,0.00,0.00,0.00,0.00,0.00,0.00,9.20,8.00,5.80,5.80,5.00,5.30,6.00,5.30,4.90,6.10,7.80,9.50,9.70,10.8,9.70,12.1,13.8,15.4,15.7,14.8,12.4,11.1,10.3,9.80,0.00,2.00,5.00,12.0,14.0,14.0,30.0,100.0,99.0,23.0,18.0,100.0,100.0,88.0,40.0,94.0,92.0,34.0,5.00,1.00,1.00,1.00,4.00,13.0,0.00,0.00,0.00,0.00,0.00,0.00,0.00,0.00,0.22,0.90,1.61,2.21,2.02,1.23,1.76,2.20,1.27,0.68,0.39,0.02,0.00,0.00,0.00,0.00
2026-02-22,0,1,2,冬,8880.00,0.05,1548.60,11,27.8,18.4,22.5,0.8,16.34,34.8,6.6,11.2,9.4,0.55,11,0,0,高辐射,多云,0.00,0.00,0.00,0.00,0.00,0.00,0.00,80.0,400.0,720.0,1200.0,1548.6,1012.8,1358.6,910.0,938.4,471.6,240.0,0.00,0.00,0.00,0.00,0.00,0.00,19.2,19.1,19.1,19.2,19.2,19.1,18.8,18.4,19.7,21.8,24.0,25.5,26.5,27.6,26.7,27.8,27.6,26.5,24.8,23.6,22.8,21.7,21.0,20.4,0.00,0.00,0.00,0.00,0.00,0.10,0.00,0.00,0.00,0.00,0.10,0.10,0.20,0.10,0.10,0.10,0.00,0.00,0.00,0.00,0.00,0.00,0.00,0.00,11.1,11.2,8.50,7.80,7.60,5.60,5.90,6.10,5.40,4.70,2.80,1.10,1.20,0.20,3.70,5.90,7.40,9.80,9.80,7.40,8.90,9.60,8.90,7.70,1.00,1.00,2.00,63.0,34.0,80.0,94.0,44.0,100.0,91.0,38.0,41.0,41.0,22.0,38.0,55.0,57.0,5.00,1.00,5.00,2.00,0.00,0.00,21.0,0.00,0.00,0.00,0.00,0.00,0.00,0.00,0.00,0.18,0.56,1.36,2.05,2.35,2.49,2.60,1.95,1.44,0.98,0.35,0.03,0.00,0.00,0.00,0.00
2026-02-23,1,0,2,冬,11200.00,0.06,1803.10,11,26.5,17.4,21.6,0.0,15.99,50.3,9.7,16.1,9.1,0.53,11,0,0,高辐射,阴天,0.00,0.00,0.00,0.00,0.00,0.00,0.00,160.0,640.0,880.0,880.0,1200.0,1680.0,1803.1,1636.9,1360.0,720.0,240.0,0.00,0.00,0.00,0.00,0.00,0.00,19.9,19.5,18.9,18.3,17.7,17.4,17.4,17.6,18.9,22.0,24.2,24.5,26.2,25.7,26.5,26.3,25.7,24.5,22.5,21.2,21.4,21.1,20.9,20.4,0.00,0.00,0.00,0.00,0.00,0.00,0.00,0.00,0.00,0.00,0.00,0.00,0.00,0.00,0.00,0.00,0.00,0.00,0.00,0.00,0.00,0.00,0.00,0.00,7.30,6.40,3.00,1.90,2.30,5.40,6.40,6.10,5.00,3.90,12.1,12.7,16.1,15.5,15.0,15.1,13.9,14.9,15.2,13.4,11.3,10.3,10.0,10.4,11.0,0.00,0.00,0.00,2.00,10.0,64.0,100.0,21.0,48.0,98.0,52.0,97.0,12.0,17.0,8.00,29.0,98.0,97.0,91.0,97.0,100.0,90.0,65.0,0.00,0.00,0.00,0.00,0.00,0.00,0.00,0.00,0.16,0.65,1.24,1.47,2.39,1.56,2.88,2.42,1.87,1.10,0.24,0.02,0.00,0.00,0.00,0.00
2026-02-24,2,0,2,冬,4720.00,0.02,960.00,11,27.7,20.2,23.0,0.6,10.57,86.7,5.8,9.2,7.5,0.35,10,0,1,中等辐射,雨天,0.00,0.00,0.00,0.00,0.00,0.00,0.00,80.0,160.0,480.0,560.0,440.0,520.0,960.0,626.7,577.5,235.8,80.0,0.00,0.00,0.00,0.00,0.00,0.00,20.2,20.3,20.4,20.7,20.8,20.7,20.6,20.5,20.8,21.7,23.0,24.6,26.1,27.1,25.7,27.7,26.6,26.7,25.1,24.1,23.4,22.7,21.6,20.8,0.00,0.10,0.00,0.00,0.00,0.10,0.00,0.00,0.00,0.00,0.00,0.10,0.10,0.00,0.10,0.10,0.00,0.00,0.00,0.00,0.00,0.00,0.00,0.00,9.00,9.20,6.40,6.20,6.20,5.40,6.10,6.80,5.90,6.60,6.70,5.40,4.20,4.00,5.30,2.10,3.20,6.50,8.40,7.80,3.90,5.20,5.20,3.60,100.0,72.0,100.0,100.0,100.0,100.0,100.0,100.0,100.0,100.0,99.0,80.0,100.0,75.0,66.0,100.0,97.0,100.0,100.0,100.0,72.0,10.0,9.00,100.0,0.00,0.00,0.00,0.00,0.00,0.00,0.00,0.00,0.08,0.32,0.67,1.09,1.66,1.67,1.88,2.00,0.44,0.65,0.10,0.01,0.00,0.00,0.00,0.00
2026-02-25,3,0,2,冬,3440.00,0.02,720.00,10,28.3,19.7,22.9,0.1,10.30,83.5,6.6,11.4,8.6,0.34,11,0,2,中等辐射,雨天,0.00,0.00,0.00,0.00,0.00,0.00,0.00,80.0,500.0,620.0,720.0,400.0,240.0,320.0,320.0,160.0,80.0,0.00,0.00,0.00,0.00,0.00,0.00,0.00,20.4,20.3,20.3,20.3,20.1,20.2,20.2,19.7,20.7,23.3,24.6,26.2,27.4,28.3,27.0,26.8,25.9,25.0,23.9,22.4,22.1,21.5,21.1,21.1,0.00,0.00,0.00,0.00,0.00,0.00,0.00,0.00,0.00,0.00,0.10,0.00,0.00,0.00,0.00,0.00,0.00,0.00,0.00,0.00,0.00,0.00,0.00,0.00,2.40,1.00,1.50,0.20,1.40,3.00,3.70,1.80,3.80,5.70,8.30,9.20,10.1,9.40,7.10,7.40,10.1,11.4,9.90,10.7,8.70,9.50,11.0,10.9,100.0,100.0,100.0,100.0,100.0,100.0,99.0,100.0,90.0,57.0,69.0,55.0,58.0,100.0,100.0,100.0,99.0,87.0,99.0,95.0,20.0,9.00,100.0,68.0,0.00,0.00,0.00,0.00,0.00,0.00,0.00,0.00,0.17,0.78,0.98,1.51,2.12,1.95,1.35,0.40,0.32,0.38,0.32,0.02,0.00,0.00,0.00,0.00
2026-02-26,4,0,2,冬,4880.00,0.03,1034.90,11,25.9,19.2,22.1,0.9,12.96,68.8,10.8,15.1,6.7,0.42,11,0,0,中等辐射,阴天,0.00,0.00,0.00,0.00,0.00,0.00,0.00,80.0,80.0,269.3,450.7,320.0,693.3,666.7,485.1,1034.9,640.0,160.0,0.00,0.00,0.00,0.00,0.00,0.00,20.7,20.8,20.5,20.3,20.1,19.7,19.4,19.2,20.6,21.9,23.7,25.4,25.9,25.9,24.9,25.6,24.6,23.8,22.4,21.4,21.1,20.9,20.6,20.5,0.10,0.10,0.10,0.00,0.00,0.00,0.00,0.00,0.00,0.00,0.00,0.00,0.10,0.10,0.30,0.10,0.00,0.00,0.00,0.00,0.00,0.00,0.00,0.00,10.8,9.20,6.00,7.70,6.90,8.40,7.60,8.30,12.8,14.0,14.7,15.1,15.1,14.5,12.2,12.2,13.2,10.4,10.4,11.4,8.70,10.6,9.40,10.7,95.0,99.0,27.0,16.0,16.0,13.0,7.00,12.0,100.0,73.0,66.0,49.0,74.0,55.0,100.0,97.0,67.0,96.0,100.0,100.0,97.0,91.0,100.0,100.0,0.00,0.00,0.00,0.00,0.00,0.00,0.00,0.00,0.24,0.48,1.22,1.66,2.00,1.53,1.68,1.72,1.33,0.92,0.18,0.01,0.00,0.00,0.00,0.00
2026-02-27,5,0,2,冬,4160.00,0.02,720.00,11,26.1,19.0,22.5,2.2,9.45,77.0,7.3,10.6,7.1,0.31,11,0,1,低辐射,阴天,0.00,0.00,0.00,0.00,0.00,0.00,0.00,80.0,320.0,202.1,517.9,720.0,560.0,520.0,520.0,320.0,240.0,160.0,0.00,0.00,0.00,0.00,0.00,0.00,20.4,20.1,20.5,20.1,20.2,19.9,19.7,19.0,21.1,22.4,23.8,26.1,25.3,25.8,25.6,25.6,25.1,24.8,24.0,22.6,21.9,21.8,21.5,21.6,0.00,0.00,0.10,0.60,0.30,0.00,0.00,0.00,0.00,0.10,0.10,0.10,0.00,0.10,0.30,0.10,0.10,0.00,0.00,0.00,0.00,0.00,0.00,0.30,9.80,8.20,7.90,4.10,1.20,5.50,5.40,4.40,4.40,6.90,4.90,4.00,6.80,9.00,6.60,8.90,9.60,10.2,10.6,10.6,9.70,8.30,7.60,9.90,80.0,89.0,46.0,95.0,58.0,25.0,16.0,40.0,100.0,96.0,68.0,100.0,100.0,91.0,100.0,100.0,100.0,100.0,33.0,30.0,98.0,84.0,100.0,100.0,0.00,0.00,0.00,0.00,0.00,0.00,0.00,0.00,0.23,0.41,0.76,1.66,0.72,1.35,1.67,0.95,0.78,0.49,0.40,0.03,0.00,0.00,0.00,0.00
2026-02-28,6,1,2,冬,2720.00,0.01,674.20,10,23.9,19.5,21.4,5.7,6.89,100.0,13.5,19.2,4.4,0.22,10,0,2,低辐射,雨天,0.00,0.00,0.00,0.00,0.00,0.00,0.00,0.00,80.0,160.0,400.0,560.0,674.2,365.8,160.0,80.0,160.0,80.0,0.00,0.00,0.00,0.00,0.00,0.00,21.4,21.3,21.1,21.2,21.1,21.1,21.1,21.0,21.3,21.8,22.8,23.9,22.6,22.7,23.2,22.4,22.2,21.0,20.5,20.3,19.5,19.6,19.6,19.7,0.20,0.00,0.10,0.60,0.40,0.60,0.80,0.50,0.20,0.40,0.00,0.00,0.10,0.40,0.20,0.10,0.00,0.10,0.20,0.10,0.60,0.10,0.00,0.00,10.5,10.5,10.9,9.70,7.90,9.10,8.60,11.1,9.00,13.5,16.4,19.2,18.3,19.1,16.0,17.5,15.9,14.8,14.2,13.5,14.1,16.0,15.1,13.9,100.0,100.0,100.0,100.0,100.0,100.0,100.0,100.0,100.0,100.0,100.0,100.0,100.0,100.0,100.0,100.0,100.0,100.0,100.0,100.0,100.0,100.0,100.0,100.0,0.00,0.00,0.00,0.00,0.00,0.00,0.00,0.00,0.05,0.28,0.76,1.48,0.76,0.90,0.97,0.80,0.48,0.27,0.12,0.01,0.00,0.00,0.00,0.00
2026-03-01,0,1,3,春,6480.00,0.03,1355.80,11,26.0,19.9,22.3,0.7,10.68,75.1,15.0,20.5,6.1,0.34,10,0,3,中等辐射,阴天,0.00,0.00,0.00,0.00,0.00,0.00,0.00,160.0,480.0,644.2,1355.8,1040.0,562.7,317.3,240.0,640.0,720.0,320.0,0.00,0.00,0.00,0.00,0.00,0.00,19.9,20.0,20.3,20.2,20.3,20.4,20.5,20.6,20.8,21.5,22.2,23.1,24.1,24.6,25.3,25.7,26.0,25.4,24.4,22.9,22.5,21.9,21.7,21.6,0.00,0.00,0.10,0.10,0.00,0.00,0.00,0.00,0.00,0.00,0.00,0.00,0.00,0.10,0.20,0.10,0.10,0.00,0.00,0.00,0.00,0.00,0.00,0.00,13.5,14.2,14.3,15.2,16.5,15.2,15.3,15.7,12.6,18.1,20.5,19.5,19.0,19.9,18.3,19.5,19.1,16.1,12.6,10.2,10.5,9.30,7.50,7.10,100.0,100.0,100.0,100.0,100.0,100.0,100.0,100.0,100.0,100.0,100.0,100.0,100.0,99.0,67.0,47.0,48.0,88.0,28.0,33.0,15.0,18.0,23.0,37.0,0.00,0.00,0.00,0.00,0.00,0.00,0.00,0.00,0.08,0.31,0.54,0.83,1.06,1.09,1.72,1.97,1.65,1.03,0.37,0.03,0.00,0.00,0.00,0.00
2026-03-02,1,0,3,春,6480.00,0.03,1400.00,10,28.2,19.3,23.5,12.0,12.99,72.1,8.4,14.9,8.9,0.42,11,0,4,中等辐射,雨天,0.00,0.00,0.00,0.00,0.00,0.00,0.00,160.0,400.0,800.0,1120.0,1080.0,1400.0,480.0,400.0,240.0,400.0,0.00,0.00,0.00,0.00,0.00,0.00,0.00,21.6,21.7,21.5,21.5,21.7,21.9,22.1,22.2,22.9,24.7,26.0,27.5,28.2,25.4,27.1,27.6,26.5,24.3,22.8,22.1,22.2,21.8,20.4,19.3,0.00,0.00,0.00,0.00,0.00,0.00,0.00,0.00,0.10,0.20,0.10,0.00,0.00,0.70,0.20,0.10,1.10,0.40,1.60,1.30,6.20,0.00,0.00,0.00,8.60,9.00,7.10,5.80,4.80,5.50,8.30,7.30,7.50,9.20,9.60,7.70,7.80,9.80,14.9,10.9,8.30,1.90,8.80,10.0,3.20,10.5,12.6,12.9,70.0,91.0,82.0,100.0,100.0,100.0,100.0,100.0,31.0,55.0,13.0,73.0,100.0,52.0,48.0,93.0,66.0,100.0,100.0,100.0,25.0,39.0,59.0,33.0,0.00,0.00,0.00,0.00,0.00,0.00,0.00,0.00,0.11,0.69,1.34,2.17,2.05,1.45,2.11,1.57,0.71,0.63,0.15,0.01,0.00,0.00,0.00,0.00
2026-03-03,2,0,3,春,3040.00,0.02,640.00,10,19.8,15.3,17.3,23.1,7.11,81.3,11.5,15.3,4.5,0.23,11,0,5,低辐射,雨天,0.00,0.00,0.00,0.00,0.00,0.00,0.00,160.0,240.0,400.0,640.0,400.0,266.6,213.4,240.0,354.3,125.7,0.00,0.00,0.00,0.00,0.00,0.00,0.00,18.5,18.5,18.8,18.2,17.7,17.1,16.7,16.3,17.0,18.6,18.9,19.8,18.6,18.8,18.6,16.0,16.2,16.5,15.9,15.7,16.0,15.8,15.7,15.3,0.00,0.00,0.00,0.00,0.00,0.00,0.00,0.00,0.00,0.00,0.20,0.40,0.70,0.50,0.70,0.90,1.00,1.30,2.90,1.10,0.60,2.00,6.20,4.60,11.4,12.1,10.9,10.1,11.3,11.1,10.7,11.6,11.8,13.5,12.7,11.7,10.7,11.5,15.1,15.3,12.1,13.8,10.1,10.7,7.20,9.90,9.60,12.3,100.0,99.0,97.0,45.0,16.0,14.0,56.0,45.0,14.0,66.0,99.0,100.0,100.0,100.0,100.0,100.0,100.0,99.0,100.0,100.0,100.0,100.0,100.0,100.0,0.00,0.00,0.00,0.00,0.00,0.00,0.00,0.00,0.24,0.96,0.89,1.52,0.45,0.92,0.59,0.32,0.49,0.58,0.14,0.01,0.00,0.00,0.00,0.00
2026-03-04,3,0,3,春,2480.00,0.01,480.00,10,18.4,13.4,15.4,25.9,6.13,100.0,9.5,13.1,5.0,0.19,11,0,6,低辐射,雨天,0.00,0.00,0.00,0.00,0.00,0.00,0.00,80.0,80.0,320.0,480.0,460.0,340.0,316.5,163.5,160.0,80.0,0.00,0.00,0.00,0.00,0.00,0.00,0.00,14.8,14.5,14.8,14.3,13.9,13.6,13.5,13.5,13.4,14.4,15.0,15.4,16.8,18.4,18.3,18.4,17.4,16.7,16.2,15.7,15.5,15.4,15.2,15.1,3.10,2.60,3.60,3.30,3.20,4.60,2.80,1.60,0.20,0.10,0.10,0.00,0.00,0.00,0.00,0.00,0.10,0.10,0.20,0.10,0.00,0.10,0.10,0.00,13.1,11.4,11.2,11.1,11.0,10.6,9.80,9.50,8.40,12.3,11.2,11.9,9.30,8.30,9.70,7.80,8.60,10.1,8.00,6.20,7.00,7.80,7.10,5.50,100.0,100.0,100.0,100.0,100.0,100.0,100.0,100.0,100.0,100.0,100.0,100.0,100.0,100.0,99.0,100.0,100.0,100.0,100.0,100.0,100.0,100.0,100.0,100.0,0.00,0.00,0.00,0.00,0.00,0.00,0.00,0.00,0.18,0.28,0.41,0.34,1.05,1.29,0.90,1.14,0.26,0.15,0.12,0.01,0.00,0.00,0.00,0.00
2026-03-05,4,0,3,春,10800.00,0.06,2186.70,10,23.6,14.8,18.7,0.0,16.35,83.5,7.2,12.0,8.8,0.52,11,0,7,高辐射,雨天,0.00,0.00,0.00,0.00,0.00,0.00,0.00,80.0,200.0,973.3,2186.7,1840.0,2000.0,1200.0,1280.0,956.2,83.8,0.00,0.00,0.00,0.00,0.00,0.00,0.00,15.2,15.1,14.8,14.9,15.2,15.6,15.6,15.4,15.5,16.4,17.9,20.4,21.9,23.4,23.6,23.6,23.2,22.2,21.4,20.7,19.6,19.4,19.1,18.8,0.00,0.00,0.00,0.00,0.00,0.00,0.00,0.00,0.00,0.00,0.00,0.00,0.00,0.00,0.00,0.00,0.00,0.00,0.00,0.00,0.00,0.00,0.00,0.00,4.10,3.60,2.90,3.80,4.90,8.50,7.80,8.40,8.50,8.50,6.20,5.40,6.40,7.60,8.70,10.3,12.0,11.5,4.20,2.00,6.50,10.3,11.5,9.80,100.0,77.0,98.0,100.0,100.0,95.0,100.0,100.0,100.0,98.0,0.00,0.00,0.00,54.0,100.0,100.0,92.0,99.0,91.0,100.0,100.0,100.0,100.0,100.0,0.00,0.00,0.00,0.00,0.00,0.00,0.00,0.00,0.12,0.45,1.07,2.36,2.82,3.01,2.63,1.61,1.25,0.69,0.32,0.03,0.00,0.00,0.00,0.00
2026-03-06,5,0,3,春,13840.00,0.07,2520.00,8,22.7,13.7,18.4,0.0,21.16,27.9,9.4,14.0,9.0,0.66,11,0,0,极高辐射,多云,0.00,0.00,0.00,0.00,0.00,0.00,0.00,0.00,0.00,0.00,1840.0,2200.0,2520.0,2000.0,1520.0,2400.0,1040.0,320.0,0.00,0.00,0.00,0.00,0.00,0.00,18.6,17.4,16.5,16.1,15.5,14.9,14.3,13.7,14.8,16.6,18.0,19.6,20.9,21.9,22.1,22.6,22.7,22.3,21.1,19.4,18.4,18.3,17.9,17.5,0.00,0.00,0.00,0.00,0.00,0.00,0.00,0.00,0.00,0.00,0.00,0.00,0.00,0.00,0.00,0.00,0.00,0.00,0.00,0.00,0.00,0.00,0.00,0.00,8.60,7.20,6.80,8.70,10.1,10.1,10.3,8.90,9.70,13.0,14.0,12.7,12.1,12.0,10.1,7.50,7.70,8.70,4.80,5.20,9.50,10.0,10.1,8.90,99.0,98.0,95.0,100.0,98.0,89.0,6.00,0.00,0.00,3.00,0.00,0.00,9.00,13.0,7.00,4.00,8.00,7.00,1.00,1.00,2.00,4.00,19.0,7.00,0.00,0.00,0.00,0.00,0.00,0.00,0.00,0.01,0.34,1.07,1.83,2.47,2.90,3.07,2.97,2.63,2.03,1.28,0.52,0.04,0.00,0.00,0.00,0.00
2026-03-07,6,1,3,春,10480.00,0.05,1560.00,11,23.6,15.4,18.7,0.0,18.60,23.7,7.9,11.4,8.2,0.58,11,0,0,高辐射,多云,0.00,0.00,0.00,0.00,0.00,0.00,0.00,240.0,800.0,1360.0,1280.0,1280.0,1560.0,1000.0,1120.0,814.7,705.3,320.0,0.00,0.00,0.00,0.00,0.00,0.00,17.1,16.6,16.0,15.9,15.8,15.5,15.5,15.4,16.1,18.4,20.3,21.5,22.2,23.1,23.1,23.6,23.3,22.5,20.5,17.9,17.5,17.4,17.2,17.1,0.00,0.00,0.00,0.00,0.00,0.00,0.00,0.00,0.00,0.00,0.00,0.00,0.00,0.00,0.00,0.00,0.00,0.00,0.00,0.00,0.00,0.00,0.00,0.00,8.90,6.80,6.20,6.20,5.90,6.80,6.60,7.20,4.00,4.20,6.40,8.90,9.10,8.80,6.80,7.70,8.60,7.20,8.50,11.0,11.4,10.4,10.2,11.0,20.0,0.00,0.00,20.0,34.0,55.0,100.0,100.0,2.00,0.00,0.00,43.0,40.0,54.0,34.0,44.0,17.0,0.00,0.00,0.00,1.00,1.00,2.00,1.00,0.00,0.00,0.00,0.00,0.00,0.00,0.00,0.00,0.17,1.01,1.82,2.33,2.51,2.55,2.47,2.20,1.76,1.22,0.52,0.04,0.00,0.00,0.00,0.00
2026-03-08,0,1,3,春,15760.00,0.08,2400.00,11,24.2,15.2,19.3,0.0,20.48,25.1,8.3,11.3,9.0,0.64,11,0,0,极高辐射,多云,0.00,0.00,0.00,0.00,0.00,0.00,0.00,160.0,880.0,1280.0,2240.0,2320.0,2400.0,2080.0,1520.0,1600.0,960.0,320.0,0.00,0.00,0.00,0.00,0.00,0.00,17.0,16.8,16.8,16.6,16.2,15.9,15.6,15.2,16.6,18.2,19.7,21.2,22.3,23.2,23.9,24.2,23.8,23.3,22.0,19.7,19.0,18.8,19.0,18.4,0.00,0.00,0.00,0.00,0.00,0.00,0.00,0.00,0.00,0.00,0.00,0.00,0.00,0.00,0.00,0.00,0.00,0.00,0.00,0.00,0.00,0.00,0.00,0.00,10.6,11.3,10.6,8.50,6.70,6.90,8.70,10.0,9.20,9.30,8.10,7.30,7.90,8.60,6.80,7.20,8.80,7.20,4.30,9.30,8.20,8.30,8.60,7.00,5.00,1.00,1.00,1.00,1.00,7.00,2.00,0.00,13.0,1.00,0.00,0.00,0.00,0.00,0.00,29.0,36.0,30.0,59.0,100.0,98.0,100.0,96.0,23.0,0.00,0.00,0.00,0.00,0.00,0.00,0.00,0.01,0.35,1.06,1.79,2.48,2.91,3.07,2.97,2.56,1.72,1.09,0.45,0.04,0.00,0.00,0.00,0.00
2026-03-09,1,0,3,春,9040.00,0.05,1680.00,11,22.6,16.5,19.3,0.5,7.42,85.9,8.4,16.2,6.1,0.23,11,0,1,低辐射,雨天,0.00,0.00,0.00,0.00,0.00,0.00,0.00,160.0,646.2,753.8,1000.0,1120.0,1680.0,1600.0,960.0,628.7,411.3,80.0,0.00,0.00,0.00,0.00,0.00,0.00,18.1,17.7,18.1,17.7,17.4,17.4,17.5,17.3,18.2,19.4,20.4,20.6,20.5,20.9,22.4,22.6,22.6,22.2,20.6,20.1,19.4,18.2,17.2,16.5,0.00,0.00,0.00,0.00,0.00,0.00,0.00,0.00,0.00,0.00,0.00,0.00,0.00,0.00,0.00,0.00,0.00,0.10,0.20,0.10,0.00,0.00,0.10,0.00,6.40,8.00,5.80,5.60,6.20,6.90,7.80,8.10,7.40,7.10,7.30,7.40,8.10,7.90,7.00,8.70,3.00,4.90,6.30,10.8,16.2,14.3,15.8,14.2,18.0,9.00,13.0,77.0,98.0,100.0,99.0,100.0,48.0,100.0,100.0,100.0,100.0,99.0,100.0,100.0,100.0,100.0,100.0,100.0,100.0,100.0,100.0,100.0,0.00,0.00,0.00,0.00,0.00,0.00,0.00,0.01,0.16,0.69,0.79,0.68,0.63,0.72,1.18,1.25,0.76,0.43,0.11,0.01,0.00,0.00,0.00,0.00
2026-03-10,2,0,3,春,3040.00,0.02,480.00,10,17.9,14.0,15.8,0.8,6.60,91.9,8.3,11.9,3.9,0.20,11,0,2,低辐射,雨天,0.00,0.00,0.00,0.00,0.00,0.00,0.00,0.00,240.0,240.0,331.4,468.6,480.0,320.0,426.7,293.3,213.3,26.7,0.00,0.00,0.00,0.00,0.00,0.00,16.1,15.7,15.4,15.2,14.7,14.1,14.0,14.2,14.2,14.8,15.6,16.2,16.7,16.9,16.9,17.3,17.9,17.9,17.3,16.7,15.9,15.5,15.2,14.6,0.10,0.00,0.00,0.00,0.40,0.20,0.10,0.00,0.00,0.00,0.00,0.00,0.00,0.00,0.00,0.00,0.00,0.00,0.00,0.00,0.00,0.00,0.00,0.00,11.5,10.3,9.10,10.4,11.9,10.9,9.70,10.3,8.70,9.30,9.10,9.30,8.70,7.00,7.50,7.40,7.60,7.20,7.40,6.90,5.80,4.90,4.90,2.60,100.0,100.0,100.0,100.0,100.0,100.0,100.0,100.0,100.0,100.0,100.0,100.0,100.0,100.0,100.0,100.0,100.0,100.0,100.0,100.0,84.0,13.0,9.00,100.0,0.00,0.00,0.00,0.00,0.00,0.00,0.00,0.00,0.15,0.26,0.41,0.54,0.83,0.60,1.25,0.89,0.95,0.53,0.17,0.01,0.00,0.00,0.00,0.00
2026-03-11,3,0,3,春,10880.00,0.06,1840.00,12,21.6,13.6,17.2,0.2,12.51,59.1,5.1,9.0,8.0,0.38,11,0,0,中等辐射,阴天,0.00,0.00,0.00,0.00,0.00,0.00,80.0,80.0,560.0,1440.0,1840.0,1840.0,1760.0,1167.7,832.3,720.0,400.0,160.0,0.00,0.00,0.00,0.00,0.00,0.00,14.3,13.9,14.0,14.2,13.8,13.6,13.8,14.0,15.6,17.1,18.4,19.6,20.0,21.2,21.5,21.6,21.6,21.2,20.2,18.5,16.9,16.4,15.9,15.6,0.00,0.00,0.00,0.00,0.00,0.00,0.00,0.00,0.00,0.00,0.00,0.00,0.00,0.10,0.10,0.00,0.00,0.00,0.00,0.00,0.00,0.00,0.00,0.00,3.20,4.20,4.00,4.10,3.30,4.00,3.70,4.50,5.40,6.00,5.10,3.80,3.10,4.20,4.80,6.30,7.60,7.30,5.00,4.80,9.00,7.40,5.70,5.30,100.0,100.0,100.0,100.0,100.0,7.00,59.0,84.0,27.0,42.0,98.0,100.0,100.0,100.0,62.0,27.0,52.0,84.0,41.0,29.0,5.00,1.00,0.00,1.00,0.00,0.00,0.00,0.00,0.00,0.00,0.00,0.01,0.17,0.66,1.11,1.49,1.22,1.96,2.19,1.52,1.28,0.61,0.26,0.03,0.00,0.00,0.00,0.00
2026-03-12,4,0,3,春,17280.00,0.09,2880.00,11,25.2,13.4,18.5,0.0,21.31,25.5,7.1,12.2,11.8,0.65,11,0,0,极高辐射,多云,0.00,0.00,0.00,0.00,0.00,0.00,0.00,160.0,1040.0,1760.0,1771.3,2308.7,2880.0,2160.0,2160.0,1600.0,1040.0,400.0,0.00,0.00,0.00,0.00,0.00,0.00,15.0,14.5,14.5,14.2,13.7,13.4,13.4,13.5,14.9,17.4,19.9,21.9,23.4,24.0,25.1,25.2,25.0,24.8,22.5,19.3,17.4,17.1,17.3,17.4,0.00,0.00,0.00,0.00,0.00,0.00,0.00,0.00,0.00,0.00,0.00,0.00,0.00,0.00,0.00,0.00,0.00,0.00,0.00,0.00,0.00,0.00,0.00,0.00,4.40,3.60,3.00,1.00,0.70,4.50,5.30,4.30,1.90,5.20,5.70,8.20,12.0,11.9,12.2,11.9,11.7,10.4,5.60,6.90,11.4,10.6,8.40,8.60,6.00,9.00,10.0,9.00,98.0,98.0,100.0,100.0,100.0,53.0,29.0,1.00,0.00,0.00,0.00,0.00,0.00,0.00,0.00,0.00,0.00,0.00,0.00,0.00,0.00,0.00,0.00,0.00,0.00,0.00,0.00,0.01,0.29,0.87,1.72,2.46,2.98,3.16,3.07,2.71,2.10,1.34,0.55,0.05,0.00,0.00,0.00,0.00
2026-03-13,5,0,3,春,17440.00,0.09,2480.00,12,22.2,14.7,17.9,0.0,22.05,23.5,10.8,14.4,7.5,0.67,11,0,0,极高辐射,多云,0.00,0.00,0.00,0.00,0.00,0.00,80.0,320.0,960.0,1520.0,2160.0,2411.4,2468.6,2480.0,2000.0,1645.9,1074.1,320.0,0.00,0.00,0.00,0.00,0.00,0.00,17.3,17.0,16.6,16.3,15.7,15.3,14.9,14.7,16.5,18.5,19.5,20.5,21.2,21.5,22.2,21.9,21.3,19.5,18.1,16.3,16.2,16.1,15.7,15.8,0.00,0.00,0.00,0.00,0.00,0.00,0.00,0.00,0.00,0.00,0.00,0.00,0.00,0.00,0.00,0.00,0.00,0.00,0.00,0.00,0.00,0.00,0.00,0.00,10.6,12.9,11.1,11.4,10.1,9.60,9.40,9.00,7.40,8.80,9.70,9.30,10.7,11.9,12.0,12.6,12.0,14.4,12.6,13.0,10.3,9.40,9.40,12.2,0.00,0.00,0.00,20.0,28.0,23.0,99.0,100.0,74.0,70.0,47.0,40.0,43.0,6.00,14.0,0.00,0.00,0.00,0.00,0.00,0.00,0.00,0.00,0.00,0.00,0.00,0.00,0.00,0.00,0.00,0.00,0.01,0.40,1.12,1.93,2.56,2.99,3.17,3.08,2.71,2.11,1.35,0.56,0.05,0.00,0.00,0.00,0.00
2026-03-14,6,1,3,春,17200.00,0.09,2720.00,11,23.5,13.4,18.1,0.0,20.92,8.7,9.5,13.0,10.1,0.63,11,0,0,极高辐射,晴天,0.00,0.00,0.00,0.00,0.00,0.00,0.00,320.0,880.0,1840.0,2000.0,2240.0,2720.0,2420.0,2180.0,1240.0,960.0,400.0,0.00,0.00,0.00,0.00,0.00,0.00,15.9,15.5,14.9,15.0,14.7,14.1,13.6,13.4,14.6,16.3,18.3,20.2,21.7,22.8,23.5,23.2,23.1,22.3,20.7,18.7,18.2,18.1,17.6,17.2,0.00,0.00,0.00,0.00,0.00,0.00,0.00,0.00,0.00,0.00,0.00,0.00,0.00,0.00,0.00,0.00,0.00,0.00,0.00,0.00,0.00,0.00,0.00,0.00,12.6,10.8,8.30,9.80,11.2,11.6,11.9,11.6,13.0,12.8,11.0,8.10,6.20,7.20,8.50,9.20,8.90,9.60,6.40,7.10,7.40,9.00,9.00,8.00,0.00,0.00,0.00,0.00,3.00,0.00,0.00,0.00,0.00,3.00,1.00,2.00,2.00,0.00,38.0,53.0,58.0,37.0,11.0,1.00,0.00,0.00,0.00,0.00,0.00,0.00,0.00,0.00,0.00,0.00,0.00,0.02,0.42,1.18,1.94,2.58,3.00,3.16,3.06,2.15,1.73,1.10,0.52,0.05,0.00,0.00,0.00,0.00
2026-03-15,0,1,3,春,13280.00,0.07,2153.20,12,25.8,14.9,19.6,0.0,20.84,7.6,8.0,12.9,10.9,0.63,11,0,0,极高辐射,晴天,0.00,0.00,0.00,0.00,0.00,0.00,0.00,320.0,960.0,1520.0,2086.8,2153.2,1120.0,1760.0,800.0,1040.0,1120.0,320.0,80.0,0.00,0.00,0.00,0.00,0.00,16.9,16.5,15.9,15.9,15.3,14.9,15.5,15.9,18.0,20.0,21.7,23.2,24.2,24.8,25.8,25.5,24.7,23.2,21.3,19.3,18.5,18.2,17.9,17.4,0.00,0.00,0.00,0.00,0.00,0.00,0.00,0.00,0.00,0.00,0.00,0.00,0.00,0.00,0.00,0.00,0.00,0.00,0.00,0.00,0.00,0.00,0.00,0.00,7.30,5.70,3.80,1.80,2.60,4.40,7.70,10.9,10.6,10.9,9.90,9.40,9.20,8.40,6.40,8.00,12.2,12.9,8.70,8.50,7.70,9.50,8.10,6.60,0.00,0.00,5.00,3.00,2.00,10.0,7.00,8.00,6.00,2.00,0.00,0.00,0.00,0.00,57.0,74.0,6.00,2.00,0.00,0.00,0.00,0.00,0.00,0.00,0.00,0.00,0.00,0.00,0.00,0.00,0.00,0.02,0.40,1.10,1.86,2.53,2.97,3.13,3.02,2.21,1.84,1.18,0.54,0.05,0.00,0.00,0.00,0.00
2026-03-16,1,0,3,春,16000.00,0.08,2176.50,11,25.8,15.6,19.9,0.0,21.39,0.4,7.6,12.9,10.2,0.64,11,0,0,极高辐射,晴天,0.00,0.00,0.00,0.00,0.00,0.00,0.00,320.0,986.7,1573.3,2176.5,1983.5,1947.8,1988.2,1904.0,1760.0,960.0,400.0,0.00,0.00,0.00,0.00,0.00,0.00,16.9,16.5,16.3,16.5,16.1,16.4,15.9,15.6,17.6,19.9,21.9,23.6,24.8,25.5,25.8,25.3,24.7,23.5,21.4,19.1,19.1,18.9,18.6,18.3,0.00,0.00,0.00,0.00,0.00,0.00,0.00,0.00,0.00,0.00,0.00,0.00,0.00,0.00,0.00,0.00,0.00,0.00,0.00,0.00,0.00,0.00,0.00,0.00,4.90,4.90,5.50,5.00,4.80,6.30,5.50,5.50,5.60,5.00,4.90,4.20,6.30,9.40,9.80,12.0,12.4,12.9,11.9,9.80,8.80,8.70,8.30,9.30,0.00,0.00,0.00,0.00,0.00,0.00,0.00,0.00,0.00,0.00,0.00,0.00,0.00,2.00,5.00,1.00,0.00,1.00,0.00,0.00,0.00,0.00,0.00,1.00,0.00,0.00,0.00,0.00,0.00,0.00,0.00,0.02,0.42,1.16,1.92,2.55,2.97,3.14,2.99,2.49,1.94,1.21,0.53,0.05,0.00,0.00,0.00,0.00
2026-03-17,2,0,3,春,11120.00,0.06,1840.00,12,24.5,17.5,20.7,1.1,14.87,21.8,10.4,15.7,7.0,0.44,11,0,1,中等辐射,阴天,0.00,0.00,0.00,0.00,0.00,0.00,80.0,240.0,656.0,944.0,1520.0,1245.8,1154.2,1840.0,1440.0,1040.0,640.0,320.0,0.00,0.00,0.00,0.00,0.00,0.00,18.2,18.0,17.7,17.8,17.7,17.6,17.5,17.7,20.0,21.8,23.1,23.2,24.0,24.5,23.9,23.6,24.2,23.7,22.0,20.3,20.3,20.2,19.9,19.5,0.00,0.00,0.00,0.00,0.00,0.00,0.00,0.00,0.00,0.00,0.30,0.20,0.10,0.20,0.30,0.00,0.00,0.00,0.00,0.00,0.00,0.00,0.00,0.00,9.30,9.10,7.80,7.70,6.90,6.60,7.70,7.70,10.1,12.6,13.8,15.7,14.5,14.6,13.1,11.8,11.8,12.2,12.1,9.70,9.40,8.80,9.20,7.90,1.00,0.00,1.00,2.00,2.00,3.00,7.00,5.00,12.0,20.0,44.0,34.0,45.0,89.0,94.0,71.0,48.0,42.0,2.00,0.00,0.00,0.00,0.00,0.00,0.00,0.00,0.00,0.00,0.00,0.00,0.00,0.02,0.41,1.09,1.64,1.87,1.96,2.20,1.84,1.14,1.25,0.96,0.45,0.05,0.00,0.00,0.00,0.00
2026-03-18,3,0,3,春,14800.00,0.08,2175.70,11,27.9,17.2,22.5,0.0,15.71,33.0,6.6,9.6,10.7,0.47,11,0,0,高辐射,多云,0.00,0.00,0.00,0.00,0.00,0.00,0.00,400.0,960.0,1520.0,1586.6,1453.4,2064.3,2175.7,1840.0,1600.0,880.0,320.0,0.00,0.00,0.00,0.00,0.00,0.00,19.1,18.8,18.5,18.7,18.5,17.5,17.2,17.7,20.0,22.6,25.0,26.6,27.6,27.9,27.3,27.9,27.4,26.9,25.3,23.3,22.7,22.0,21.3,20.6,0.00,0.00,0.00,0.00,0.00,0.00,0.00,0.00,0.00,0.00,0.00,0.00,0.00,0.00,0.00,0.00,0.00,0.00,0.00,0.00,0.00,0.00,0.00,0.00,7.50,6.70,4.70,5.40,6.10,4.50,4.00,5.10,5.00,5.10,7.30,9.00,9.60,8.90,8.10,6.10,6.20,7.20,8.40,9.40,6.10,6.00,6.30,6.30,2.00,2.00,2.00,1.00,3.00,18.0,35.0,93.0,7.00,23.0,25.0,35.0,59.0,100.0,59.0,100.0,100.0,98.0,16.0,1.00,7.00,4.00,1.00,1.00,0.00,0.00,0.00,0.00,0.00,0.00,0.00,0.02,0.39,1.11,1.85,2.27,2.56,2.06,1.31,1.89,1.08,0.79,0.33,0.04,0.00,0.00,0.00,0.00
2026-03-19,4,0,3,春,10720.00,0.06,1485.00,11,28.9,17.6,22.7,0.4,19.46,23.0,6.3,12.9,11.3,0.57,11,0,0,高辐射,多云,0.00,0.00,0.00,0.00,0.00,0.00,0.00,320.0,896.0,1424.0,1360.0,1120.0,1022.3,977.7,771.0,1485.0,944.0,400.0,0.00,0.00,0.00,0.00,0.00,0.00,19.6,19.1,19.0,18.7,18.1,17.8,17.6,17.8,20.3,22.4,24.6,26.5,27.8,28.3,28.6,28.9,28.2,26.9,25.5,23.4,22.8,21.9,21.2,20.6,0.00,0.00,0.00,0.00,0.00,0.00,0.00,0.00,0.00,0.00,0.00,0.00,0.10,0.20,0.10,0.00,0.00,0.00,0.00,0.00,0.00,0.00,0.00,0.00,3.90,3.30,4.30,3.10,0.40,1.10,2.80,5.00,5.40,3.20,3.30,4.70,6.30,7.70,9.50,11.2,11.9,12.9,12.0,9.90,7.80,7.00,7.50,6.40,7.00,4.00,5.00,2.00,5.00,98.0,100.0,100.0,2.00,1.00,0.00,23.0,34.0,29.0,35.0,39.0,22.0,24.0,14.0,5.00,2.00,2.00,0.00,0.00,0.00,0.00,0.00,0.00,0.00,0.00,0.00,0.02,0.33,1.17,1.91,2.53,2.81,2.66,2.38,2.40,1.70,1.00,0.49,0.05,0.00,0.00,0.00,0.00
2026-03-20,5,0,3,春,2080.00,0.01,640.00,7,26.7,19.3,22.3,2.2,15.07,73.7,11.5,20.4,7.4,0.44,11,0,1,高辐射,阴天,0.00,0.00,0.00,0.00,0.00,0.00,0.00,240.0,440.0,200.0,0.00,0.00,0.00,0.00,80.0,640.0,400.0,80.0,0.00,0.00,0.00,0.00,0.00,0.00,20.3,19.8,19.3,19.5,19.6,19.7,20.2,20.2,20.7,22.1,24.2,25.6,26.4,26.7,25.7,25.6,24.6,23.2,22.7,22.1,22.0,22.0,22.0,21.7,0.00,0.00,0.00,0.00,0.00,0.30,1.10,0.60,0.00,0.00,0.00,0.00,0.00,0.00,0.00,0.10,0.00,0.00,0.00,0.00,0.00,0.00,0.00,0.10,5.80,4.00,1.00,0.60,1.80,4.70,5.00,8.80,14.0,17.3,17.6,17.9,19.0,17.6,20.4,19.9,19.8,17.3,15.1,11.7,10.3,10.1,9.30,7.40,1.00,11.0,94.0,30.0,69.0,100.0,100.0,94.0,61.0,38.0,35.0,55.0,57.0,91.0,65.0,73.0,94.0,100.0,100.0,100.0,100.0,100.0,100.0,100.0,0.00,0.00,0.00,0.00,0.00,0.00,0.00,0.01,0.17,0.71,1.47,2.08,2.43,2.50,1.47,1.85,1.36,0.81,0.20,0.02,0.00,0.00,0.00,0.00
2026-03-21,6,1,3,春,2320.00,0.01,432.00,11,25.6,20.5,22.2,1.5,9.01,83.4,10.2,15.6,5.1,0.26,11,0,2,低辐射,雨天,0.00,0.00,0.00,0.00,0.00,0.00,0.00,80.0,255.9,178.4,238.8,206.9,320.0,432.0,288.0,160.0,80.0,80.0,0.00,0.00,0.00,0.00,0.00,0.00,21.6,21.3,21.2,21.1,20.9,20.5,20.5,20.5,21.3,22.3,23.1,23.7,24.6,25.6,24.7,24.5,24.5,23.9,22.8,21.7,21.0,20.8,20.8,20.6,0.10,0.00,0.00,0.00,0.10,0.10,0.00,0.00,0.00,0.00,0.00,0.10,0.10,0.00,0.20,0.00,0.00,0.00,0.00,0.00,0.00,0.80,0.00,0.00,7.10,4.90,6.40,6.50,6.80,6.50,7.70,8.20,10.7,11.4,13.2,13.6,13.6,13.5,15.6,14.0,14.0,14.0,12.5,9.50,9.00,9.50,9.30,7.10,100.0,100.0,80.0,100.0,55.0,100.0,100.0,100.0,89.0,100.0,100.0,78.0,79.0,100.0,100.0,92.0,73.0,100.0,79.0,23.0,63.0,100.0,55.0,36.0,0.00,0.00,0.00,0.00,0.00,0.00,0.00,0.01,0.24,0.55,0.70,1.01,1.29,1.30,1.07,0.77,0.88,0.76,0.38,0.05,0.00,0.00,0.00,0.00
2026-03-22,0,1,3,春,9840.00,0.05,1920.00,11,27.5,19.8,22.9,0.0,14.60,50.8,10.3,15.6,7.7,0.42,11,0,0,中等辐射,阴天,0.00,0.00,0.00,0.00,0.00,0.00,0.00,80.0,213.3,506.7,1040.0,960.0,960.0,1200.0,1920.0,1680.0,960.0,320.0,0.00,0.00,0.00,0.00,0.00,0.00,20.4,20.4,20.5,20.6,20.4,20.1,19.8,19.9,21.5,23.1,24.4,25.9,27.0,27.5,26.8,27.2,27.0,25.9,23.8,22.1,21.9,21.4,20.9,20.6,0.00,0.00,0.00,0.00,0.00,0.00,0.00,0.00,0.00,0.00,0.00,0.00,0.00,0.00,0.00,0.00,0.00,0.00,0.00,0.00,0.00,0.00,0.00,0.00,7.20,7.50,6.80,9.10,9.80,10.3,10.6,11.4,13.8,15.6,15.0,13.1,12.4,10.2,9.40,8.70,9.70,11.7,13.4,11.1,8.60,8.60,7.90,6.30,100.0,100.0,100.0,100.0,50.0,44.0,29.0,52.0,23.0,34.0,41.0,45.0,40.0,100.0,100.0,100.0,75.0,46.0,5.00,13.0,17.0,2.00,1.00,2.00,0.00,0.00,0.00,0.00,0.00,0.00,0.00,0.03,0.29,0.96,1.49,2.06,2.38,2.07,1.65,1.25,1.19,0.83,0.34,0.05,0.00,0.00,0.00,0.00
2026-03-23,1,0,3,春,15200.00,0.08,2397.20,12,29.5,19.0,23.5,0.0,17.35,29.4,7.6,13.6,10.5,0.50,11,0,0,高辐射,多云,0.00,0.00,0.00,0.00,0.00,0.00,80.0,320.0,960.0,1200.0,1390.3,1785.9,2397.2,2106.6,2080.0,1520.0,1200.0,160.0,0.00,0.00,0.00,0.00,0.00,0.00,20.3,19.9,19.7,19.8,19.4,19.1,19.0,19.2,21.1,23.8,26.5,28.7,29.5,28.9,28.3,28.8,28.7,27.4,25.4,23.2,22.9,22.3,21.5,21.1,0.00,0.00,0.00,0.00,0.00,0.00,0.00,0.00,0.00,0.00,0.00,0.00,0.00,0.00,0.00,0.00,0.00,0.00,0.00,0.00,0.00,0.00,0.00,0.00,3.80,3.50,4.60,4.60,1.90,2.50,3.60,5.10,2.40,4.30,6.70,7.40,9.70,12.0,13.6,12.9,12.8,12.6,12.1,11.9,8.30,8.80,8.20,8.00,12.0,1.00,0.00,1.00,6.00,100.0,100.0,100.0,8.00,14.0,54.0,61.0,82.0,100.0,36.0,16.0,13.0,1.00,0.00,0.00,0.00,0.00,0.00,0.00,0.00,0.00,0.00,0.00,0.00,0.00,0.00,0.03,0.40,1.15,1.89,2.28,2.56,1.83,1.78,1.93,1.76,1.15,0.54,0.06,0.00,0.00,0.00,0.00
2026-03-24,2,0,3,春,13040.00,0.07,2320.00,12,29.9,19.5,24.0,0.2,16.36,44.4,7.3,13.1,10.4,0.47,11,0,0,高辐射,多云,0.00,0.00,0.00,0.00,0.00,0.00,80.0,160.0,639.9,1104.1,1936.0,1440.0,1600.0,1360.0,2320.0,1520.0,720.0,160.0,0.00,0.00,0.00,0.00,0.00,0.00,20.8,20.5,20.0,20.0,19.9,19.8,19.5,20.0,22.1,24.5,26.2,28.0,29.1,29.9,28.7,29.5,29.2,27.8,25.9,24.4,23.3,23.0,22.5,22.1,0.00,0.00,0.00,0.00,0.00,0.00,0.00,0.00,0.10,0.00,0.10,0.00,0.00,0.00,0.00,0.00,0.00,0.00,0.00,0.00,0.00,0.00,0.00,0.00,7.30,6.20,5.40,7.60,7.20,6.30,3.50,3.60,1.70,6.90,8.80,8.50,8.20,7.70,6.40,7.50,10.0,13.1,11.7,10.2,6.50,7.30,7.60,5.40,0.00,1.00,0.00,0.00,0.00,10.0,100.0,100.0,23.0,54.0,52.0,63.0,98.0,100.0,98.0,98.0,97.0,91.0,10.0,6.00,26.0,9.00,15.0,15.0,0.00,0.00,0.00,0.00,0.00,0.00,0.00,0.03,0.29,1.08,1.62,2.32,2.47,2.42,1.88,1.68,1.43,0.82,0.28,0.05,0.00,0.00,0.00,0.00
2026-03-25,3,0,3,春,13520.00,0.07,2028.20,12,31.5,20.5,25.1,0.0,19.53,36.6,5.7,13.2,11.0,0.56,11,5,0,高辐射,多云,0.00,0.00,0.00,0.00,0.00,0.00,80.0,320.0,880.0,1520.0,2028.2,1811.8,1368.3,1342.8,1248.9,1480.0,1040.0,400.0,0.00,0.00,0.00,0.00,0.00,0.00,21.7,21.1,20.8,20.8,20.8,20.7,20.5,20.5,21.4,24.1,26.8,28.5,30.6,31.0,30.5,31.5,31.4,29.3,27.7,25.8,24.9,24.2,23.7,23.0,0.00,0.00,0.00,0.00,0.00,0.00,0.00,0.00,0.00,0.00,0.00,0.00,0.00,0.00,0.00,0.00,0.00,0.00,0.00,0.00,0.00,0.00,0.00,0.00,4.00,2.40,3.10,3.80,3.50,3.10,2.20,0.90,0.90,0.90,2.40,3.30,4.20,7.80,7.20,7.50,10.6,13.2,11.6,9.70,8.00,7.90,8.70,8.80,2.00,1.00,13.0,98.0,100.0,100.0,100.0,100.0,99.0,8.00,2.00,0.00,63.0,52.0,38.0,34.0,34.0,2.00,5.00,5.00,20.0,1.00,1.00,0.00,0.00,0.00,0.00,0.00,0.00,0.00,0.00,0.03,0.34,1.04,1.97,2.59,3.02,2.48,2.27,2.25,1.77,1.20,0.52,0.06,0.00,0.00,0.00,0.00
2026-03-26,4,0,3,春,10960.00,0.06,2000.00,11,30.7,22.2,25.3,0.1,16.75,53.8,10.4,14.4,8.5,0.48,11,2,0,高辐射,阴天,0.00,0.00,0.00,0.00,0.00,0.00,0.00,240.0,640.0,880.0,2000.0,1200.0,880.0,1440.0,1760.0,880.0,640.0,400.0,0.00,0.00,0.00,0.00,0.00,0.00,22.6,22.2,22.2,22.5,22.8,22.6,22.5,22.7,23.9,25.5,27.1,28.6,30.2,30.7,29.4,30.0,29.5,28.6,27.0,25.0,23.7,23.3,22.9,22.5,0.00,0.00,0.00,0.00,0.00,0.00,0.00,0.00,0.00,0.10,0.00,0.00,0.00,0.00,0.00,0.00,0.00,0.00,0.00,0.00,0.00,0.00,0.00,0.00,8.00,7.30,8.50,8.10,8.00,8.50,7.20,8.30,9.10,10.1,12.4,13.4,12.3,14.1,14.4,14.4,14.4,13.0,11.8,11.2,11.2,8.60,7.50,7.40,0.00,0.00,72.0,100.0,99.0,100.0,100.0,100.0,79.0,76.0,46.0,52.0,64.0,97.0,55.0,46.0,38.0,38.0,51.0,7.00,10.0,21.0,22.0,17.0,0.00,0.00,0.00,0.00,0.00,0.00,0.00,0.03,0.38,0.90,1.50,1.93,2.27,2.26,2.23,2.00,1.58,1.09,0.53,0.06,0.00,0.00,0.00,0.00
2026-03-27,5,0,3,春,7360.00,0.04,1330.20,13,29.6,22.1,25.1,0.4,13.79,70.1,7.9,12.4,7.5,0.39,11,0,1,中等辐射,阴天,0.00,0.00,0.00,0.00,0.00,0.00,80.0,320.0,887.6,632.4,1279.8,1120.2,1330.2,375.8,54.0,240.0,720.0,240.0,80.0,0.00,0.00,0.00,0.00,0.00,22.3,22.1,22.3,22.5,22.5,22.5,22.7,22.9,23.4,25.5,27.2,28.7,29.0,29.2,29.3,29.6,29.0,27.9,25.8,24.7,23.6,23.4,23.1,23.0,0.00,0.00,0.00,0.00,0.00,0.00,0.00,0.00,0.10,0.10,0.10,0.00,0.00,0.00,0.00,0.00,0.00,0.00,0.00,0.00,0.00,0.00,0.00,0.10,8.50,5.10,6.10,6.30,6.80,3.70,4.60,6.30,3.30,9.50,9.30,9.00,9.50,11.4,9.70,8.50,7.50,11.0,12.4,10.1,8.60,7.70,7.30,6.40,27.0,16.0,49.0,78.0,100.0,100.0,100.0,98.0,16.0,59.0,95.0,100.0,97.0,95.0,100.0,100.0,97.0,99.0,48.0,5.00,51.0,32.0,48.0,73.0,0.00,0.00,0.00,0.00,0.00,0.00,0.00,0.03,0.35,1.16,1.67,2.13,1.76,1.61,1.57,1.46,0.89,0.79,0.34,0.04,0.00,0.00,0.00,0.00
2026-03-28,6,1,3,春,5760.00,0.03,1200.00,10,28.8,21.9,24.4,3.2,11.61,59.5,8.6,12.6,6.9,0.33,11,0,2,中等辐射,阴天,0.00,0.00,0.00,0.00,0.00,0.00,0.00,200.0,680.0,1200.0,480.0,533.3,506.7,720.0,480.0,560.0,400.0,0.00,0.00,0.00,0.00,0.00,0.00,0.00,22.8,22.6,22.4,22.2,22.3,22.3,21.9,22.3,23.2,25.6,26.3,27.3,28.8,26.8,27.1,26.5,26.6,25.9,24.9,24.1,23.8,23.4,23.0,22.7,0.10,0.00,0.00,0.00,0.00,0.00,0.30,0.00,0.00,0.10,0.50,0.20,0.10,0.20,0.30,0.50,0.60,0.30,0.00,0.00,0.00,0.00,0.00,0.00,9.30,7.90,6.70,3.70,4.60,6.50,4.40,6.70,3.70,11.8,12.4,11.3,9.40,9.70,12.6,11.5,9.20,9.30,11.2,9.70,9.20,9.90,7.80,8.50,22.0,74.0,8.00,30.0,80.0,20.0,100.0,62.0,13.0,98.0,98.0,58.0,100.0,100.0,100.0,86.0,98.0,59.0,66.0,100.0,18.0,2.00,17.0,18.0,0.00,0.00,0.00,0.00,0.00,0.00,0.00,0.04,0.34,1.19,1.28,1.80,2.21,0.85,0.75,1.17,0.92,0.64,0.37,0.04,0.00,0.00,0.00,0.00
2026-03-29,0,1,3,春,9840.00,0.05,1440.00,11,28.8,22.1,24.7,0.8,14.29,52.1,10.8,16.6,6.7,0.40,11,0,0,中等辐射,阴天,0.00,0.00,0.00,0.00,0.00,0.00,0.00,346.7,773.3,1280.0,1199.8,960.2,1440.0,880.0,960.0,887.3,792.7,320.0,0.00,0.00,0.00,0.00,0.00,0.00,22.5,22.3,22.5,22.3,22.2,22.1,22.1,22.2,23.3,25.4,27.1,28.1,28.8,28.4,27.4,28.1,28.3,27.2,26.2,25.0,24.0,22.9,22.8,22.6,0.00,0.00,0.00,0.00,0.10,0.00,0.00,0.00,0.00,0.10,0.20,0.10,0.10,0.10,0.00,0.10,0.00,0.00,0.00,0.00,0.00,0.00,0.00,0.00,8.20,6.90,8.00,8.00,7.60,8.00,9.80,10.2,11.8,11.7,11.4,11.8,11.6,14.1,13.9,13.2,16.1,16.6,13.5,10.8,4.30,7.40,11.5,13.0,20.0,27.0,16.0,65.0,50.0,78.0,63.0,50.0,39.0,63.0,93.0,100.0,100.0,100.0,100.0,87.0,42.0,63.0,68.0,13.0,13.0,1.00,0.00,0.00,0.00,0.00,0.00,0.00,0.00,0.00,0.00,0.05,0.46,1.12,1.74,1.99,1.93,1.60,1.37,0.98,1.53,1.00,0.47,0.05,0.00,0.00,0.00,0.00
2026-03-30,1,0,3,春,9440.00,0.05,1972.00,12,30.5,22.2,25.2,0.8,16.39,47.1,12.0,19.3,8.3,0.46,11,1,0,高辐射,多云,0.00,0.00,0.00,0.00,0.00,0.00,80.0,240.0,400.0,140.0,1972.0,1808.0,160.0,960.0,1955.6,684.4,720.0,320.0,0.00,0.00,0.00,0.00,0.00,0.00,22.6,22.5,22.2,22.4,22.5,22.6,22.6,23.0,24.2,25.4,24.4,26.7,29.6,30.5,26.7,30.0,29.2,28.1,26.6,25.1,24.8,24.4,23.8,23.7,0.00,0.00,0.00,0.00,0.00,0.00,0.00,0.00,0.00,0.10,0.30,0.00,0.00,0.00,0.00,0.00,0.40,0.00,0.00,0.00,0.00,0.00,0.00,0.00,12.5,11.7,8.40,11.1,11.9,12.6,12.3,13.3,10.9,17.6,9.40,13.4,16.0,19.3,9.10,13.2,16.9,16.3,13.9,12.6,8.30,7.10,6.60,3.90,0.00,1.00,2.00,2.00,14.0,76.0,28.0,48.0,99.0,100.0,78.0,62.0,9.00,26.0,100.0,45.0,43.0,26.0,24.0,39.0,100.0,98.0,56.0,55.0,0.00,0.00,0.00,0.00,0.00,0.00,0.00,0.05,0.46,0.69,0.22,1.57,2.07,3.03,2.89,2.10,1.67,1.08,0.49,0.07,0.00,0.00,0.00,0.00
2026-03-31,2,0,3,春,7280.00,0.04,1679.90,11,29.7,22.1,25.4,17.3,16.63,73.7,12.6,22.3,7.6,0.46,11,0,1,高辐射,雨天,0.00,0.00,0.00,0.00,0.00,0.00,0.00,240.0,480.0,654.3,305.7,256.0,464.0,1520.0,1679.9,865.6,574.5,240.0,0.00,0.00,0.00,0.00,0.00,0.00,23.3,23.0,22.8,22.7,22.6,22.5,22.5,22.9,24.4,26.3,27.9,29.4,29.2,29.5,29.2,29.7,29.0,28.5,27.3,25.6,23.5,22.5,22.1,22.1,0.00,0.00,0.00,0.00,0.00,0.00,0.00,0.00,0.10,0.00,0.10,0.00,0.00,0.00,0.00,0.00,0.00,0.00,0.00,0.10,11.4,5.40,0.10,0.10,4.90,7.10,3.20,6.00,7.20,7.80,9.10,9.60,12.9,17.0,19.4,20.4,19.4,21.1,19.0,22.3,18.8,19.3,14.5,7.50,7.80,6.20,11.2,11.9,20.0,9.00,95.0,100.0,99.0,32.0,63.0,92.0,97.0,91.0,66.0,95.0,64.0,37.0,41.0,78.0,45.0,88.0,100.0,73.0,91.0,100.0,93.0,100.0,0.00,0.00,0.00,0.00,0.00,0.00,0.00,0.05,0.41,0.96,1.52,2.01,1.70,2.41,2.63,2.28,1.23,1.10,0.29,0.02,0.00,0.00,0.00,0.00
2026-04-01,3,0,4,春,12960.00,0.07,2208.00,11,30.4,18.1,23.5,0.1,19.75,55.3,7.8,13.3,12.3,0.55,11,2,0,高辐射,阴天,0.00,0.00,0.00,0.00,0.00,0.00,0.00,80.0,400.0,1120.0,2032.0,2208.0,1920.0,2174.5,1745.4,800.1,320.0,160.0,0.00,0.00,0.00,0.00,0.00,0.00,21.8,20.1,19.6,19.2,18.9,18.3,18.1,18.2,20.1,22.0,23.8,25.3,26.4,27.5,29.6,30.4,30.2,28.1,26.5,25.3,24.5,23.9,23.1,23.1,0.10,0.00,0.00,0.00,0.00,0.00,0.00,0.00,0.00,0.00,0.00,0.00,0.00,0.00,0.00,0.00,0.00,0.00,0.00,0.00,0.00,0.00,0.00,0.00,10.4,13.3,10.1,9.40,10.4,11.8,13.1,10.4,10.5,12.2,10.0,7.60,7.90,6.30,5.00,2.90,3.10,4.10,7.40,1.80,4.10,5.20,5.10,5.70,40.0,36.0,23.0,85.0,38.0,41.0,99.0,88.0,23.0,38.0,41.0,19.0,7.00,9.00,99.0,47.0,98.0,100.0,57.0,89.0,97.0,24.0,98.0,31.0,0.00,0.00,0.00,0.00,0.00,0.00,0.00,0.05,0.50,1.25,1.86,2.42,2.94,3.14,2.99,2.01,1.48,0.78,0.28,0.05,0.00,0.00,0.00,0.00
2026-04-02,4,0,4,春,10000.00,0.05,1760.00,11,27.0,21.8,24.0,1.4,16.23,70.4,14.0,23.6,5.2,0.45,11,0,1,高辐射,阴天,0.00,0.00,0.00,0.00,0.00,0.00,0.00,160.0,640.0,539.4,740.6,1760.0,1200.0,1590.2,1449.8,1200.0,520.0,200.0,0.00,0.00,0.00,0.00,0.00,0.00,22.2,22.1,22.2,22.2,21.9,21.8,22.4,22.7,23.1,24.2,24.3,25.9,26.6,27.0,26.6,26.8,26.0,25.1,24.3,23.9,23.5,23.4,23.4,23.4,0.00,0.00,0.00,0.00,0.00,0.00,0.00,0.00,0.00,0.10,0.20,0.20,0.20,0.20,0.10,0.10,0.10,0.10,0.00,0.00,0.00,0.10,0.00,0.00,4.70,6.40,5.10,4.90,4.60,4.80,6.90,8.50,10.7,17.2,17.5,21.1,21.3,22.3,23.6,23.0,22.3,20.8,19.3,14.1,13.8,14.3,14.0,15.5,100.0,28.0,100.0,23.0,14.0,100.0,100.0,9.00,100.0,100.0,84.0,53.0,46.0,57.0,57.0,95.0,94.0,88.0,98.0,81.0,67.0,93.0,61.0,42.0,0.00,0.00,0.00,0.00,0.00,0.00,0.00,0.03,0.41,0.56,0.89,1.84,2.52,2.69,2.74,2.27,1.26,0.72,0.26,0.04,0.00,0.00,0.00,0.00
2026-04-03,5,0,4,春,8960.00,0.05,1527.20,13,30.3,23.1,26.0,1.0,16.93,60.1,17.6,32.0,7.2,0.47,11,1,2,高辐射,阴天,0.00,0.00,0.00,0.00,0.00,0.00,80.0,160.0,440.0,680.0,1527.2,1272.8,1120.0,1216.5,921.1,742.4,520.0,200.0,80.0,0.00,0.00,0.00,0.00,0.00,23.1,23.2,23.2,23.3,23.5,23.5,23.4,23.7,25.3,26.4,28.0,29.3,30.0,30.3,28.6,28.6,28.2,27.9,26.9,25.7,25.3,25.4,25.2,24.9,0.00,0.00,0.00,0.00,0.00,0.00,0.00,0.00,0.00,0.10,0.10,0.20,0.00,0.00,0.00,0.00,0.10,0.00,0.00,0.00,0.50,0.00,0.00,0.00,16.6,14.7,12.3,11.2,16.7,17.2,15.0,13.7,13.3,21.5,22.6,26.3,29.2,32.0,24.2,21.4,18.0,21.2,15.0,14.8,14.1,14.0,7.40,9.80,44.0,13.0,100.0,100.0,100.0,31.0,51.0,38.0,61.0,65.0,36.0,61.0,23.0,31.0,92.0,81.0,57.0,52.0,67.0,96.0,95.0,42.0,58.0,48.0,0.00,0.00,0.00,0.00,0.00,0.00,0.00,0.07,0.52,0.98,1.63,2.03,2.27,2.77,2.60,1.30,1.20,1.11,0.41,0.06,0.00,0.00,0.00,0.00
2026-04-04,6,1,4,春,4000.00,0.02,820.00,11,25.6,21.4,23.2,19.8,10.39,63.6,6.8,13.0,4.2,0.29,11,0,3,中等辐射,雨天,0.00,0.00,0.00,0.00,0.00,0.00,0.00,80.0,320.0,539.4,200.6,820.0,360.0,480.0,400.0,560.0,200.0,40.0,0.00,0.00,0.00,0.00,0.00,0.00,24.6,23.9,22.4,22.7,22.1,21.5,21.4,21.5,24.3,25.6,24.3,24.5,24.5,23.0,23.0,23.5,24.4,24.3,23.8,22.7,22.8,22.4,22.2,21.9,0.00,0.50,0.90,0.00,0.00,0.80,0.20,0.60,1.60,0.60,6.00,1.60,1.10,2.50,3.10,0.30,0.00,0.00,0.00,0.00,0.00,0.00,0.00,0.00,9.40,4.30,4.60,3.90,6.40,7.40,10.7,7.10,5.80,5.20,7.50,6.60,4.70,10.5,13.0,7.60,10.6,7.80,5.00,5.40,5.40,5.40,5.50,4.50,34.0,73.0,70.0,80.0,88.0,100.0,83.0,100.0,42.0,82.0,100.0,100.0,100.0,100.0,100.0,46.0,52.0,93.0,5.00,9.00,30.0,19.0,8.00,13.0,0.00,0.00,0.00,0.00,0.00,0.00,0.00,0.05,0.19,1.11,1.18,0.96,1.47,0.58,0.99,0.68,1.58,1.07,0.46,0.07,0.00,0.00,0.00,0.00
2026-04-05,0,1,4,春,2560.00,0.01,420.00,11,27.2,21.3,23.9,5.3,14.28,74.8,11.0,18.9,5.9,0.39,11,0,4,中等辐射,雨天,0.00,0.00,0.00,0.00,0.00,0.00,0.00,160.0,300.0,420.0,320.0,320.0,160.0,400.0,320.0,54.2,25.8,80.0,0.00,0.00,0.00,0.00,0.00,0.00,21.7,21.3,21.4,21.7,21.9,22.5,22.4,22.1,23.3,24.4,25.4,25.6,27.2,26.2,27.2,25.8,25.9,25.2,23.9,23.0,24.1,23.8,23.8,24.0,0.00,0.00,0.00,0.00,0.00,0.00,0.10,0.00,0.10,0.10,0.20,0.10,0.20,1.20,1.10,1.50,0.20,0.00,0.10,0.30,0.10,0.00,0.00,0.00,3.90,2.90,2.10,3.90,4.90,5.40,7.50,5.80,10.8,6.30,18.9,16.1,17.5,18.0,16.9,18.4,17.8,15.9,13.6,13.3,9.80,10.0,9.40,14.3,0.00,13.0,24.0,39.0,100.0,98.0,33.0,49.0,78.0,95.0,100.0,59.0,84.0,93.0,99.0,99.0,100.0,100.0,99.0,100.0,83.0,59.0,92.0,100.0,0.00,0.00,0.00,0.00,0.00,0.00,0.00,0.06,0.49,0.93,1.40,1.25,2.45,1.89,1.52,1.76,1.45,0.72,0.32,0.05,0.00,0.00,0.00,0.00
2026-04-06,1,0,4,春,10080.00,0.05,1715.70,11,30.4,23.5,26.3,3.9,17.06,72.2,13.2,24.0,6.9,0.46,11,2,5,高辐射,阴天,0.00,0.00,0.00,0.00,0.00,0.00,0.00,80.0,320.0,640.0,940.0,1260.0,1240.0,1715.7,1484.3,1600.0,640.0,160.0,0.00,0.00,0.00,0.00,0.00,0.00,24.4,24.5,24.5,24.6,24.0,23.5,23.6,24.1,25.0,26.7,27.8,29.3,30.3,30.4,28.9,27.9,28.2,27.7,27.0,25.8,25.7,25.6,25.4,25.1,0.00,0.00,2.50,0.30,0.10,0.00,0.00,0.00,0.00,0.10,0.00,0.00,0.00,0.00,0.00,0.20,0.60,0.10,0.00,0.00,0.00,0.00,0.00,0.00,14.9,8.40,0.70,8.10,9.30,10.1,7.40,9.60,10.2,15.5,19.5,19.6,24.0,23.8,19.2,17.5,20.1,17.7,14.6,13.3,8.80,8.50,7.70,7.40,100.0,100.0,100.0,91.0,82.0,100.0,100.0,100.0,51.0,62.0,88.0,62.0,81.0,71.0,69.0,84.0,57.0,100.0,23.0,6.00,1.00,100.0,95.0,9.00,0.00,0.00,0.00,0.00,0.00,0.00,0.00,0.04,0.34,1.12,1.29,1.89,2.73,2.57,2.72,1.12,1.54,1.16,0.45,0.07,0.00,0.00,0.00,0.00
2026-04-07,2,0,4,春,9840.00,0.05,1600.00,12,32.2,24.2,27.3,1.3,17.29,45.8,8.2,11.5,8.0,0.47,11,6,6,高辐射,阴天,0.00,0.00,0.00,0.00,0.00,0.00,80.0,240.0,880.0,800.0,720.0,1520.0,1280.0,1120.0,1600.0,720.0,640.0,240.0,0.00,0.00,0.00,0.00,0.00,0.00,24.8,24.6,24.8,24.7,24.5,24.3,24.2,24.7,26.7,27.8,29.3,30.3,30.9,32.2,31.4,31.1,30.7,29.6,28.1,26.6,26.3,26.0,25.7,25.7,0.00,0.00,0.00,0.00,0.00,0.00,0.00,0.00,0.00,0.20,0.10,0.10,0.30,0.00,0.40,0.20,0.00,0.00,0.00,0.00,0.00,0.00,0.00,0.00,7.60,6.10,5.10,6.70,5.50,5.60,6.10,6.60,6.20,9.20,7.60,9.30,7.80,6.50,10.3,11.2,10.1,10.3,11.1,11.4,9.60,6.70,9.30,11.5,16.0,16.0,1.00,0.00,0.00,3.00,42.0,100.0,85.0,51.0,56.0,73.0,27.0,70.0,52.0,30.0,68.0,38.0,38.0,17.0,42.0,75.0,100.0,100.0,0.00,0.00,0.00,0.00,0.00,0.00,0.00,0.08,0.44,0.80,1.66,2.06,2.35,2.83,2.17,1.79,1.57,0.94,0.53,0.07,0.00,0.00,0.00,0.00
2026-04-08,3,0,4,春,3760.00,0.02,668.90,11,26.3,23.2,24.5,3.0,10.36,96.7,17.0,25.0,3.1,0.28,11,0,7,中等辐射,雨天,0.00,0.00,0.00,0.00,0.00,0.00,0.00,160.0,240.0,452.8,267.2,320.0,560.0,668.9,371.1,160.0,240.0,320.0,0.00,0.00,0.00,0.00,0.00,0.00,25.5,25.2,25.5,25.2,25.0,24.1,23.3,23.2,23.2,23.7,24.1,25.0,25.5,26.3,25.1,25.1,25.3,25.1,24.4,24.0,23.4,23.4,23.6,23.7,0.00,0.00,0.00,0.20,0.20,0.30,0.80,0.50,0.10,0.20,0.20,0.00,0.00,0.10,0.10,0.20,0.10,0.00,0.00,0.00,0.00,0.00,0.00,0.00,11.3,11.2,12.1,14.3,16.7,16.6,15.9,18.6,16.1,15.7,17.9,22.5,21.9,25.0,24.4,24.7,21.5,19.7,17.0,13.5,13.9,12.2,11.7,12.6,100.0,100.0,100.0,100.0,100.0,100.0,100.0,100.0,100.0,100.0,100.0,100.0,100.0,100.0,100.0,100.0,98.0,100.0,100.0,77.0,47.0,98.0,100.0,100.0,0.00,0.00,0.00,0.00,0.00,0.00,0.00,0.03,0.25,0.62,0.90,1.22,1.38,1.90,1.54,0.99,0.69,0.51,0.29,0.05,0.00,0.00,0.00,0.00
2026-04-09,4,0,4,春,11040.00,0.06,1840.00,12,29.9,23.1,25.6,0.2,16.98,52.3,14.7,21.4,6.8,0.46,11,0,0,高辐射,阴天,0.00,0.00,0.00,0.00,0.00,0.00,80.0,400.0,766.3,593.7,1120.0,960.0,1760.0,1840.0,1659.2,760.8,780.0,320.0,0.00,0.00,0.00,0.00,0.00,0.00,23.5,23.3,23.2,23.1,23.1,23.4,23.7,23.8,24.4,24.9,26.7,28.2,29.0,29.5,29.9,29.3,28.3,27.7,26.5,25.2,24.9,24.6,24.3,24.2,0.00,0.00,0.00,0.00,0.00,0.00,0.00,0.00,0.00,0.00,0.00,0.10,0.10,0.00,0.00,0.00,0.00,0.00,0.00,0.00,0.00,0.00,0.00,0.00,13.3,11.9,8.90,9.80,9.60,11.1,13.1,13.9,13.1,15.7,17.9,20.1,20.5,21.4,20.5,19.6,19.6,19.0,16.4,13.2,9.60,10.8,11.2,11.6,33.0,46.0,28.0,15.0,37.0,66.0,29.0,14.0,100.0,100.0,80.0,88.0,58.0,40.0,66.0,100.0,64.0,73.0,41.0,26.0,67.0,69.0,5.00,9.00,0.00,0.00,0.00,0.00,0.00,0.00,0.00,0.07,0.58,0.42,1.12,2.10,2.41,2.46,2.69,2.06,1.32,1.13,0.54,0.08,0.00,0.00,0.00,0.00
2026-04-10,5,0,4,春,13600.00,0.07,1979.50,12,31.1,23.2,26.4,0.0,20.95,15.2,13.2,18.5,7.9,0.56,12,4,0,极高辐射,晴天,0.00,0.00,0.00,0.00,0.00,0.00,80.0,160.0,400.0,1157.6,1562.4,1920.0,1977.1,1979.5,1563.4,1680.0,880.0,240.0,0.00,0.00,0.00,0.00,0.00,0.00,24.1,23.9,23.9,23.9,23.6,23.4,23.2,23.7,25.4,26.9,28.5,30.0,31.1,31.1,30.8,30.2,29.7,28.4,26.9,25.6,25.3,24.9,24.6,24.4,0.00,0.00,0.00,0.00,0.00,0.00,0.00,0.00,0.00,0.00,0.00,0.00,0.00,0.00,0.00,0.00,0.00,0.00,0.00,0.00,0.00,0.00,0.00,0.00,12.5,13.5,11.7,11.2,9.00,8.30,9.20,9.00,9.90,13.1,15.9,17.2,17.1,17.0,17.4,16.2,17.4,18.5,15.9,14.2,10.0,10.7,10.5,11.2,7.00,9.00,2.00,1.00,2.00,7.00,8.00,11.0,31.0,26.0,32.0,61.0,11.0,11.0,13.0,15.0,27.0,45.0,26.0,13.0,3.00,2.00,1.00,1.00,0.00,0.00,0.00,0.00,0.00,0.00,0.00,0.10,0.66,1.24,1.81,2.21,2.83,3.00,2.85,2.54,1.95,1.13,0.55,0.08,0.00,0.00,0.00,0.00
2026-04-11,6,1,4,春,8160.00,0.04,1360.00,11,30.4,23.7,26.5,0.1,17.45,54.8,14.0,22.3,6.7,0.47,11,3,0,高辐射,阴天,0.00,0.00,0.00,0.00,0.00,0.00,0.00,80.0,240.0,480.0,880.0,1040.0,1200.0,1360.0,1200.0,880.0,560.0,240.0,0.00,0.00,0.00,0.00,0.00,0.00,24.1,23.9,23.8,23.8,23.7,23.7,23.7,24.3,25.5,27.4,29.0,29.8,30.1,30.4,29.4,30.1,29.2,28.7,27.5,26.1,25.7,25.3,25.4,25.4,0.00,0.00,0.00,0.00,0.00,0.00,0.00,0.00,0.00,0.10,0.00,0.00,0.00,0.00,0.00,0.00,0.00,0.00,0.00,0.00,0.00,0.00,0.00,0.00,10.5,10.7,8.10,9.00,9.50,9.80,9.50,9.10,11.7,15.4,18.8,20.4,21.9,22.3,19.8,20.0,19.8,17.7,14.9,12.8,9.50,11.0,11.6,11.0,2.00,9.00,9.00,5.00,14.0,41.0,100.0,63.0,73.0,41.0,68.0,97.0,94.0,100.0,20.0,88.0,59.0,52.0,40.0,26.0,24.0,100.0,89.0,100.0,0.00,0.00,0.00,0.00,0.00,0.00,0.00,0.09,0.50,1.09,1.72,1.88,2.16,2.25,2.56,2.36,1.32,0.98,0.44,0.08,0.00,0.00,0.00,0.00
2026-04-12,0,1,4,春,6480.00,0.03,1120.00,11,30.2,24.1,26.6,0.4,17.91,62.4,13.2,19.2,6.1,0.48,12,2,0,高辐射,阴天,0.00,0.00,0.00,0.00,0.00,0.00,0.00,160.0,160.0,240.0,400.0,720.0,821.7,938.3,880.0,1120.0,800.0,240.0,0.00,0.00,0.00,0.00,0.00,0.00,25.1,24.8,25.1,24.8,24.5,24.2,24.1,24.6,26.2,27.6,28.9,29.4,30.2,30.1,29.4,29.5,28.7,28.3,27.0,25.7,25.6,25.3,25.1,24.8,0.00,0.00,0.00,0.00,0.00,0.00,0.00,0.00,0.00,0.00,0.00,0.00,0.00,0.00,0.00,0.40,0.00,0.00,0.00,0.00,0.00,0.00,0.00,0.00,11.3,12.1,9.70,9.30,8.80,9.70,10.5,12.2,13.6,14.8,16.6,18.0,18.4,19.2,15.3,16.8,17.5,17.5,14.8,12.2,10.0,9.40,9.90,9.80,100.0,100.0,95.0,75.0,59.0,61.0,21.0,16.0,37.0,35.0,100.0,100.0,85.0,95.0,77.0,100.0,36.0,48.0,46.0,23.0,59.0,24.0,22.0,84.0,0.00,0.00,0.00,0.00,0.00,0.00,0.00,0.11,0.63,1.28,1.92,1.89,2.37,2.31,2.40,2.03,1.29,1.13,0.48,0.08,0.00,0.00,0.00,0.00
2026-04-13,1,0,4,春,8640.00,0.04,1520.00,13,30.8,23.8,26.6,0.0,18.73,33.3,12.5,19.0,7.0,0.50,12,4,0,高辐射,多云,0.00,0.00,0.00,0.00,0.00,0.00,80.0,400.0,1085.6,1234.4,1520.0,1280.0,896.0,704.0,480.0,480.0,320.0,80.0,80.0,0.00,0.00,0.00,0.00,0.00,24.5,24.3,24.3,24.2,24.0,23.9,23.8,24.5,26.3,27.9,29.1,30.1,30.6,30.8,30.2,29.6,29.4,28.2,27.3,25.9,25.6,25.2,24.9,24.8,0.00,0.00,0.00,0.00,0.00,0.00,0.00,0.00,0.00,0.00,0.00,0.00,0.00,0.00,0.00,0.00,0.00,0.00,0.00,0.00,0.00,0.00,0.00,0.00,9.40,10.0,8.90,9.30,9.10,9.70,10.1,10.9,12.2,14.9,16.0,17.6,18.8,19.0,17.4,15.8,17.1,15.8,12.1,10.1,9.50,9.00,8.20,8.90,64.0,12.0,9.00,7.00,10.0,5.00,17.0,13.0,23.0,17.0,17.0,45.0,92.0,77.0,97.0,100.0,100.0,20.0,40.0,23.0,1.00,2.00,4.00,4.00,0.00,0.00,0.00,0.00,0.00,0.00,0.00,0.12,0.66,1.35,2.06,2.53,2.58,2.16,2.24,1.76,1.60,1.03,0.55,0.08,0.00,0.00,0.00,0.00
2026-04-14,2,0,4,春,7840.00,0.04,1280.00,11,31.8,24.1,27.0,0.0,20.15,30.3,10.5,16.5,7.7,0.53,12,5,0,极高辐射,多云,0.00,0.00,0.00,0.00,0.00,0.00,0.00,400.0,720.0,1280.0,1040.0,1040.0,1040.0,480.0,480.0,560.0,640.0,160.0,0.00,0.00,0.00,0.00,0.00,0.00,24.6,24.3,24.9,24.6,24.4,24.1,24.1,24.7,26.5,27.8,29.4,30.6,31.4,31.8,30.5,30.5,29.9,28.9,27.9,26.5,25.9,25.4,24.9,24.7,0.00,0.00,0.00,0.00,0.00,0.00,0.00,0.00,0.00,0.00,0.00,0.00,0.00,0.00,0.00,0.00,0.00,0.00,0.00,0.00,0.00,0.00,0.00,0.00,9.60,8.90,5.70,4.50,5.40,8.80,9.70,10.7,11.1,12.1,13.2,14.6,15.3,16.2,16.5,15.3,15.0,13.6,11.0,9.20,5.40,6.60,6.60,6.90,3.00,4.00,97.0,64.0,20.0,2.00,1.00,5.00,41.0,20.0,42.0,77.0,86.0,94.0,23.0,21.0,13.0,20.0,20.0,23.0,28.0,7.00,5.00,10.0,0.00,0.00,0.00,0.00,0.00,0.00,0.00,0.12,0.68,1.19,2.07,2.44,2.50,2.67,2.30,2.53,1.70,1.33,0.55,0.08,0.00,0.00,0.00,0.00
2026-04-15,3,0,4,春,9840.00,0.05,1440.00,12,30.7,23.8,26.6,0.0,17.94,40.8,10.3,18.3,6.9,0.47,12,3,0,高辐射,多云,0.00,0.00,0.00,0.00,0.00,0.00,80.0,400.0,640.0,1040.0,1234.3,922.2,1075.5,848.0,1440.0,1178.6,741.4,240.0,0.00,0.00,0.00,0.00,0.00,0.00,24.7,24.4,24.7,24.7,24.6,24.3,23.8,24.2,25.9,27.4,28.9,29.6,30.7,30.6,29.8,30.4,30.0,28.1,26.7,25.9,25.6,25.2,24.7,24.4,0.00,0.00,0.00,0.00,0.00,0.00,0.00,0.00,0.00,0.00,0.00,0.00,0.00,0.00,0.00,0.00,0.00,0.00,0.00,0.00,0.00,0.00,0.00,0.00,7.10,5.20,4.60,4.50,5.10,5.40,5.40,7.60,9.80,12.0,15.1,15.4,13.7,18.3,15.0,15.6,15.9,16.0,13.5,10.6,8.60,6.80,7.00,8.20,2.00,2.00,91.0,98.0,16.0,7.00,15.0,12.0,59.0,46.0,53.0,48.0,44.0,86.0,51.0,54.0,87.0,87.0,70.0,29.0,13.0,2.00,5.00,2.00,0.00,0.00,0.00,0.00,0.00,0.00,0.00,0.12,0.66,1.02,1.89,2.00,2.43,2.54,1.83,2.30,1.72,0.93,0.45,0.06,0.00,0.00,0.00,0.00
2026-04-16,4,0,4,春,10560.00,0.06,1840.00,12,29.9,23.3,26.1,1.9,17.55,30.8,10.1,17.4,6.6,0.46,12,0,1,高辐射,阴天,0.00,0.00,0.00,0.00,0.00,0.00,80.0,400.0,800.0,1120.0,1520.0,1840.0,1840.0,1025.0,1366.6,328.4,160.0,80.0,0.00,0.00,0.00,0.00,0.00,0.00,24.1,23.9,23.9,23.6,23.4,23.3,23.3,24.0,26.1,27.4,28.1,29.1,29.7,29.3,29.7,29.9,28.5,28.0,27.2,25.5,25.3,24.7,24.3,23.6,0.00,0.00,0.00,0.00,0.00,0.00,0.00,0.00,0.00,0.00,1.60,0.30,0.00,0.00,0.00,0.00,0.00,0.00,0.00,0.00,0.00,0.00,0.00,0.00,9.50,10.1,7.70,4.40,5.70,8.00,9.40,10.4,10.1,10.0,13.4,14.5,14.7,17.4,13.0,14.5,15.2,12.6,9.90,9.00,9.10,5.30,4.50,3.10,1.00,1.00,0.00,4.00,4.00,2.00,2.00,14.0,52.0,44.0,57.0,48.0,100.0,91.0,84.0,100.0,71.0,13.0,8.00,4.00,33.0,3.00,0.00,2.00,0.00,0.00,0.00,0.00,0.00,0.00,0.00,0.13,0.72,1.19,1.70,2.12,2.12,2.28,2.11,1.93,1.45,1.09,0.60,0.09,0.00,0.00,0.00,0.00
2026-04-17,5,0,4,春,4240.00,0.02,800.00,10,28.2,21.8,23.9,25.7,11.04,65.3,5.7,11.8,6.4,0.29,10,0,2,中等辐射,雨天,0.00,0.00,0.00,0.00,0.00,0.00,80.0,240.0,720.0,720.0,800.0,560.0,480.0,293.3,186.7,160.0,0.00,0.00,0.00,0.00,0.00,0.00,0.00,0.00,23.3,23.2,23.8,23.6,23.3,23.1,22.9,23.6,24.5,25.2,26.3,25.4,25.0,27.5,28.2,24.7,23.5,22.8,22.2,22.3,22.3,22.1,21.9,21.8,0.00,0.00,0.00,0.00,0.00,0.00,0.00,0.00,0.00,0.30,0.30,1.20,0.50,0.10,0.00,5.50,3.00,3.40,7.10,2.70,1.60,0.00,0.00,0.00,3.10,5.30,4.20,5.40,5.10,6.30,6.80,6.90,2.40,1.20,2.80,3.40,9.70,8.30,6.40,3.00,7.50,6.50,11.8,8.10,8.10,6.90,3.60,4.20,1.00,13.0,47.0,44.0,16.0,21.0,55.0,37.0,63.0,40.0,100.0,100.0,41.0,51.0,100.0,100.0,100.0,100.0,100.0,100.0,100.0,100.0,100.0,38.0,0.00,0.00,0.00,0.00,0.00,0.00,0.00,0.11,0.65,0.85,1.53,0.65,0.99,2.29,2.50,0.94,0.39,0.05,0.06,0.03,0.00,0.00,0.00,0.00
2026-04-18,6,1,4,春,14400.00,0.07,2398.00,13,28.2,20.7,24.4,0.6,15.87,45.3,6.1,10.1,7.5,0.41,12,0,0,高辐射,多云,0.00,0.00,0.00,0.00,0.00,0.00,80.0,560.0,684.1,1207.9,1388.0,2000.0,2398.0,1842.0,1680.0,1493.3,826.7,160.0,80.0,0.00,0.00,0.00,0.00,0.00,21.5,21.6,21.7,20.8,20.7,20.9,21.1,22.0,23.1,24.9,26.1,26.8,27.5,27.9,28.2,28.0,28.1,27.9,27.3,26.1,24.1,23.6,23.3,23.0,0.00,0.00,0.00,0.00,0.00,0.00,0.00,0.00,0.00,0.10,0.10,0.00,0.00,0.30,0.10,0.00,0.00,0.00,0.00,0.00,0.00,0.00,0.00,0.00,4.20,5.60,4.20,4.60,4.50,4.70,5.10,6.60,6.50,6.20,8.50,8.80,8.20,8.40,10.1,9.30,9.10,6.50,3.70,0.30,6.60,4.50,6.10,4.70,96.0,16.0,0.00,0.00,2.00,12.0,23.0,22.0,53.0,80.0,100.0,100.0,35.0,64.0,66.0,76.0,97.0,71.0,63.0,100.0,7.00,4.00,1.00,0.00,0.00,0.00,0.00,0.00,0.00,0.00,0.00,0.13,0.69,1.28,1.62,1.65,1.83,2.02,2.33,1.51,1.32,0.90,0.53,0.06,0.00,0.00,0.00,0.00
2026-04-19,0,1,4,春,13200.00,0.07,2224.00,13,30.5,21.3,25.5,0.0,22.33,38.6,6.5,14.2,9.2,0.58,12,3,0,极高辐射,多云,0.00,0.00,0.00,0.00,0.00,0.00,80.0,560.0,1120.0,1760.0,2224.0,1936.0,1391.9,1568.1,800.0,1040.0,400.0,240.0,80.0,0.00,0.00,0.00,0.00,0.00,22.7,22.4,22.5,22.3,22.1,21.8,21.3,22.1,24.1,26.4,28.1,29.3,29.9,30.1,30.3,30.5,29.6,27.8,26.4,25.0,25.0,24.6,24.1,23.9,0.00,0.00,0.00,0.00,0.00,0.00,0.00,0.00,0.00,0.00,0.00,0.00,0.00,0.00,0.00,0.00,0.00,0.00,0.00,0.00,0.00,0.00,0.00,0.00,5.30,4.60,5.60,5.60,6.00,4.60,2.90,4.80,1.60,2.10,3.70,6.10,8.10,8.40,7.40,6.80,11.6,14.2,12.3,10.5,7.30,4.90,5.50,5.60,0.00,0.00,0.00,0.00,0.00,0.00,0.00,0.00,0.00,0.00,2.00,52.0,55.0,31.0,46.0,29.0,99.0,100.0,100.0,100.0,92.0,34.0,90.0,97.0,0.00,0.00,0.00,0.00,0.00,0.00,0.00,0.15,0.77,1.53,2.26,2.74,2.88,3.07,2.83,2.25,1.96,1.23,0.58,0.08,0.00,0.00,0.00,0.00
2026-04-20,1,0,4,春,8560.00,0.04,1272.50,12,29.9,22.5,24.8,20.2,14.21,73.6,8.1,13.6,7.4,0.37,12,0,1,中等辐射,雨天,0.00,0.00,0.00,0.00,0.00,0.00,0.00,560.0,800.0,1272.5,873.0,1118.5,736.0,853.3,1157.8,468.9,400.0,240.0,80.0,0.00,0.00,0.00,0.00,0.00,23.6,23.4,23.2,23.2,22.8,22.6,22.5,23.3,26.2,27.8,29.0,29.9,25.0,26.4,26.8,25.4,25.8,24.8,24.6,23.8,24.0,23.7,23.6,23.4,0.00,0.00,0.00,0.00,0.00,0.00,0.00,0.00,0.00,0.00,0.00,0.10,10.8,5.50,1.30,0.40,0.20,1.30,0.60,0.00,0.00,0.00,0.00,0.00,6.60,6.60,4.70,6.00,5.60,5.90,5.80,5.50,4.70,7.70,8.50,7.50,11.4,5.70,13.6,11.8,11.4,10.8,8.20,9.40,9.80,8.40,10.4,7.40,59.0,88.0,98.0,65.0,91.0,61.0,2.00,14.0,42.0,71.0,65.0,100.0,99.0,93.0,100.0,99.0,100.0,99.0,100.0,96.0,84.0,80.0,25.0,36.0,0.00,0.00,0.00,0.00,0.00,0.00,0.00,0.15,0.69,1.46,2.07,2.40,0.95,1.52,2.25,0.91,0.93,0.49,0.33,0.08,0.00,0.00,0.00,0.00
2026-04-21,2,0,4,春,14160.00,0.07,2160.00,12,31.1,23.3,26.0,0.2,21.83,44.4,10.4,17.0,7.8,0.57,13,2,0,极高辐射,多云,0.00,0.00,0.00,0.00,0.00,0.00,0.00,264.0,477.1,1258.9,1920.0,1600.0,2160.0,2000.0,2080.0,1040.0,880.0,400.0,80.0,0.00,0.00,0.00,0.00,0.00,23.4,23.4,23.6,23.8,23.3,23.7,23.5,24.1,24.9,26.3,28.0,29.4,30.5,31.1,28.1,29.3,28.8,28.2,27.0,25.5,25.2,24.9,24.5,24.3,0.00,0.00,0.00,0.00,0.00,0.00,0.00,0.00,0.00,0.00,0.00,0.10,0.00,0.00,0.00,0.10,0.00,0.00,0.00,0.00,0.00,0.00,0.00,0.00,10.3,8.50,4.60,4.30,3.80,5.20,5.20,5.80,7.60,16.7,12.4,16.0,15.2,16.1,12.3,14.6,17.0,15.6,11.4,11.5,8.00,9.30,8.30,9.20,19.0,39.0,100.0,16.0,90.0,14.0,100.0,79.0,52.0,42.0,66.0,38.0,16.0,12.0,69.0,74.0,45.0,37.0,18.0,6.00,67.0,52.0,13.0,1.00,0.00,0.00,0.00,0.00,0.00,0.00,0.00,0.10,0.68,1.36,2.00,2.44,2.92,3.07,2.90,2.64,1.86,1.19,0.54,0.10,0.00,0.00,0.00,0.00
2026-04-22,3,0,4,春,14080.00,0.07,1954.20,12,29.8,23.1,26.3,0.3,18.32,53.9,12.6,21.7,6.7,0.47,12,0,0,高辐射,阴天,0.00,0.00,0.00,0.00,0.00,0.00,80.0,640.0,841.3,1478.7,1440.0,1760.0,1900.0,1540.0,1954.2,1485.8,720.0,240.0,0.00,0.00,0.00,0.00,0.00,0.00,24.3,24.0,23.7,23.6,23.4,23.3,23.1,24.0,26.1,27.2,28.6,29.3,29.8,29.2,28.9,29.2,29.1,28.9,27.5,26.2,25.9,25.5,25.2,24.8,0.00,0.00,0.00,0.00,0.00,0.00,0.00,0.00,0.00,0.10,0.00,0.00,0.00,0.00,0.00,0.00,0.00,0.00,0.00,0.00,0.00,0.20,0.00,0.00,9.30,8.80,8.10,6.60,7.10,7.30,7.00,8.60,11.9,14.7,17.5,19.8,21.7,20.6,18.0,18.5,17.7,17.2,13.5,12.2,10.4,9.00,9.00,7.00,2.00,2.00,30.0,45.0,97.0,100.0,34.0,19.0,70.0,54.0,67.0,60.0,79.0,76.0,94.0,100.0,80.0,70.0,55.0,41.0,48.0,54.0,11.0,6.00,0.00,0.00,0.00,0.00,0.00,0.00,0.00,0.17,0.76,1.31,1.93,2.29,2.67,2.17,1.99,2.00,1.34,1.10,0.49,0.09,0.00,0.00,0.00,0.00
2026-04-23,4,0,4,春,3840.00,0.02,813.60,11,25.5,19.6,22.5,3.7,8.92,98.5,8.5,14.6,5.9,0.23,11,0,1,低辐射,雨天,0.00,0.00,0.00,0.00,0.00,0.00,0.00,496.0,627.8,813.6,318.6,304.0,360.0,302.9,297.1,160.0,0.00,80.0,80.0,0.00,0.00,0.00,0.00,0.00,24.6,24.3,24.1,24.1,23.7,23.4,23.4,23.6,24.6,25.5,23.5,22.0,21.4,22.5,24.4,22.6,21.4,20.8,20.1,19.6,20.0,20.2,20.2,19.8,0.00,0.00,0.10,0.00,0.50,0.00,0.00,0.10,0.30,0.10,0.20,0.40,0.10,0.00,0.00,0.00,0.30,0.40,0.90,0.20,0.10,0.00,0.00,0.00,6.30,5.60,3.80,3.60,5.50,4.90,3.80,4.80,8.90,9.70,14.4,11.3,14.6,12.0,8.80,7.20,9.60,12.8,10.1,7.40,9.30,10.9,8.70,8.80,67.0,100.0,99.0,98.0,100.0,100.0,100.0,100.0,100.0,100.0,100.0,100.0,100.0,100.0,100.0,100.0,100.0,100.0,100.0,100.0,100.0,99.0,100.0,100.0,0.00,0.00,0.00,0.00,0.00,0.00,0.00,0.06,0.23,0.88,0.62,0.71,0.67,1.69,2.02,0.79,0.59,0.52,0.12,0.04,0.00,0.00,0.00,0.00
2026-04-24,5,0,4,春,1680.00,0.01,373.30,10,20.2,17.9,19.2,78.8,5.19,99.9,9.0,11.5,2.3,0.13,11,0,2,低辐射,雨天,0.00,0.00,0.00,0.00,0.00,0.00,0.00,80.0,240.0,373.3,213.7,133.0,240.0,160.0,80.0,80.0,80.0,0.00,0.00,0.00,0.00,0.00,0.00,0.00,19.9,19.9,20.2,20.0,19.8,19.5,19.1,18.6,19.0,20.2,19.9,20.1,19.5,19.9,19.3,19.2,19.0,18.6,18.2,18.1,18.2,17.9,17.9,18.4,0.00,0.00,0.80,0.10,0.00,0.00,0.30,1.70,2.50,11.3,5.30,5.70,1.10,3.00,4.60,8.00,17.3,7.80,2.40,3.80,3.10,0.00,0.00,0.00,8.30,5.90,9.70,7.80,10.0,11.2,10.0,10.4,7.20,7.90,8.10,9.00,7.20,8.20,7.70,9.80,11.5,10.1,9.20,9.10,11.2,7.80,8.70,10.1,100.0,100.0,100.0,98.0,100.0,100.0,100.0,100.0,100.0,100.0,100.0,100.0,100.0,100.0,100.0,100.0,100.0,100.0,100.0,100.0,100.0,100.0,100.0,99.0,0.00,0.00,0.00,0.00,0.00,0.00,0.00,0.03,0.13,1.25,0.66,1.02,0.27,0.54,0.50,0.38,0.15,0.12,0.11,0.01,0.00,0.00,0.00,0.00
2026-04-25,6,1,4,春,18720.00,0.10,2560.00,13,26.9,17.2,21.8,0.0,24.24,26.4,6.7,8.3,9.7,0.62,13,0,0,极高辐射,多云,0.00,0.00,0.00,0.00,0.00,0.00,80.0,640.0,1178.1,1701.9,2080.0,2480.0,2560.0,2560.0,2080.0,1600.0,1200.0,480.0,80.0,0.00,0.00,0.00,0.00,0.00,18.4,18.2,17.9,17.3,17.5,17.4,17.2,18.1,19.6,20.9,22.8,24.3,25.6,26.5,26.8,26.9,26.7,26.3,25.1,23.2,22.0,21.4,21.6,21.6,0.00,0.00,0.00,0.00,0.00,0.00,0.00,0.00,0.00,0.00,0.00,0.00,0.00,0.00,0.00,0.00,0.00,0.00,0.00,0.00,0.00,0.00,0.00,0.00,8.30,7.80,5.60,4.40,5.40,6.00,6.70,8.10,7.60,6.90,7.50,8.00,6.80,6.30,6.00,6.50,6.80,6.60,5.20,4.20,6.90,7.80,8.20,7.80,100.0,100.0,98.0,6.00,7.00,10.0,1.00,2.00,86.0,23.0,13.0,2.00,0.00,2.00,12.0,77.0,41.0,11.0,4.00,13.0,5.00,17.0,0.00,3.00,0.00,0.00,0.00,0.00,0.00,0.00,0.00,0.18,0.83,1.14,2.11,2.84,3.29,3.37,3.15,2.81,2.20,1.48,0.72,0.12,0.00,0.00,0.00,0.00
2026-04-26,0,1,4,春,16240.00,0.08,2480.00,13,29.3,19.9,23.9,0.0,19.76,69.9,6.8,9.8,9.4,0.51,13,0,0,高辐射,阴天,0.00,0.00,0.00,0.00,0.00,0.00,80.0,400.0,880.0,2000.0,1840.0,1520.0,2480.0,2080.0,1920.0,1280.0,1360.0,320.0,80.0,0.00,0.00,0.00,0.00,0.00,21.4,21.1,20.3,20.3,20.0,20.2,19.9,21.0,23.0,24.3,25.6,26.4,27.4,28.2,28.9,29.3,28.5,27.0,25.6,23.7,23.2,22.8,22.6,22.4,0.00,0.00,0.00,0.00,0.00,0.00,0.00,0.00,0.00,0.00,0.00,0.00,0.00,0.00,0.00,0.00,0.00,0.00,0.00,0.00,0.00,0.00,0.00,0.00,7.10,5.50,3.90,2.80,2.50,5.80,3.90,6.70,9.20,8.80,8.70,8.50,6.10,5.00,3.60,4.80,8.10,9.80,8.60,8.90,8.70,8.00,8.60,9.00,22.0,2.00,5.00,7.00,18.0,95.0,96.0,52.0,94.0,100.0,94.0,65.0,69.0,99.0,95.0,100.0,100.0,100.0,20.0,80.0,88.0,82.0,95.0,100.0,0.00,0.00,0.00,0.00,0.00,0.00,0.00,0.15,0.69,1.38,2.24,2.37,2.84,2.67,2.31,2.17,1.51,0.83,0.46,0.12,0.00,0.00,0.00,0.00
2026-04-27,1,0,4,春,10400.00,0.05,1456.00,12,27.4,22.0,24.5,1.1,13.88,96.1,9.0,11.3,5.4,0.35,12,0,1,中等辐射,雨天,0.00,0.00,0.00,0.00,0.00,0.00,0.00,320.0,718.5,1345.5,1456.0,1200.0,1360.0,1360.0,1120.0,840.0,440.0,160.0,80.0,0.00,0.00,0.00,0.00,0.00,22.3,22.1,22.1,22.1,22.0,22.1,22.1,23.0,24.7,26.0,26.8,26.5,27.4,26.9,26.8,27.3,27.1,25.8,25.1,24.1,23.9,23.7,23.6,23.3,0.00,0.00,0.00,0.00,0.00,0.00,0.00,0.00,0.00,0.10,0.10,0.20,0.10,0.10,0.10,0.10,0.00,0.00,0.00,0.00,0.30,0.00,0.00,0.00,8.50,7.00,6.60,5.80,6.70,7.50,7.00,8.30,7.80,9.40,10.3,11.3,10.2,10.8,9.90,9.10,9.50,9.90,8.00,10.1,11.1,10.2,10.1,10.3,99.0,100.0,100.0,100.0,100.0,97.0,100.0,96.0,38.0,93.0,100.0,100.0,100.0,100.0,100.0,100.0,100.0,100.0,100.0,100.0,100.0,100.0,85.0,98.0,0.00,0.00,0.00,0.00,0.00,0.00,0.00,0.18,0.79,1.46,2.04,1.37,1.79,1.21,1.17,1.72,1.24,0.59,0.28,0.05,0.00,0.00,0.00,0.00
2026-04-28,2,0,4,春,9440.00,0.05,1632.00,11,28.5,22.1,24.4,8.7,16.60,84.8,9.5,18.4,6.4,0.42,12,0,2,高辐射,雨天,0.00,0.00,0.00,0.00,0.00,0.00,0.00,400.0,400.0,1113.8,1190.2,896.0,480.0,1440.0,1632.0,848.0,720.0,320.0,0.00,0.00,0.00,0.00,0.00,0.00,23.3,23.0,22.2,22.3,22.1,22.2,22.5,22.7,23.4,24.9,26.7,28.5,26.7,26.9,27.1,27.0,26.9,25.5,24.6,23.6,23.0,23.3,23.4,23.4,0.00,0.00,0.10,0.00,0.00,0.70,0.30,0.30,0.00,0.00,0.00,0.10,4.10,0.60,0.10,0.10,1.30,0.10,0.80,0.10,0.00,0.00,0.00,0.00,8.90,7.70,11.1,7.70,6.80,4.50,6.20,6.20,9.60,11.8,12.1,14.1,11.7,15.3,8.00,12.6,18.4,10.0,11.2,8.30,2.70,5.60,9.40,7.70,46.0,99.0,97.0,87.0,95.0,96.0,70.0,56.0,63.0,70.0,20.0,100.0,98.0,83.0,100.0,76.0,92.0,93.0,100.0,99.0,100.0,100.0,100.0,96.0,0.00,0.00,0.00,0.00,0.00,0.00,0.00,0.10,0.68,0.86,1.72,2.72,1.73,1.44,2.42,1.97,1.51,0.75,0.58,0.11,0.00,0.00,0.00,0.00
2026-04-29,3,0,4,春,8000.00,0.04,1280.00,13,28.2,20.9,23.6,22.6,13.02,80.2,8.6,14.2,7.3,0.33,12,0,3,中等辐射,雨天,0.00,0.00,0.00,0.00,0.00,0.00,80.0,700.9,819.1,896.7,863.3,240.0,1280.0,1200.0,681.9,358.1,240.0,560.0,80.0,0.00,0.00,0.00,0.00,0.00,23.1,22.7,22.2,22.5,22.1,21.8,21.6,22.8,25.6,27.1,28.2,27.4,24.8,24.5,26.1,25.8,24.9,23.9,23.3,22.5,21.1,20.9,21.3,21.1,0.00,1.80,0.10,0.00,0.00,0.00,0.00,0.00,2.50,0.00,0.20,2.20,7.70,4.80,0.40,1.10,1.50,0.30,0.00,0.00,0.00,0.00,0.00,0.00,9.90,9.90,5.40,10.7,6.90,5.50,4.50,1.10,1.30,4.60,7.00,11.0,3.70,6.00,6.50,9.80,12.2,13.2,13.1,11.4,13.7,14.2,11.5,12.7,100.0,100.0,100.0,99.0,34.0,2.00,23.0,34.0,5.00,30.0,100.0,98.0,100.0,100.0,100.0,100.0,100.0,100.0,100.0,99.0,100.0,100.0,100.0,100.0,0.00,0.00,0.00,0.00,0.00,0.00,0.00,0.21,0.78,1.58,2.19,1.65,1.46,0.79,0.48,1.81,0.97,0.68,0.34,0.09,0.00,0.00,0.00,0.00
2026-04-30,4,0,4,春,16640.00,0.09,2640.00,12,23.6,17.5,20.7,0.0,17.77,66.1,9.2,15.6,6.1,0.45,13,0,0,高辐射,阴天,0.00,0.00,0.00,0.00,0.00,0.00,80.0,400.0,960.0,960.0,1600.0,1760.0,2640.0,2480.0,2240.0,1840.0,1120.0,560.0,0.00,0.00,0.00,0.00,0.00,0.00,20.7,20.3,19.7,18.9,18.7,18.0,17.5,17.5,18.9,19.7,20.6,21.5,22.3,23.1,23.0,23.0,23.6,23.6,23.2,21.8,21.1,20.4,20.2,19.7,0.00,0.00,0.00,0.00,0.00,0.00,0.00,0.00,0.00,0.00,0.00,0.00,0.00,0.00,0.00,0.00,0.00,0.00,0.00,0.00,0.00,0.00,0.00,0.00,13.0,12.6,15.6,12.4,11.7,13.4,12.9,11.2,11.7,11.5,11.3,11.3,11.2,10.9,11.7,10.8,8.50,6.70,2.40,0.40,3.10,2.80,1.10,1.50,100.0,100.0,100.0,100.0,100.0,99.0,80.0,83.0,75.0,72.0,91.0,98.0,99.0,98.0,88.0,100.0,17.0,25.0,5.00,8.00,9.00,27.0,6.00,7.00,0.00,0.00,0.00,0.00,0.00,0.00,0.00,0.14,0.55,1.15,1.49,1.86,2.16,2.51,2.26,1.79,1.68,1.37,0.69,0.13,0.00,0.00,0.00,0.00
2026-05-01,5,0,5,春,13600.00,0.07,2013.60,13,26.7,18.5,22.5,0.1,16.57,68.4,8.3,10.9,8.2,0.42,13,0,0,高辐射,阴天,0.00,0.00,0.00,0.00,0.00,0.00,160.0,480.0,1280.0,1586.4,2013.6,1360.0,1380.0,1980.0,1360.0,720.0,800.0,400.0,80.0,0.00,0.00,0.00,0.00,0.00,19.5,19.9,20.2,19.7,19.1,18.8,18.5,19.5,20.7,22.2,23.3,24.6,25.3,25.6,26.7,26.4,26.1,25.0,24.4,23.3,22.8,22.6,22.5,22.5,0.00,0.00,0.00,0.00,0.00,0.00,0.00,0.00,0.00,0.00,0.00,0.00,0.00,0.10,0.00,0.00,0.00,0.00,0.00,0.00,0.00,0.00,0.00,0.00,3.30,6.80,6.90,6.10,6.80,7.00,6.60,7.30,7.10,7.30,7.20,7.30,9.30,8.90,10.2,8.80,9.40,9.70,9.90,10.6,9.90,10.8,10.7,10.9,31.0,100.0,66.0,100.0,100.0,99.0,55.0,25.0,30.0,41.0,87.0,95.0,100.0,99.0,90.0,100.0,100.0,100.0,99.0,14.0,84.0,4.00,13.0,10.0,0.00,0.00,0.00,0.00,0.00,0.00,0.00,0.19,0.88,1.65,2.03,2.33,2.08,1.42,1.97,1.48,1.30,0.71,0.43,0.10,0.00,0.00,0.00,0.00
2026-05-02,6,1,5,春,10320.00,0.05,1405.40,13,28.6,22.5,25.2,1.2,17.79,89.3,11.3,15.9,6.1,0.45,13,0,1,高辐射,雨天,0.00,0.00,0.00,0.00,0.00,0.00,80.0,320.0,1040.0,1181.3,1405.4,853.3,1360.0,1080.0,1104.6,615.4,720.0,480.0,80.0,0.00,0.00,0.00,0.00,0.00,22.6,22.5,22.6,22.7,22.9,22.8,22.6,23.7,24.9,26.2,26.7,27.1,27.9,28.3,27.9,28.6,28.1,27.9,27.0,25.3,24.8,24.3,24.1,24.0,0.00,0.00,0.00,0.00,0.00,0.00,0.00,0.00,0.00,0.10,0.10,0.10,0.10,0.30,0.30,0.20,0.00,0.00,0.00,0.00,0.00,0.00,0.00,0.00,10.2,8.60,6.90,6.70,8.80,9.50,9.50,10.4,15.7,14.6,14.2,14.7,13.7,15.9,15.7,14.9,13.5,12.4,10.5,10.9,8.50,8.60,8.40,7.80,48.0,100.0,100.0,99.0,99.0,97.0,100.0,100.0,71.0,71.0,82.0,100.0,92.0,75.0,61.0,69.0,100.0,84.0,98.0,98.0,98.0,100.0,100.0,100.0,0.00,0.00,0.00,0.00,0.00,0.00,0.00,0.17,0.77,1.23,1.47,1.58,2.21,2.55,2.40,2.16,1.35,1.10,0.67,0.12,0.00,0.00,0.00,0.00
2026-05-03,0,1,5,春,5280.00,0.03,1200.00,12,27.7,22.3,24.5,20.7,10.70,91.9,7.1,10.8,5.4,0.27,11,0,2,中等辐射,雨天,0.00,0.00,0.00,0.00,0.00,0.00,160.0,560.0,1200.0,942.8,1090.9,526.3,220.0,260.0,80.0,80.0,80.0,80.0,0.00,0.00,0.00,0.00,0.00,0.00,23.7,23.4,23.7,23.9,23.9,23.8,23.3,23.8,26.3,25.7,24.1,24.2,24.6,25.5,26.9,27.7,27.1,26.2,25.5,23.7,22.9,22.3,22.3,22.4,0.00,0.00,0.00,0.00,0.00,0.00,0.50,0.20,0.10,9.70,0.30,2.00,1.10,0.40,0.40,0.10,0.30,0.50,0.00,0.10,0.80,1.70,2.40,0.10,5.50,7.10,7.40,7.80,6.60,7.10,1.60,7.40,6.10,7.20,8.00,9.30,9.80,7.50,10.8,9.50,9.60,7.20,8.20,8.90,5.60,4.30,3.50,4.50,99.0,42.0,84.0,95.0,80.0,100.0,100.0,100.0,80.0,100.0,100.0,100.0,100.0,100.0,77.0,65.0,99.0,84.0,100.0,100.0,100.0,100.0,100.0,100.0,0.00,0.00,0.00,0.00,0.00,0.00,0.00,0.06,0.26,0.93,0.48,0.60,1.18,1.01,1.30,1.99,1.71,0.58,0.52,0.07,0.00,0.00,0.00,0.00
2026-05-04,1,0,5,春,8800.00,0.05,1942.90,12,25.1,20.6,22.3,2.1,9.92,96.9,7.7,11.5,4.5,0.25,12,0,3,低辐射,雨天,0.00,0.00,0.00,0.00,0.00,0.00,80.0,240.0,480.0,800.0,1074.3,1302.8,1942.9,1300.0,620.0,480.0,400.0,80.0,0.00,0.00,0.00,0.00,0.00,0.00,22.1,21.8,22.2,21.8,21.5,21.0,20.6,20.8,21.6,23.0,24.0,24.9,24.7,23.7,25.1,23.8,23.2,22.3,21.9,21.5,21.1,21.1,21.3,21.3,0.00,0.00,0.00,0.00,0.00,0.00,0.00,0.00,0.00,0.00,0.00,0.00,0.00,0.20,0.10,0.60,0.30,0.50,0.00,0.00,0.00,0.10,0.10,0.20,7.40,11.5,9.40,8.10,6.50,9.20,9.90,8.80,8.80,9.40,9.00,9.30,9.20,8.00,6.60,6.00,5.20,5.60,7.30,6.00,5.50,5.30,6.10,6.90,100.0,100.0,32.0,99.0,98.0,100.0,100.0,100.0,100.0,99.0,100.0,100.0,100.0,100.0,100.0,100.0,100.0,98.0,100.0,100.0,100.0,100.0,100.0,100.0,0.00,0.00,0.00,0.00,0.00,0.00,0.00,0.13,0.61,0.96,1.40,1.69,1.10,0.77,0.98,0.99,0.64,0.31,0.28,0.06,0.00,0.00,0.00,0.00
2026-05-05,2,0,5,春,3920.00,0.02,720.00,10,26.7,20.3,22.3,11.9,11.74,96.2,7.6,11.1,6.4,0.30,11,0,4,中等辐射,雨天,0.00,0.00,0.00,0.00,0.00,0.00,0.00,0.00,240.0,329.6,550.4,720.0,589.8,450.2,400.0,320.0,160.0,160.0,0.00,0.00,0.00,0.00,0.00,0.00,21.2,21.3,21.0,21.1,21.1,20.9,20.5,20.3,20.6,20.8,21.6,23.7,25.1,24.5,25.9,26.7,25.1,23.2,22.4,21.9,21.6,21.5,21.2,21.1,0.20,0.20,0.00,0.10,1.20,0.80,2.20,1.20,0.50,0.90,0.00,0.00,0.00,0.40,0.40,0.10,0.60,1.80,1.10,0.10,0.00,0.10,0.00,0.00,6.90,7.70,5.20,7.40,8.10,8.00,9.30,11.1,7.90,7.40,7.50,8.50,8.00,8.60,6.30,4.10,4.00,7.00,6.60,6.80,6.10,9.70,10.3,9.70,100.0,100.0,100.0,100.0,100.0,91.0,95.0,92.0,100.0,100.0,91.0,73.0,100.0,100.0,91.0,100.0,100.0,100.0,100.0,100.0,100.0,91.0,100.0,85.0,0.00,0.00,0.00,0.00,0.00,0.00,0.00,0.10,0.42,0.54,0.71,1.98,2.20,1.19,1.41,1.70,0.98,0.36,0.09,0.06,0.00,0.00,0.00,0.00
2026-05-06,3,0,5,春,5360.00,0.03,857.20,11,26.3,21.0,23.4,1.0,11.61,73.2,8.6,14.1,5.3,0.29,13,0,5,中等辐射,阴天,0.00,0.00,0.00,0.00,0.00,0.00,0.00,240.0,320.0,560.0,533.4,529.4,857.2,560.0,400.0,800.0,400.0,160.0,0.00,0.00,0.00,0.00,0.00,0.00,21.1,21.0,21.2,21.3,21.4,21.4,21.2,21.9,22.2,23.4,24.2,25.3,26.0,26.3,25.7,26.1,26.2,26.0,24.9,23.7,23.1,23.0,22.9,22.9,0.00,0.00,0.00,0.00,0.00,0.00,0.00,0.00,0.00,0.10,0.00,0.00,0.20,0.30,0.20,0.20,0.00,0.00,0.00,0.00,0.00,0.00,0.00,0.00,8.40,7.20,4.10,4.00,5.60,6.00,6.70,9.40,7.50,7.40,7.60,7.30,7.60,10.2,9.60,10.8,12.8,14.1,12.4,9.80,8.70,9.70,9.90,9.80,100.0,97.0,100.0,100.0,100.0,100.0,100.0,20.0,97.0,100.0,100.0,100.0,100.0,100.0,100.0,100.0,63.0,33.0,3.00,13.0,70.0,3.00,16.0,41.0,0.00,0.00,0.00,0.00,0.00,0.00,0.00,0.18,0.85,1.16,0.98,1.39,1.34,1.22,1.21,0.86,0.79,0.90,0.59,0.13,0.00,0.00,0.00,0.00
2026-05-07,4,0,5,春,14720.00,0.08,1960.80,13,29.9,22.2,25.6,1.7,21.32,54.9,8.3,11.2,7.7,0.53,13,0,6,极高辐射,阴天,0.00,0.00,0.00,0.00,0.00,0.00,80.0,400.0,1280.0,1280.0,1440.0,1280.0,1879.2,1960.8,1760.0,1920.0,800.0,560.0,80.0,0.00,0.00,0.00,0.00,0.00,22.8,22.8,22.2,22.7,22.8,22.7,22.4,23.7,25.3,26.6,27.6,28.9,29.6,29.9,29.5,28.9,28.3,27.8,26.5,25.2,25.1,24.8,24.5,24.3,0.00,0.00,0.00,0.00,0.00,0.00,0.00,0.00,0.10,0.10,0.10,0.10,0.20,0.20,0.30,0.40,0.10,0.10,0.00,0.00,0.00,0.00,0.00,0.00,9.10,7.80,3.50,5.30,7.00,7.20,7.70,9.00,10.9,11.2,10.0,8.10,8.30,9.70,7.00,8.50,10.5,10.2,10.2,9.50,8.70,7.30,6.40,6.20,5.00,57.0,91.0,84.0,16.0,1.00,19.0,30.0,47.0,39.0,36.0,31.0,29.0,40.0,57.0,55.0,46.0,68.0,80.0,89.0,100.0,98.0,100.0,100.0,0.00,0.00,0.00,0.00,0.00,0.00,0.00,0.24,0.79,1.45,1.97,2.61,2.93,3.03,2.67,2.23,1.46,1.19,0.63,0.11,0.00,0.00,0.00,0.00
2026-05-08,5,0,5,春,9680.00,0.05,2019.00,13,29.2,22.9,25.6,7.0,15.51,92.3,4.0,7.0,6.3,0.39,12,0,7,高辐射,雨天,0.00,0.00,0.00,0.00,0.00,0.00,80.0,280.0,728.0,672.0,1120.0,1600.0,1741.0,2019.0,560.0,480.0,160.0,160.0,80.0,0.00,0.00,0.00,0.00,0.00,24.0,23.7,23.6,23.7,23.2,23.1,22.9,23.9,25.5,27.1,27.7,28.5,29.2,29.2,28.4,27.5,26.7,27.1,26.7,25.2,24.6,24.7,24.3,24.1,0.00,0.00,0.00,0.00,0.00,0.00,0.00,0.00,0.00,0.10,0.10,0.00,0.00,0.10,0.10,2.40,2.60,0.10,1.10,0.10,0.10,0.20,0.00,0.00,6.10,3.20,2.70,2.70,1.10,0.30,0.90,2.30,4.00,4.50,5.20,6.70,7.00,6.50,5.20,5.50,4.50,2.50,3.50,7.00,3.40,2.30,3.40,5.80,100.0,100.0,100.0,90.0,100.0,100.0,100.0,100.0,88.0,100.0,100.0,100.0,100.0,97.0,99.0,99.0,100.0,76.0,90.0,91.0,99.0,66.0,45.0,74.0,0.00,0.00,0.00,0.00,0.00,0.00,0.00,0.19,0.67,1.39,1.32,1.96,2.20,2.04,2.52,1.01,0.70,0.80,0.62,0.09,0.00,0.00,0.00,0.00
2026-05-09,6,1,5,春,3600.00,0.02,720.00,11,25.2,22.5,23.6,13.8,5.90,96.7,7.5,15.6,2.7,0.15,11,0,8,低辐射,雨天,0.00,0.00,0.00,0.00,0.00,0.00,0.00,80.0,240.0,240.0,320.0,720.0,480.0,640.0,400.0,240.0,160.0,80.0,0.00,0.00,0.00,0.00,0.00,0.00,23.5,23.1,23.1,23.2,23.3,23.2,23.1,22.5,22.5,22.7,23.5,23.8,24.4,25.2,25.1,24.9,24.9,24.9,24.4,23.9,23.3,23.2,23.0,22.8,0.50,0.10,0.90,0.20,1.10,1.20,2.90,3.00,1.60,0.70,0.70,0.30,0.40,0.20,0.00,0.00,0.00,0.00,0.00,0.00,0.00,0.00,0.00,0.00,6.70,5.30,7.10,7.90,8.80,8.90,10.3,15.6,10.9,10.7,12.8,11.3,11.1,9.70,8.70,8.90,7.80,4.90,3.30,2.90,1.60,0.60,0.70,2.90,66.0,76.0,78.0,100.0,100.0,100.0,100.0,100.0,100.0,100.0,100.0,100.0,100.0,100.0,100.0,100.0,100.0,100.0,100.0,100.0,100.0,100.0,100.0,100.0,0.00,0.00,0.00,0.00,0.00,0.00,0.00,0.04,0.28,0.22,0.58,0.44,0.74,1.17,0.68,0.66,0.53,0.39,0.13,0.04,0.00,0.00,0.00,0.00
2026-05-10,0,1,5,春,6480.00,0.03,1871.50,12,27.6,22.1,24.2,2.0,12.22,80.5,4.2,6.5,5.5,0.30,13,0,9,中等辐射,雨天,0.00,0.00,0.00,0.00,0.00,0.00,0.00,160.0,240.0,608.5,1871.5,1440.0,522.7,437.3,385.9,254.1,320.0,160.0,80.0,0.00,0.00,0.00,0.00,0.00,22.5,22.4,22.3,22.2,22.2,22.2,22.1,22.8,24.0,24.8,25.3,25.8,26.7,27.6,26.5,26.5,26.5,26.6,26.1,24.7,23.9,23.2,22.5,22.1,0.00,0.00,0.00,0.00,0.00,0.00,0.00,0.00,0.00,0.10,0.10,0.10,0.10,0.10,0.60,0.60,0.20,0.10,0.00,0.00,0.00,0.00,0.00,0.00,4.20,2.90,3.00,2.70,2.80,2.10,3.20,2.50,5.90,5.40,5.00,4.60,4.90,4.50,4.60,3.90,2.00,3.70,6.00,5.70,4.40,6.50,5.60,5.70,100.0,100.0,30.0,98.0,100.0,100.0,100.0,99.0,100.0,100.0,100.0,100.0,100.0,100.0,100.0,100.0,97.0,76.0,60.0,76.0,27.0,14.0,35.0,20.0,0.00,0.00,0.00,0.00,0.00,0.00,0.00,0.15,0.49,0.66,0.81,0.94,1.27,1.78,2.00,1.54,1.04,0.83,0.57,0.14,0.00,0.00,0.00,0.00
2026-05-11,1,0,5,春,10960.00,0.06,1920.00,12,30.6,21.6,25.8,2.4,20.61,58.0,5.9,9.4,9.0,0.51,13,3,10,极高辐射,阴天,0.00,0.00,0.00,0.00,0.00,0.00,160.0,400.0,720.0,880.0,1520.0,1200.0,1440.0,1920.0,1040.0,720.0,640.0,320.0,0.00,0.00,0.00,0.00,0.00,0.00,21.8,21.6,21.7,21.8,21.8,21.7,21.7,23.1,24.7,26.5,27.7,28.5,29.9,30.6,30.0,30.5,30.4,29.8,28.7,26.6,25.4,24.8,24.5,24.3,0.00,0.00,0.00,0.00,0.00,0.00,0.00,0.00,0.00,0.10,0.20,0.10,0.20,0.60,0.50,0.30,0.20,0.00,0.10,0.10,0.00,0.00,0.00,0.00,5.20,5.20,5.20,4.40,4.40,4.80,5.00,4.90,4.20,6.60,7.70,7.50,6.80,6.40,6.00,4.80,4.10,2.50,2.70,9.40,8.80,8.70,7.70,8.20,4.00,19.0,13.0,12.0,16.0,91.0,78.0,91.0,67.0,84.0,100.0,100.0,43.0,100.0,67.0,100.0,84.0,88.0,98.0,39.0,25.0,38.0,23.0,13.0,0.00,0.00,0.00,0.00,0.00,0.00,0.00,0.24,0.72,1.43,1.94,1.97,2.75,2.85,2.40,2.45,1.86,1.25,0.61,0.14,0.00,0.00,0.00,0.00
2026-05-12,2,0,5,春,14800.00,0.08,2160.00,12,32.1,23.8,27.3,1.9,23.22,80.0,6.5,10.2,8.3,0.58,13,6,11,极高辐射,阴天,0.00,0.00,0.00,0.00,0.00,0.00,240.0,720.0,960.0,1440.0,1680.0,2000.0,2160.0,1840.0,1840.0,880.0,560.0,480.0,0.00,0.00,0.00,0.00,0.00,0.00,24.1,24.0,24.3,24.2,24.1,24.0,23.8,24.9,26.3,28.0,29.1,29.8,30.5,31.6,31.9,32.1,31.9,30.8,29.2,27.6,26.6,26.2,25.8,25.5,0.00,0.00,0.00,0.00,0.00,0.00,0.00,0.00,0.00,0.00,0.20,0.30,0.50,0.40,0.30,0.10,0.00,0.10,0.00,0.00,0.00,0.00,0.00,0.00,9.50,10.2,9.60,9.10,9.00,8.60,8.00,6.40,3.80,4.90,5.60,3.90,2.90,2.10,2.10,0.40,3.30,5.50,8.50,9.50,7.30,8.50,8.30,9.00,8.00,76.0,9.00,59.0,92.0,97.0,97.0,95.0,11.0,98.0,96.0,100.0,76.0,94.0,77.0,98.0,100.0,100.0,97.0,98.0,83.0,77.0,84.0,97.0,0.00,0.00,0.00,0.00,0.00,0.00,0.00,0.26,0.90,1.69,2.32,2.63,2.70,3.14,2.93,2.58,2.14,1.17,0.58,0.15,0.00,0.00,0.00,0.00
2026-05-13,3,0,5,春,18800.00,0.10,2480.00,12,32.9,24.7,28.1,0.3,24.48,64.9,11.3,16.0,8.2,0.61,13,8,0,极高辐射,阴天,0.00,0.00,0.00,0.00,0.00,0.00,240.0,720.0,1600.0,1600.0,2320.0,2125.7,2114.3,2480.0,2240.0,1840.0,1040.0,480.0,0.00,0.00,0.00,0.00,0.00,0.00,25.2,25.1,25.4,24.9,24.7,24.7,24.7,25.8,27.5,28.7,30.1,31.3,32.2,32.5,32.9,32.6,31.4,30.3,29.1,27.5,27.4,26.6,26.4,26.5,0.00,0.00,0.00,0.00,0.00,0.00,0.00,0.00,0.00,0.00,0.00,0.00,0.00,0.00,0.00,0.00,0.30,0.00,0.00,0.00,0.00,0.00,0.00,0.00,9.30,10.1,9.30,9.00,8.40,9.80,9.80,10.5,10.9,11.0,11.8,12.4,13.4,16.0,13.3,14.1,13.7,13.4,12.4,10.3,10.4,9.70,10.6,11.1,95.0,81.0,62.0,74.0,4.00,59.0,44.0,79.0,70.0,80.0,63.0,45.0,11.0,37.0,30.0,96.0,95.0,66.0,61.0,96.0,56.0,59.0,100.0,95.0,0.00,0.00,0.00,0.00,0.00,0.00,0.00,0.27,0.94,1.63,2.27,2.85,3.21,3.40,3.24,2.75,1.75,1.27,0.75,0.15,0.00,0.00,0.00,0.00
2026-05-14,4,0,5,春,4800.00,0.03,1040.00,12,30.2,25.5,27.0,18.7,14.57,70.5,9.8,15.5,4.7,0.36,13,1,1,中等辐射,雨天,0.00,0.00,0.00,0.00,0.00,0.00,0.00,160.0,400.0,560.0,400.0,640.0,560.0,80.0,80.0,1040.0,640.0,160.0,80.0,0.00,0.00,0.00,0.00,0.00,26.4,26.2,26.7,26.3,26.2,26.1,26.1,27.1,28.4,29.8,30.2,29.6,27.9,26.6,26.0,26.1,27.1,27.9,27.7,26.8,26.5,26.0,25.9,25.5,0.00,0.00,0.00,0.10,0.00,0.00,0.00,0.00,0.10,0.20,0.30,0.80,2.60,4.10,0.80,7.30,1.90,0.10,0.00,0.00,0.00,0.00,0.00,0.40,10.6,9.20,9.10,8.30,6.10,6.50,7.40,11.9,11.8,15.5,13.4,15.4,12.5,9.30,8.60,8.10,9.80,11.2,9.70,7.60,8.80,8.60,9.20,5.70,100.0,74.0,38.0,90.0,100.0,100.0,47.0,70.0,64.0,80.0,59.0,93.0,99.0,99.0,100.0,99.0,74.0,71.0,52.0,43.0,18.0,41.0,8.00,73.0,0.00,0.00,0.00,0.00,0.00,0.00,0.00,0.22,0.57,1.49,1.59,2.50,1.62,1.71,1.53,0.13,1.23,1.16,0.64,0.17,0.00,0.00,0.00,0.00
2026-05-15,5,0,5,春,5040.00,0.03,906.70,11,30.5,23.4,26.4,18.1,19.56,82.9,9.1,17.0,7.1,0.48,13,2,2,高辐射,雨天,0.00,0.00,0.00,0.00,0.00,0.00,80.0,373.3,906.7,880.0,720.0,0.00,80.0,400.0,880.0,400.0,240.0,80.0,0.00,0.00,0.00,0.00,0.00,0.00,24.8,24.1,23.6,23.4,23.6,23.5,23.8,24.4,25.9,27.8,28.9,29.8,30.5,29.9,30.2,28.6,27.9,27.9,27.1,26.0,25.9,25.2,25.2,25.2,1.20,1.10,2.30,5.40,0.40,0.40,0.20,0.90,0.90,0.00,0.00,0.40,0.00,1.00,1.10,1.70,0.30,0.10,0.00,0.20,0.40,0.10,0.00,0.00,3.10,1.90,6.80,7.10,3.80,9.00,4.00,3.60,5.10,3.90,8.40,9.30,7.80,8.30,13.3,17.0,15.3,16.3,15.7,13.1,11.8,11.6,10.9,12.3,27.0,100.0,100.0,96.0,33.0,95.0,86.0,100.0,77.0,91.0,25.0,70.0,85.0,88.0,93.0,99.0,73.0,90.0,73.0,91.0,100.0,100.0,100.0,98.0,0.00,0.00,0.00,0.00,0.00,0.00,0.00,0.16,0.55,1.52,1.89,2.71,2.26,1.90,1.99,2.51,1.89,1.41,0.66,0.12,0.00,0.00,0.00,0.00
2026-05-16,6,1,5,春,6640.00,0.03,1149.60,12,28.6,23.6,25.7,6.0,18.02,85.6,18.2,23.3,5.0,0.45,12,0,3,高辐射,雨天,0.00,0.00,0.00,0.00,0.00,0.00,80.0,320.0,640.0,480.0,640.0,1149.6,610.4,1040.0,672.0,368.0,320.0,320.0,0.00,0.00,0.00,0.00,0.00,0.00,25.1,25.0,25.2,24.5,24.0,23.8,23.6,24.2,25.6,26.3,27.2,27.4,27.7,28.6,28.1,27.8,27.2,26.6,25.5,25.1,24.9,24.3,24.3,24.2,0.00,0.00,0.10,0.30,1.60,1.00,0.50,0.30,0.40,0.30,0.30,0.30,0.30,0.10,0.10,0.10,0.10,0.10,0.10,0.00,0.00,0.00,0.00,0.00,11.9,11.0,8.80,10.6,12.6,15.1,15.6,16.3,18.8,20.7,22.5,22.7,22.4,23.3,20.2,21.1,20.3,22.1,20.2,20.0,20.4,20.6,19.7,20.5,89.0,59.0,70.0,94.0,96.0,100.0,98.0,100.0,59.0,80.0,95.0,35.0,54.0,100.0,99.0,97.0,99.0,100.0,100.0,95.0,80.0,98.0,77.0,80.0,0.00,0.00,0.00,0.00,0.00,0.00,0.00,0.20,0.70,1.35,2.08,1.88,2.56,3.13,2.27,1.68,1.06,0.71,0.32,0.08,0.00,0.00,0.00,0.00
2026-05-17,0,1,5,春,7280.00,0.04,1120.00,12,27.9,23.6,24.9,5.4,14.16,83.5,19.2,22.3,4.3,0.35,12,0,4,中等辐射,雨天,0.00,0.00,0.00,0.00,0.00,0.00,160.0,426.7,711.8,941.5,720.0,640.0,1120.0,960.0,640.0,560.0,320.0,80.0,0.00,0.00,0.00,0.00,0.00,0.00,24.0,23.8,24.3,23.9,23.7,23.7,23.6,24.2,24.8,25.2,25.8,26.3,26.7,26.8,27.9,26.5,25.4,24.8,24.7,24.0,24.2,24.1,24.0,24.1,0.00,0.00,0.00,0.00,0.10,0.10,0.00,0.00,0.00,0.30,0.00,0.10,0.40,0.80,0.20,0.40,0.60,0.50,0.30,0.40,0.30,0.50,0.20,0.20,19.7,17.6,17.3,17.3,16.5,17.3,19.0,18.3,20.2,19.1,21.5,20.6,21.4,22.3,22.0,21.6,19.5,19.3,20.1,19.7,15.8,18.8,18.5,17.3,34.0,99.0,39.0,51.0,66.0,47.0,48.0,58.0,100.0,100.0,100.0,100.0,95.0,96.0,100.0,99.0,100.0,89.0,100.0,83.0,100.0,100.0,99.0,100.0,0.00,0.00,0.00,0.00,0.00,0.00,0.00,0.27,0.83,0.85,1.31,1.53,1.74,2.17,1.66,1.61,1.03,0.61,0.48,0.07,0.00,0.00,0.00,0.00
2026-05-18,1,0,5,春,11760.00,0.06,2498.00,13,28.2,24.0,25.2,9.6,12.94,80.8,16.3,22.1,4.2,0.32,12,0,5,中等辐射,雨天,0.00,0.00,0.00,0.00,0.00,0.00,80.0,53.3,506.7,1040.0,1280.0,1822.0,2498.0,1840.0,1120.0,960.0,320.0,160.0,80.0,0.00,0.00,0.00,0.00,0.00,24.1,24.0,24.2,24.3,24.0,24.1,24.1,24.9,25.4,24.8,25.4,26.4,27.3,28.2,27.4,25.8,25.5,25.5,25.1,24.8,25.2,24.9,25.0,25.0,0.00,0.00,0.20,0.10,0.20,0.10,0.00,0.10,0.10,1.30,0.50,0.20,0.10,0.50,0.40,1.20,1.10,1.70,1.10,0.10,0.10,0.50,0.00,0.00,16.2,13.9,16.2,16.7,16.7,17.1,16.4,14.9,15.9,17.1,16.8,18.8,20.4,22.1,18.7,15.2,17.0,17.4,15.2,15.4,15.8,13.2,11.8,12.6,55.0,100.0,70.0,52.0,25.0,39.0,45.0,42.0,100.0,98.0,100.0,96.0,84.0,87.0,100.0,100.0,100.0,99.0,91.0,89.0,100.0,96.0,80.0,91.0,0.00,0.00,0.00,0.00,0.00,0.00,0.00,0.28,0.81,0.51,1.17,1.03,1.48,2.69,2.44,1.08,0.53,0.60,0.27,0.04,0.00,0.00,0.00,0.00
2026-05-19,2,0,5,春,5120.00,0.03,1009.30,12,26.9,23.9,25.1,22.2,6.88,99.1,11.9,15.5,3.0,0.17,11,0,6,低辐射,雨天,0.00,0.00,0.00,0.00,0.00,0.00,240.0,160.0,186.0,564.7,1009.3,400.0,320.0,560.0,320.0,640.0,400.0,320.0,0.00,0.00,0.00,0.00,0.00,0.00,25.0,25.0,24.6,24.3,23.9,23.9,24.0,24.3,25.6,24.7,24.8,25.6,26.9,26.2,25.4,25.6,25.9,26.2,25.9,25.2,25.4,25.0,25.0,25.1,0.00,0.00,0.00,0.50,1.30,0.60,0.40,1.00,0.60,1.90,1.70,0.70,0.50,7.60,2.60,1.80,0.60,0.10,0.00,0.00,0.10,0.00,0.00,0.20,13.1,13.1,12.2,12.9,12.8,11.8,13.6,14.4,14.4,15.3,14.1,14.4,13.4,15.5,8.70,6.80,7.20,7.20,9.20,10.2,10.4,11.1,11.7,12.4,100.0,99.0,99.0,98.0,100.0,100.0,100.0,100.0,100.0,100.0,100.0,100.0,96.0,100.0,100.0,100.0,100.0,100.0,100.0,100.0,98.0,92.0,98.0,99.0,0.00,0.00,0.00,0.00,0.00,0.00,0.00,0.10,0.39,0.18,0.29,0.78,1.20,1.38,0.32,0.53,0.67,0.56,0.39,0.09,0.00,0.00,0.00,0.00
2026-05-20,3,0,5,春,4080.00,0.02,960.00,9,28.9,24.3,25.8,29.1,9.33,97.6,9.9,13.4,4.6,0.23,12,0,7,低辐射,雨天,0.00,0.00,0.00,0.00,0.00,0.00,80.0,0.00,160.0,400.0,800.0,960.0,800.0,400.0,400.0,80.0,0.00,0.00,0.00,0.00,0.00,0.00,0.00,0.00,24.7,24.6,25.1,25.2,24.6,24.6,24.4,24.5,25.2,25.1,25.4,26.1,26.7,28.9,28.6,26.9,27.2,27.5,27.8,26.2,25.0,24.9,24.7,24.3,0.70,0.20,0.10,0.00,2.90,3.50,1.90,1.50,0.50,2.10,1.10,0.40,0.00,0.00,0.20,2.60,0.30,0.10,0.00,0.00,2.10,5.80,1.80,1.30,12.3,12.2,11.4,13.3,11.9,13.1,13.4,12.6,10.6,9.60,10.1,10.5,7.20,9.50,6.60,9.60,7.30,5.40,6.30,6.50,11.3,10.8,8.60,8.20,98.0,95.0,72.0,99.0,100.0,100.0,100.0,100.0,100.0,100.0,100.0,100.0,100.0,80.0,100.0,100.0,100.0,99.0,99.0,100.0,100.0,100.0,100.0,100.0,0.00,0.00,0.00,0.00,0.00,0.00,0.00,0.07,0.18,0.25,0.41,0.61,0.81,1.71,2.49,0.77,0.80,0.64,0.47,0.11,0.00,0.00,0.00,0.00
2026-05-21,4,0,5,春,7040.00,0.04,1760.00,12,30.9,24.2,26.9,19.3,13.50,99.0,9.4,16.6,6.7,0.33,12,3,8,中等辐射,雨天,0.00,0.00,0.00,0.00,0.00,0.00,80.0,400.0,480.0,240.0,880.0,560.0,800.0,1760.0,1040.0,480.0,240.0,80.0,0.00,0.00,0.00,0.00,0.00,0.00,24.3,24.7,26.0,25.8,25.2,24.6,24.2,24.8,26.4,28.1,30.7,29.9,30.6,28.8,30.0,30.9,27.9,26.2,27.0,26.4,27.3,25.8,25.0,24.9,2.00,0.20,0.30,1.70,0.60,0.10,1.20,0.50,0.40,0.00,0.10,0.50,0.10,0.30,1.30,0.10,1.20,5.50,0.30,0.30,0.00,1.30,1.20,0.10,10.7,8.80,4.00,1.40,6.20,8.00,11.4,8.20,12.3,8.20,12.6,12.5,15.2,9.60,14.8,16.6,15.2,8.70,7.10,8.60,4.80,2.40,8.70,9.50,100.0,100.0,100.0,100.0,98.0,100.0,100.0,100.0,100.0,88.0,100.0,100.0,100.0,100.0,95.0,98.0,100.0,100.0,100.0,100.0,100.0,100.0,100.0,97.0,0.00,0.00,0.00,0.00,0.00,0.00,0.00,0.15,0.33,0.95,2.05,1.47,1.75,1.03,1.70,1.68,1.53,0.34,0.44,0.08,0.00,0.00,0.00,0.00
2026-05-22,5,0,5,春,14240.00,0.07,2480.00,13,32.8,24.9,28.4,1.5,22.58,87.8,11.9,19.2,7.9,0.55,13,8,9,极高辐射,雨天,0.00,0.00,0.00,0.00,0.00,0.00,160.0,320.0,1200.0,80.0,654.5,1078.8,2266.7,2480.0,2240.0,1840.0,1040.0,720.0,160.0,0.00,0.00,0.00,0.00,0.00,25.1,25.2,25.0,24.9,24.9,25.0,25.3,26.3,28.3,30.0,31.3,32.0,32.4,32.8,32.2,32.0,31.7,30.7,29.6,28.3,28.0,27.3,27.0,26.8,0.00,0.00,0.00,0.10,0.30,0.10,0.00,0.00,0.00,0.10,0.00,0.00,0.70,0.00,0.20,0.00,0.00,0.00,0.00,0.00,0.00,0.00,0.00,0.00,9.90,8.50,5.70,4.50,6.50,7.80,8.70,9.90,9.60,13.3,15.3,17.4,18.2,19.2,17.7,15.6,15.6,14.6,12.5,11.1,10.5,11.0,10.6,11.0,100.0,100.0,100.0,100.0,100.0,100.0,99.0,99.0,94.0,91.0,98.0,93.0,93.0,94.0,97.0,91.0,98.0,94.0,89.0,82.0,41.0,45.0,53.0,55.0,0.00,0.00,0.00,0.00,0.00,0.00,0.00,0.20,0.64,1.49,1.89,2.56,3.16,3.23,2.93,2.27,1.94,1.35,0.72,0.19,0.00,0.00,0.00,0.00
2026-05-23,6,1,5,春,10960.00,0.06,2240.00,12,31.6,25.8,28.5,5.8,18.27,79.1,11.1,18.4,5.8,0.45,13,7,10,高辐射,雨天,0.00,0.00,0.00,0.00,0.00,0.00,80.0,480.0,720.0,925.0,1475.0,1440.0,400.0,1200.0,2240.0,1280.0,480.0,240.0,0.00,0.00,0.00,0.00,0.00,0.00,26.7,26.5,26.5,26.2,25.9,25.8,25.9,27.1,28.3,29.4,30.9,31.6,31.2,29.5,31.5,31.6,31.4,30.2,29.3,28.3,28.1,27.5,27.4,27.4,0.00,0.00,0.00,0.00,0.00,0.00,0.00,0.50,0.70,0.00,0.00,0.00,2.80,1.30,0.40,0.10,0.00,0.00,0.00,0.00,0.00,0.00,0.00,0.00,10.6,10.1,6.60,6.50,6.30,6.00,7.60,9.80,10.4,9.70,14.9,14.7,15.2,18.4,16.1,14.5,14.4,13.1,11.5,10.4,6.70,8.90,11.0,13.4,44.0,35.0,55.0,37.0,48.0,41.0,63.0,80.0,95.0,100.0,100.0,71.0,69.0,94.0,80.0,99.0,100.0,98.0,99.0,98.0,99.0,98.0,98.0,98.0,0.00,0.00,0.00,0.00,0.00,0.00,0.00,0.24,0.72,1.10,1.74,2.15,2.96,2.57,1.30,2.28,1.80,0.90,0.40,0.12,0.00,0.00,0.00,0.00
2026-05-24,0,1,5,春,14480.00,0.08,2177.80,13,33.4,26.6,29.6,1.1,22.19,77.6,13.5,18.7,6.8,0.54,13,10,11,极高辐射,阴天,0.00,0.00,0.00,0.00,0.00,0.00,160.0,320.0,580.0,1180.0,1440.0,1920.0,2142.2,2177.8,1440.0,1920.0,560.0,480.0,160.0,0.00,0.00,0.00,0.00,0.00,27.4,27.3,27.3,27.0,26.9,26.6,26.7,28.1,29.4,30.8,32.0,32.8,33.2,33.2,33.4,33.1,32.5,31.6,30.4,28.9,28.7,28.0,27.8,27.6,0.00,0.00,0.00,0.00,0.00,0.00,0.00,0.00,0.10,0.00,0.10,0.10,0.10,0.10,0.40,0.20,0.00,0.00,0.00,0.00,0.00,0.00,0.00,0.00,14.8,14.6,11.6,10.8,10.0,8.80,9.00,9.90,11.5,13.3,14.1,15.7,17.1,18.7,17.1,16.8,16.3,14.9,14.3,13.0,12.1,12.8,13.7,14.0,99.0,99.0,98.0,99.0,95.0,80.0,95.0,98.0,58.0,84.0,81.0,57.0,34.0,61.0,28.0,21.0,92.0,95.0,97.0,94.0,89.0,79.0,81.0,49.0,0.00,0.00,0.00,0.00,0.00,0.00,0.01,0.30,0.81,1.72,2.31,2.37,2.45,2.56,2.24,2.73,2.15,1.55,0.80,0.19,0.00,0.00,0.00,0.00
2026-05-25,1,0,5,春,16240.00,0.08,2102.90,13,33.4,27.0,29.7,2.0,25.61,45.5,14.0,18.5,6.4,0.63,13,10,12,极高辐射,阴天,0.00,0.00,0.00,0.00,0.00,0.00,240.0,720.0,1040.0,1600.0,1597.2,1762.8,1920.0,2080.0,2102.9,1497.1,1040.0,560.0,80.0,0.00,0.00,0.00,0.00,0.00,27.4,27.3,27.4,27.1,27.0,27.0,27.0,28.2,29.6,30.8,32.0,32.8,33.0,33.3,33.4,33.2,32.5,31.3,30.1,28.8,28.8,28.1,27.9,27.7,0.00,0.00,0.00,0.00,0.00,0.00,0.00,0.00,0.00,0.00,0.00,0.00,0.80,0.90,0.00,0.30,0.00,0.00,0.00,0.00,0.00,0.00,0.00,0.00,15.1,14.1,11.9,11.9,11.7,11.5,12.4,11.9,14.6,15.2,17.2,17.0,17.5,18.5,14.7,14.5,14.6,15.8,15.3,14.4,11.0,10.9,12.0,12.7,21.0,16.0,66.0,49.0,34.0,95.0,95.0,97.0,37.0,17.0,45.0,27.0,55.0,77.0,38.0,59.0,94.0,89.0,46.0,25.0,5.00,1.00,1.00,2.00,0.00,0.00,0.00,0.00,0.00,0.00,0.01,0.31,0.94,1.62,2.36,2.91,3.23,3.30,3.23,2.74,2.30,1.55,0.88,0.22,0.00,0.00,0.00,0.00
2026-05-26,2,0,5,春,17600.00,0.09,2480.00,13,34.4,26.8,30.1,0.3,25.62,62.5,11.1,16.0,7.6,0.63,13,10,0,极高辐射,阴天,0.00,0.00,0.00,0.00,0.00,0.00,160.0,480.0,960.0,1505.5,1785.8,1908.7,2480.0,2400.0,2000.0,1920.0,1200.0,640.0,160.0,0.00,0.00,0.00,0.00,0.00,27.5,27.4,27.4,27.2,26.9,26.8,26.8,28.4,30.0,31.4,32.6,33.4,34.0,34.3,34.4,34.0,33.4,32.4,30.9,29.3,29.2,28.4,28.1,28.0,0.00,0.00,0.00,0.00,0.00,0.00,0.00,0.00,0.00,0.00,0.10,0.10,0.10,0.00,0.00,0.00,0.00,0.00,0.00,0.00,0.00,0.00,0.00,0.00,13.5,14.5,10.0,8.50,7.40,5.60,6.00,9.30,10.3,11.4,11.1,12.7,14.7,16.0,12.7,13.1,12.6,13.1,12.7,10.6,9.40,10.2,10.4,9.90,2.00,79.0,30.0,1.00,5.00,6.00,25.0,97.0,83.0,95.0,98.0,85.0,91.0,72.0,41.0,90.0,77.0,59.0,97.0,100.0,20.0,49.0,100.0,99.0,0.00,0.00,0.00,0.00,0.00,0.00,0.01,0.31,0.93,1.67,2.40,2.72,3.21,3.35,3.23,2.85,2.32,1.53,0.88,0.21,0.00,0.00,0.00,0.00
2026-05-27,3,0,5,春,17040.00,0.09,2110.00,13,35.1,27.0,30.4,0.2,25.00,71.5,8.4,13.0,8.1,0.61,13,11,1,极高辐射,阴天,0.00,0.00,0.00,0.00,0.00,0.00,160.0,813.9,1140.0,1646.1,1610.0,2110.0,2040.0,1920.0,2080.0,1680.0,1200.0,560.0,80.0,0.00,0.00,0.00,0.00,0.00,27.8,27.7,27.6,27.3,27.2,27.0,27.0,28.4,30.1,31.4,32.8,33.8,34.8,35.1,34.8,34.2,34.6,33.8,31.4,29.5,29.4,28.7,28.1,27.8,0.00,0.00,0.00,0.00,0.00,0.00,0.00,0.00,0.00,0.00,0.00,0.00,0.00,0.00,0.00,0.10,0.10,0.00,0.00,0.00,0.00,0.00,0.00,0.00,9.50,10.8,9.60,8.80,7.90,7.60,8.30,9.00,8.70,8.50,8.50,7.10,7.40,8.20,1.50,0.70,5.40,9.80,13.0,11.7,10.7,10.7,9.50,8.60,85.0,14.0,9.00,77.0,85.0,92.0,59.0,72.0,60.0,79.0,78.0,95.0,99.0,95.0,98.0,98.0,95.0,98.0,86.0,91.0,55.0,22.0,16.0,57.0,0.00,0.00,0.00,0.00,0.00,0.00,0.01,0.32,1.00,1.67,2.42,2.79,3.23,3.10,3.04,2.72,2.20,1.46,0.85,0.21,0.00,0.00,0.00,0.00
2026-05-28,4,0,5,春,18000.00,0.09,2400.00,12,35.6,27.0,30.7,0.9,25.49,21.2,6.6,12.2,8.6,0.62,13,13,0,极高辐射,多云,0.00,0.00,0.00,0.00,0.00,0.00,160.0,560.0,1200.0,1600.0,2000.0,2400.0,2320.0,2400.0,1872.7,1727.3,1120.0,640.0,0.00,0.00,0.00,0.00,0.00,0.00,27.6,27.4,27.6,27.4,27.2,27.1,27.0,28.5,30.2,31.3,32.4,33.8,34.9,35.6,35.3,34.9,34.4,33.9,32.6,31.0,30.5,29.2,28.5,28.2,0.00,0.00,0.00,0.00,0.00,0.00,0.00,0.00,0.00,0.00,0.00,0.00,0.00,0.00,0.10,0.20,0.20,0.10,0.30,0.00,0.00,0.00,0.00,0.00,8.30,8.50,7.40,7.10,6.70,7.10,5.80,8.40,8.00,7.70,7.40,6.10,3.90,3.30,1.90,2.30,2.30,4.30,5.80,5.90,9.70,9.00,9.50,12.2,77.0,91.0,23.0,13.0,11.0,30.0,3.00,24.0,9.00,11.0,7.00,4.00,8.00,22.0,32.0,42.0,32.0,20.0,36.0,6.00,3.00,2.00,1.00,1.00,0.00,0.00,0.00,0.00,0.00,0.00,0.01,0.33,0.97,1.75,2.43,2.98,3.28,3.38,3.09,2.66,2.12,1.48,0.81,0.21,0.00,0.00,0.00,0.00
2026-05-29,5,0,5,春,16960.00,0.09,2320.00,13,35.6,26.2,30.3,1.5,25.11,42.4,6.3,12.4,9.4,0.61,13,11,1,极高辐射,阴天,0.00,0.00,0.00,0.00,0.00,0.00,240.0,800.0,960.0,1280.0,2320.0,2160.0,2160.0,1840.0,1520.0,1760.0,1200.0,640.0,80.0,0.00,0.00,0.00,0.00,0.00,27.9,27.7,27.9,27.3,26.8,26.5,26.3,27.8,29.5,31.3,32.5,33.7,34.5,35.2,35.6,35.5,34.0,34.1,33.4,32.2,27.1,27.0,26.2,26.4,0.00,0.00,0.00,0.00,0.00,0.00,0.00,0.00,0.00,0.00,0.00,0.00,0.10,0.00,0.00,0.00,0.70,0.00,0.00,0.00,0.20,0.20,0.20,0.10,12.4,11.0,8.30,6.80,6.50,4.90,1.30,4.10,2.00,2.70,3.80,5.70,6.80,5.90,2.10,4.20,7.70,5.00,5.70,3.90,9.70,8.90,11.3,10.4,4.00,0.00,0.00,0.00,2.00,0.00,6.00,32.0,33.0,91.0,88.0,88.0,89.0,52.0,25.0,55.0,59.0,28.0,16.0,10.0,77.0,88.0,91.0,84.0,0.00,0.00,0.00,0.00,0.00,0.00,0.01,0.34,0.98,1.80,2.18,2.77,3.24,3.34,3.10,2.79,2.02,1.50,0.82,0.22,0.00,0.00,0.00,0.00
2026-05-30,6,1,5,春,13520.00,0.07,1920.00,13,33.5,25.3,28.9,1.6,21.81,68.6,5.7,9.5,8.2,0.53,13,8,2,极高辐射,阴天,0.00,0.00,0.00,0.00,0.00,0.00,240.0,720.0,1040.0,1040.0,1200.0,1680.0,1280.0,1440.0,1920.0,1440.0,1120.0,320.0,80.0,0.00,0.00,0.00,0.00,0.00,26.3,26.1,26.1,25.8,25.7,25.5,25.3,26.0,28.4,29.6,30.8,31.8,32.6,32.8,33.4,33.5,33.1,32.1,28.7,27.9,29.0,27.9,27.3,26.9,0.00,0.00,0.00,0.00,0.00,0.00,0.00,0.00,0.00,0.00,0.00,0.00,0.00,0.00,0.10,0.00,0.00,0.00,0.50,0.80,0.20,0.00,0.00,0.00,9.40,9.50,7.20,5.00,6.20,5.20,5.80,5.20,5.90,5.70,6.10,6.20,5.10,4.50,3.60,0.40,1.00,5.40,8.30,7.30,8.50,7.40,4.80,2.20,87.0,66.0,99.0,99.0,99.0,100.0,98.0,72.0,100.0,100.0,97.0,36.0,100.0,100.0,52.0,62.0,62.0,38.0,70.0,28.0,23.0,39.0,13.0,7.00,0.00,0.00,0.00,0.00,0.00,0.00,0.01,0.31,0.95,1.47,2.28,2.73,2.84,2.05,1.74,2.84,2.17,1.54,0.73,0.17,0.00,0.00,0.00,0.00
2026-05-31,0,1,5,春,11120.00,0.06,2160.00,12,31.1,24.8,27.7,11.5,19.39,55.2,6.5,11.6,6.3,0.47,13,4,3,高辐射,雨天,0.00,0.00,0.00,0.00,0.00,0.00,0.00,80.0,400.0,400.0,1040.0,2160.0,1560.0,1400.0,1520.0,1200.0,800.0,480.0,80.0,0.00,0.00,0.00,0.00,0.00,26.6,26.6,25.4,25.1,25.0,24.8,25.0,26.0,27.8,28.9,30.3,31.1,29.0,26.6,29.9,28.9,30.1,30.9,30.0,28.6,27.9,27.2,26.9,26.7,0.00,0.00,0.40,0.00,0.00,0.00,0.10,0.00,0.10,0.10,0.00,0.00,1.50,5.60,0.70,1.40,1.10,0.10,0.10,0.30,0.00,0.00,0.00,0.00,1.80,2.20,5.20,7.20,5.70,5.90,4.20,4.90,6.80,6.60,5.90,3.60,8.40,11.6,7.50,10.2,6.90,5.90,6.90,5.90,7.60,9.20,8.50,6.80,9.00,7.00,14.0,26.0,40.0,53.0,71.0,98.0,78.0,95.0,99.0,100.0,100.0,91.0,41.0,96.0,41.0,29.0,48.0,40.0,46.0,51.0,34.0,17.0,0.00,0.00,0.00,0.00,0.00,0.00,0.01,0.22,0.62,1.45,1.92,2.15,1.98,1.69,2.61,2.28,1.93,1.51,0.81,0.21,0.00,0.00,0.00,0.00
2026-06-01,1,0,6,夏,14880.00,0.08,2000.00,14,33.2,25.7,29.1,4.1,22.49,43.9,6.0,10.9,7.5,0.55,13,9,4,极高辐射,阴天,0.00,0.00,0.00,0.00,0.00,80.0,80.0,560.0,800.0,1120.0,1440.0,1680.0,1760.0,2000.0,1920.0,1760.0,1120.0,480.0,80.0,0.00,0.00,0.00,0.00,0.00,26.5,26.2,26.7,26.2,26.1,25.9,25.7,27.3,29.6,30.9,31.7,32.5,33.2,31.3,32.5,32.6,31.6,30.8,29.2,28.2,28.8,28.2,27.9,27.7,0.00,0.00,0.00,0.00,0.00,0.00,0.00,0.00,0.00,0.00,0.10,0.20,0.30,0.30,1.90,0.00,0.30,0.80,0.20,0.00,0.00,0.00,0.00,0.00,7.10,5.10,6.20,4.50,5.80,5.40,4.80,4.70,6.50,4.90,3.70,2.40,1.30,6.10,7.00,8.10,8.10,8.30,10.9,8.50,6.40,5.60,6.50,5.10,34.0,27.0,11.0,20.0,34.0,47.0,40.0,30.0,16.0,13.0,100.0,97.0,97.0,59.0,55.0,37.0,60.0,64.0,95.0,55.0,19.0,9.00,13.0,21.0,0.00,0.00,0.00,0.00,0.00,0.00,0.01,0.31,0.99,1.73,2.41,2.79,2.96,2.24,2.57,2.41,1.88,1.32,0.68,0.20,0.00,0.00,0.00,0.00
2026-06-02,2,0,6,夏,15200.00,0.08,2160.00,13,34.8,26.4,29.7,1.6,23.01,44.5,6.5,11.0,8.4,0.56,13,10,5,极高辐射,阴天,0.00,0.00,0.00,0.00,0.00,0.00,240.0,480.0,1040.0,880.0,1840.0,1840.0,1520.0,1680.0,2160.0,1680.0,1120.0,640.0,80.0,0.00,0.00,0.00,0.00,0.00,27.5,27.3,27.4,27.0,26.8,26.5,26.4,27.8,29.7,31.1,32.4,33.4,33.6,34.8,33.0,32.4,31.7,31.4,30.9,29.6,28.5,28.2,27.9,27.7,0.00,0.00,0.00,0.00,0.00,0.00,0.00,0.00,0.10,0.00,0.00,0.00,0.30,0.00,0.00,0.50,0.30,0.30,0.10,0.00,0.00,0.00,0.00,0.00,5.70,6.40,5.70,6.10,4.10,4.10,3.90,2.40,4.20,6.50,6.90,7.40,6.50,3.10,3.60,8.50,10.0,6.90,11.0,10.4,7.80,9.30,7.80,7.90,15.0,2.00,15.0,47.0,23.0,14.0,13.0,11.0,11.0,20.0,91.0,41.0,40.0,98.0,60.0,59.0,48.0,49.0,45.0,56.0,51.0,85.0,91.0,83.0,0.00,0.00,0.00,0.00,0.00,0.00,0.01,0.32,0.96,1.74,2.30,2.78,2.93,3.15,2.35,2.50,1.89,1.10,0.78,0.23,0.00,0.00,0.00,0.00
2026-06-03,3,0,6,夏,17840.00,0.09,2400.00,13,35.2,27.2,30.6,1.4,24.64,37.1,8.3,11.6,8.0,0.60,13,13,6,极高辐射,阴天,0.00,0.00,0.00,0.00,0.00,0.00,160.0,640.0,1280.0,1680.0,2080.0,2320.0,2400.0,1760.0,1920.0,1680.0,1200.0,560.0,160.0,0.00,0.00,0.00,0.00,0.00,27.5,27.5,27.9,27.5,27.4,27.2,27.2,28.5,30.4,31.8,33.2,34.1,34.5,34.2,35.2,34.5,33.9,33.1,32.1,30.7,30.2,29.2,28.7,28.3,0.00,0.00,0.00,0.00,0.00,0.00,0.00,0.00,0.00,0.00,0.00,0.10,0.30,0.40,0.10,0.30,0.10,0.10,0.00,0.00,0.00,0.00,0.00,0.00,8.80,7.20,6.00,6.30,7.40,7.50,7.20,6.20,5.60,6.40,6.40,7.00,9.00,10.7,8.80,8.40,11.1,11.6,10.2,9.90,10.9,9.60,8.50,7.70,45.0,47.0,23.0,29.0,27.0,29.0,9.00,5.00,5.00,10.0,32.0,91.0,91.0,87.0,62.0,72.0,46.0,29.0,36.0,52.0,39.0,19.0,4.00,2.00,0.00,0.00,0.00,0.00,0.00,0.00,0.01,0.34,1.04,1.79,2.43,2.94,3.21,2.89,2.85,2.60,1.96,1.47,0.87,0.25,0.00,0.00,0.00,0.00
2026-06-04,4,0,6,夏,16960.00,0.09,2320.00,13,35.7,26.7,31.0,0.7,25.70,10.8,7.1,12.1,9.0,0.63,13,13,0,极高辐射,多云,0.00,0.00,0.00,0.00,0.00,0.00,160.0,720.0,1280.0,1520.0,1920.0,2320.0,2080.0,2240.0,1760.0,1360.0,960.0,560.0,80.0,0.00,0.00,0.00,0.00,0.00,28.1,27.9,28.2,27.6,27.2,26.8,26.7,28.3,30.4,31.8,33.0,34.4,35.5,35.7,34.2,35.0,34.9,34.7,32.3,31.0,30.8,30.0,29.4,29.0,0.00,0.00,0.00,0.00,0.00,0.00,0.00,0.00,0.00,0.00,0.00,0.00,0.00,0.00,0.00,0.20,0.10,0.10,0.30,0.00,0.00,0.00,0.00,0.00,7.70,9.20,8.20,6.10,4.20,4.00,4.30,4.20,7.30,7.40,7.90,8.20,7.70,6.40,4.20,4.30,2.00,5.00,9.80,8.60,9.90,12.1,11.3,10.5,1.00,2.00,14.0,2.00,2.00,1.00,1.00,0.00,1.00,2.00,6.00,13.0,39.0,47.0,23.0,20.0,20.0,20.0,16.0,11.0,5.00,6.00,3.00,4.00,0.00,0.00,0.00,0.00,0.00,0.00,0.01,0.35,1.06,1.81,2.44,2.98,3.29,3.30,2.83,2.75,2.29,1.54,0.84,0.24,0.00,0.00,0.00,0.00
2026-06-05,5,0,6,夏,12240.00,0.06,2240.00,12,35.6,25.7,29.3,14.5,20.47,78.5,7.8,15.7,9.9,0.50,13,6,1,极高辐射,雨天,0.00,0.00,0.00,0.00,0.00,0.00,320.0,560.0,880.0,1200.0,1280.0,1440.0,1840.0,2240.0,1840.0,320.0,240.0,80.0,0.00,0.00,0.00,0.00,0.00,0.00,28.8,28.7,29.8,29.1,28.7,28.4,28.2,29.1,25.7,29.6,33.0,34.9,30.7,30.7,32.7,35.6,29.2,26.3,26.1,26.3,29.5,28.1,27.7,27.5,0.00,0.00,0.00,0.00,0.00,0.00,0.00,0.00,0.00,0.00,0.00,0.00,3.10,0.60,0.20,0.00,3.10,4.00,2.10,0.40,0.00,0.80,0.10,0.10,10.6,11.2,8.50,10.1,9.50,9.80,7.60,7.10,6.70,4.20,2.20,6.10,9.10,12.2,3.50,4.00,15.7,11.4,7.60,2.40,9.40,6.70,4.40,6.90,10.0,2.00,27.0,55.0,57.0,86.0,87.0,93.0,75.0,65.0,90.0,96.0,96.0,95.0,96.0,88.0,100.0,100.0,88.0,91.0,98.0,98.0,97.0,95.0,0.00,0.00,0.00,0.00,0.00,0.00,0.01,0.32,1.02,1.52,2.42,2.73,2.78,1.80,2.54,2.66,1.92,0.45,0.15,0.16,0.00,0.00,0.00,0.00
2026-06-06,6,1,6,夏,9760.00,0.05,2000.00,11,33.1,25.8,28.2,14.2,14.71,91.5,7.0,14.9,7.3,0.36,13,6,2,中等辐射,雨天,0.00,0.00,0.00,0.00,0.00,0.00,80.0,480.0,800.0,400.0,640.0,1120.0,1440.0,1680.0,2000.0,1040.0,80.0,0.00,0.00,0.00,0.00,0.00,0.00,0.00,27.4,27.6,26.6,26.8,26.9,26.6,26.5,28.1,32.0,33.1,31.3,31.0,26.9,29.4,30.2,31.5,27.7,27.5,27.6,27.4,26.0,26.0,25.9,25.8,0.00,0.00,0.20,0.00,0.00,0.00,0.00,0.00,0.00,0.00,1.20,1.00,4.80,0.40,0.10,0.70,3.70,0.70,0.10,0.20,0.30,0.70,0.10,0.00,8.00,9.20,8.20,10.7,6.30,4.70,6.70,2.70,12.4,13.6,10.7,14.9,4.00,2.00,6.60,7.00,7.20,5.50,1.90,0.70,5.90,5.60,5.90,6.70,95.0,98.0,93.0,84.0,99.0,71.0,49.0,65.0,66.0,95.0,88.0,97.0,98.0,100.0,100.0,100.0,100.0,100.0,100.0,100.0,100.0,100.0,98.0,100.0,0.00,0.00,0.00,0.00,0.00,0.00,0.01,0.32,0.90,1.48,1.33,1.98,1.06,1.99,2.56,1.83,0.55,0.25,0.31,0.13,0.00,0.00,0.00,0.00
2026-06-07,0,1,6,夏,11760.00,0.06,2080.00,12,32.6,23.4,28.0,20.6,19.73,97.0,7.4,14.7,9.2,0.48,13,8,3,高辐射,雨天,0.00,0.00,0.00,0.00,0.00,0.00,80.0,320.0,720.0,1200.0,1840.0,1520.0,2080.0,1600.0,1520.0,320.0,320.0,240.0,0.00,0.00,0.00,0.00,0.00,0.00,25.7,25.4,23.4,24.1,24.2,24.2,24.4,25.0,28.9,30.9,31.5,32.6,31.8,32.2,30.1,28.7,29.9,30.3,30.4,29.2,28.0,27.6,27.2,26.1,0.00,1.50,3.00,2.30,0.10,0.00,0.00,0.00,0.30,0.00,0.00,0.20,0.90,0.70,5.80,3.20,0.40,0.10,0.00,0.00,0.00,0.00,0.00,2.10,7.40,14.7,11.6,10.3,6.20,8.00,5.60,9.40,6.50,2.70,5.30,7.90,7.70,3.60,10.4,4.50,4.90,5.70,5.60,5.40,6.50,5.80,7.20,13.7,100.0,100.0,100.0,97.0,99.0,98.0,97.0,98.0,92.0,100.0,99.0,95.0,98.0,94.0,100.0,100.0,100.0,100.0,99.0,94.0,88.0,88.0,95.0,98.0,0.00,0.00,0.00,0.00,0.00,0.00,0.01,0.23,0.67,1.53,1.68,2.58,3.07,2.88,2.35,1.21,1.58,1.08,0.67,0.19,0.00,0.00,0.00,0.00
2026-06-08,1,0,6,夏,6960.00,0.04,1280.00,12,30.5,25.4,27.2,30.6,14.56,98.3,9.2,16.7,5.1,0.35,13,2,4,中等辐射,雨天,0.00,0.00,0.00,0.00,0.00,0.00,160.0,400.0,640.0,800.0,1280.0,1280.0,480.0,240.0,560.0,480.0,400.0,240.0,0.00,0.00,0.00,0.00,0.00,0.00,25.9,25.7,26.9,26.7,25.7,25.4,25.4,25.9,27.4,26.9,27.2,28.2,29.6,29.4,30.0,30.5,30.4,27.2,26.4,26.0,26.9,26.6,26.5,26.5,0.90,2.20,1.50,0.40,1.60,0.50,0.10,0.00,0.00,3.90,1.10,0.40,0.10,0.80,2.50,0.90,0.40,3.80,1.40,0.30,2.00,2.90,2.00,0.90,7.60,3.30,7.30,7.30,12.5,10.3,7.60,7.30,11.4,12.2,10.0,10.0,8.80,12.6,8.60,8.40,9.90,16.7,10.2,5.60,8.80,8.40,8.80,6.70,99.0,100.0,100.0,91.0,100.0,93.0,86.0,95.0,100.0,100.0,100.0,100.0,100.0,100.0,100.0,100.0,98.0,100.0,99.0,100.0,100.0,100.0,100.0,99.0,0.00,0.00,0.00,0.00,0.00,0.00,0.01,0.20,0.87,0.77,0.98,1.70,1.76,1.81,1.00,2.10,1.90,1.00,0.36,0.10,0.00,0.00,0.00,0.00
2026-06-09,2,0,6,夏,11120.00,0.06,1920.00,13,27.6,23.6,25.5,3.6,13.82,98.5,10.4,14.7,4.0,0.34,12,0,5,中等辐射,雨天,0.00,0.00,0.00,0.00,0.00,0.00,80.0,160.0,240.0,720.0,1360.0,1920.0,1280.0,1440.0,1600.0,1040.0,960.0,240.0,80.0,0.00,0.00,0.00,0.00,0.00,26.4,26.0,26.0,25.3,24.6,24.1,23.9,23.7,23.8,23.6,24.2,26.4,26.9,27.6,26.8,26.9,27.0,27.3,26.7,26.1,24.9,24.6,24.8,24.6,0.10,1.20,1.70,0.00,0.00,0.00,0.00,0.00,0.10,0.10,0.00,0.00,0.00,0.00,0.00,0.20,0.10,0.00,0.00,0.00,0.00,0.10,0.00,0.00,5.90,10.7,7.50,12.3,14.0,14.2,14.7,14.5,10.9,9.70,10.8,12.4,12.1,12.2,10.6,8.50,9.70,10.6,9.40,8.70,8.10,4.90,7.90,8.30,100.0,100.0,99.0,99.0,100.0,100.0,100.0,100.0,100.0,100.0,93.0,100.0,100.0,100.0,100.0,100.0,100.0,100.0,81.0,96.0,97.0,100.0,100.0,100.0,0.00,0.00,0.00,0.00,0.00,0.00,0.00,0.08,0.35,0.32,0.83,2.43,2.23,2.31,1.15,1.44,1.26,0.77,0.42,0.23,0.00,0.00,0.00,0.00
2026-06-10,3,0,6,夏,12800.00,0.07,2160.00,13,29.6,23.0,26.0,0.0,17.43,96.8,7.2,10.4,6.6,0.42,13,0,6,高辐射,雨天,0.00,0.00,0.00,0.00,0.00,0.00,80.0,320.0,1040.0,1760.0,1680.0,2160.0,1520.0,1040.0,1280.0,1040.0,480.0,320.0,80.0,0.00,0.00,0.00,0.00,0.00,24.4,24.0,24.3,23.8,23.4,23.0,23.2,23.5,24.6,25.6,27.0,28.7,29.6,28.9,28.3,28.7,28.8,28.3,27.8,26.5,26.5,25.7,25.3,25.2,0.00,0.00,0.00,0.00,0.00,0.00,0.00,0.00,0.00,0.00,0.00,0.00,0.00,0.00,0.00,0.00,0.00,0.00,0.00,0.00,0.00,0.00,0.00,0.00,6.90,7.10,10.4,7.40,8.30,7.70,6.00,6.40,7.50,7.30,6.90,6.40,6.40,6.90,7.60,7.60,7.20,6.80,5.90,4.80,8.40,8.10,7.10,7.80,100.0,64.0,77.0,98.0,100.0,100.0,100.0,100.0,99.0,99.0,100.0,100.0,100.0,100.0,100.0,99.0,100.0,100.0,98.0,92.0,100.0,99.0,98.0,100.0,0.00,0.00,0.00,0.00,0.00,0.00,0.00,0.10,0.53,1.40,2.30,2.71,2.84,1.60,0.84,1.77,1.62,0.94,0.59,0.18,0.00,0.00,0.00,0.00
2026-06-11,4,0,6,夏,12880.00,0.07,1920.00,11,30.7,23.6,26.7,0.4,19.23,78.5,6.2,9.2,7.1,0.47,11,4,7,高辐射,阴天,0.00,0.00,0.00,0.00,0.00,0.00,0.00,640.0,1360.0,1680.0,1600.0,1520.0,1920.0,1760.0,1120.0,720.0,480.0,80.0,0.00,0.00,0.00,0.00,0.00,0.00,24.9,24.5,24.2,24.0,23.8,23.6,23.8,24.1,25.2,26.4,27.4,29.3,30.3,30.6,30.7,30.5,30.0,29.4,28.1,26.8,26.3,26.1,25.8,25.4,0.00,0.00,0.00,0.00,0.00,0.00,0.00,0.00,0.00,0.00,0.00,0.00,0.00,0.00,0.00,0.00,0.00,0.00,0.10,0.10,0.20,0.00,0.00,0.00,6.60,4.40,4.10,4.30,4.20,4.80,7.00,6.50,5.80,6.50,6.80,5.60,5.60,6.10,6.50,6.00,7.00,6.00,6.30,7.70,9.20,8.40,6.90,6.60,92.0,87.0,77.0,70.0,37.0,100.0,100.0,100.0,100.0,94.0,14.0,50.0,54.0,86.0,96.0,89.0,34.0,100.0,80.0,48.0,100.0,100.0,93.0,82.0,0.00,0.00,0.00,0.00,0.00,0.00,0.00,0.09,0.41,0.88,1.51,2.93,3.21,2.79,2.34,2.13,1.65,0.98,0.24,0.08,0.00,0.00,0.00,0.00
2026-06-12,5,0,6,夏,11440.00,0.06,1840.00,13,32.2,24.3,27.0,9.4,21.42,75.4,5.9,10.6,7.9,0.52,12,3,8,极高辐射,雨天,0.00,0.00,0.00,0.00,0.00,0.00,160.0,400.0,1280.0,1440.0,1840.0,1280.0,560.0,800.0,640.0,1280.0,1120.0,560.0,80.0,0.00,0.00,0.00,0.00,0.00,25.2,24.9,25.1,24.7,24.6,24.3,24.3,25.3,27.7,28.6,29.5,30.6,31.4,32.2,26.9,27.8,28.9,29.1,27.1,26.3,26.2,25.9,25.9,25.8,0.00,0.00,0.10,3.70,1.10,0.20,0.00,0.00,0.00,0.10,0.10,0.10,0.00,0.00,0.70,0.40,0.30,0.10,1.50,0.90,0.10,0.00,0.00,0.00,5.20,5.80,6.20,5.20,3.70,4.50,3.50,3.20,3.80,3.20,3.10,2.90,3.30,2.70,9.20,9.80,10.6,9.90,7.10,4.80,8.40,8.80,8.30,8.70,60.0,47.0,84.0,86.0,43.0,48.0,38.0,37.0,34.0,55.0,55.0,68.0,100.0,100.0,100.0,96.0,99.0,99.0,99.0,91.0,95.0,92.0,92.0,91.0,0.00,0.00,0.00,0.00,0.00,0.00,0.01,0.28,1.00,1.57,2.00,2.41,2.61,3.17,2.29,1.89,2.19,1.35,0.56,0.09,0.00,0.00,0.00,0.00
2026-06-13,6,1,6,夏,11280.00,0.06,2160.00,13,31.5,25.2,27.8,4.5,18.46,94.8,11.7,18.3,6.3,0.45,13,4,9,高辐射,雨天,0.00,0.00,0.00,0.00,0.00,0.00,160.0,400.0,1120.0,1680.0,1680.0,2160.0,1920.0,880.0,160.0,240.0,400.0,400.0,80.0,0.00,0.00,0.00,0.00,0.00,25.7,25.6,25.6,25.4,25.5,25.4,25.2,26.1,27.2,28.9,30.3,31.5,29.5,30.8,29.5,30.1,29.5,29.3,29.1,28.5,27.2,27.1,26.7,26.7,0.00,0.00,0.00,0.00,0.10,0.50,0.00,0.00,0.00,0.00,0.00,0.00,1.30,1.70,0.60,0.10,0.00,0.00,0.00,0.00,0.00,0.10,0.10,0.00,9.10,8.50,8.90,8.00,8.70,11.3,10.6,11.3,11.5,13.5,13.4,14.4,18.3,14.3,14.3,16.4,15.3,12.3,12.3,11.8,9.50,7.20,7.60,11.4,68.0,79.0,92.0,100.0,99.0,91.0,99.0,95.0,95.0,96.0,92.0,87.0,91.0,99.0,99.0,100.0,100.0,100.0,100.0,99.0,99.0,97.0,99.0,98.0,0.00,0.00,0.00,0.00,0.00,0.00,0.01,0.26,0.86,1.58,2.00,2.62,3.04,2.56,2.08,1.44,0.83,0.53,0.48,0.16,0.00,0.00,0.00,0.00
2026-06-14,0,1,6,夏,6560.00,0.03,1120.00,13,29.4,24.7,26.4,32.1,11.53,99.2,12.1,18.0,4.7,0.28,11,0,10,中等辐射,雨天,0.00,0.00,0.00,0.00,0.00,0.00,80.0,240.0,560.0,1120.0,880.0,720.0,800.0,320.0,640.0,480.0,480.0,160.0,80.0,0.00,0.00,0.00,0.00,0.00,26.5,26.1,24.9,24.9,25.1,24.7,24.9,25.0,24.7,27.4,29.4,27.3,26.9,27.6,27.2,27.5,27.4,26.3,26.3,26.2,27.0,26.7,26.8,26.5,0.10,0.00,0.00,0.10,0.00,0.10,0.50,0.80,6.80,0.10,0.10,7.20,3.20,1.90,0.50,0.80,2.20,3.00,1.90,1.50,0.30,0.20,0.40,0.40,13.8,14.8,13.4,13.8,9.80,11.9,12.2,13.5,13.9,12.9,18.0,16.6,16.0,12.1,15.9,10.6,12.1,12.2,6.00,3.90,9.00,4.90,8.60,14.8,100.0,98.0,98.0,96.0,100.0,100.0,99.0,99.0,98.0,98.0,100.0,100.0,100.0,100.0,100.0,100.0,100.0,100.0,100.0,98.0,98.0,98.0,100.0,100.0,0.00,0.00,0.00,0.00,0.00,0.00,0.00,0.17,0.42,1.06,1.88,1.92,0.49,1.14,1.66,0.90,1.08,0.69,0.06,0.05,0.00,0.00,0.00,0.00
2026-06-15,1,0,6,夏,3440.00,0.02,1120.00,10,30.9,24.9,26.1,22.6,11.80,99.5,7.9,13.9,6.0,0.29,11,1,11,中等辐射,雨天,0.00,0.00,0.00,0.00,0.00,0.00,80.0,240.0,480.0,1120.0,960.0,80.0,240.0,80.0,0.00,80.0,80.0,0.00,0.00,0.00,0.00,0.00,0.00,0.00,25.3,24.9,25.0,25.3,25.5,25.5,25.7,26.3,25.5,25.3,26.4,27.4,29.2,30.9,26.9,27.2,26.1,26.0,25.7,25.3,25.7,25.2,25.0,24.9,0.20,0.50,0.80,1.10,1.40,0.10,0.00,0.00,0.20,0.90,5.50,1.00,0.50,0.20,0.10,1.40,2.60,2.60,1.70,0.90,0.40,0.40,0.10,0.00,11.2,7.30,7.70,9.30,5.50,5.70,7.60,8.80,5.40,13.9,7.50,10.6,8.00,8.40,4.90,5.40,9.50,6.90,7.20,9.20,7.60,7.70,6.40,6.80,99.0,100.0,100.0,100.0,100.0,100.0,100.0,100.0,98.0,99.0,100.0,99.0,97.0,97.0,100.0,100.0,100.0,100.0,100.0,100.0,100.0,100.0,99.0,99.0,0.00,0.00,0.00,0.00,0.00,0.00,0.00,0.14,0.25,0.92,1.55,1.08,1.85,2.63,2.46,0.46,0.27,0.10,0.05,0.04,0.00,0.00,0.00,0.00
2026-06-16,2,0,6,夏,4400.00,0.02,1200.00,10,26.2,24.9,25.3,88.6,4.09,100.0,7.8,12.7,1.3,0.10,11,0,12,极低辐射,雨天,0.00,0.00,0.00,0.00,0.00,0.00,80.0,160.0,320.0,800.0,960.0,1200.0,640.0,80.0,80.0,80.0,0.00,0.00,0.00,0.00,0.00,0.00,0.00,0.00,25.0,24.9,25.7,24.9,24.9,25.0,25.2,25.4,25.4,25.7,26.2,25.9,25.6,25.0,25.8,25.4,25.4,25.3,25.2,25.0,25.6,25.4,25.3,25.2,0.00,0.50,1.90,2.20,0.50,0.20,0.20,0.30,0.20,3.00,3.00,4.10,6.30,25.0,23.4,4.30,4.60,6.90,1.00,0.30,0.60,0.00,0.00,0.10,7.30,8.70,4.30,5.60,4.00,7.50,6.10,5.80,3.50,2.80,4.70,6.60,7.50,8.20,9.00,11.4,11.1,9.70,10.0,9.50,12.7,11.5,10.3,9.80,100.0,100.0,100.0,100.0,100.0,100.0,100.0,100.0,100.0,100.0,100.0,100.0,100.0,100.0,100.0,100.0,100.0,100.0,100.0,100.0,100.0,100.0,100.0,100.0,0.00,0.00,0.00,0.00,0.00,0.00,0.00,0.08,0.48,0.22,0.63,0.32,0.31,0.23,0.09,0.26,0.67,0.40,0.27,0.13,0.00,0.00,0.00,0.00
2026-06-17,3,0,6,夏,4320.00,0.02,640.00,12,30.7,24.4,26.0,16.9,15.75,89.7,12.4,19.6,6.3,0.38,13,2,13,高辐射,雨天,0.00,0.00,0.00,0.00,0.00,0.00,160.0,480.0,560.0,400.0,320.0,480.0,640.0,560.0,240.0,160.0,240.0,80.0,0.00,0.00,0.00,0.00,0.00,0.00,25.1,25.1,25.0,24.7,24.4,24.6,24.6,24.8,26.2,26.7,28.6,30.2,30.7,28.3,25.7,25.6,25.3,25.8,25.8,25.4,25.1,25.0,25.0,25.1,0.20,0.20,0.80,0.00,0.00,0.00,0.10,0.20,2.70,0.10,0.00,0.00,0.00,1.30,7.40,2.30,0.60,0.40,0.20,0.40,0.00,0.00,0.00,0.00,8.00,6.70,9.70,9.30,8.00,9.80,12.4,14.7,12.6,10.3,12.3,14.0,16.3,17.9,17.8,19.6,18.0,17.1,12.8,13.9,9.80,10.3,8.30,8.30,100.0,94.0,89.0,91.0,97.0,74.0,83.0,77.0,100.0,93.0,87.0,58.0,32.0,100.0,100.0,100.0,100.0,99.0,91.0,88.0,100.0,100.0,100.0,100.0,0.00,0.00,0.00,0.00,0.00,0.00,0.01,0.23,0.70,0.85,1.78,2.68,2.72,2.60,1.64,1.01,0.41,0.65,0.34,0.14,0.00,0.00,0.00,0.00
2026-06-18,4,0,6,夏,1120.00,0.01,240.00,10,26.6,24.0,25.1,37.5,3.41,97.3,11.4,18.5,2.6,0.08,12,0,14,极低辐射,雨天,0.00,0.00,0.00,0.00,0.00,0.00,0.00,80.0,80.0,80.0,80.0,160.0,240.0,80.0,80.0,160.0,0.00,80.0,0.00,0.00,0.00,0.00,0.00,0.00,25.3,25.4,24.8,24.6,24.6,25.0,24.0,24.0,24.7,24.8,24.9,25.4,25.9,26.6,26.0,25.7,26.0,25.8,25.8,26.0,25.2,24.1,24.3,24.2,0.00,0.00,0.00,0.20,0.20,0.10,0.70,0.70,2.00,7.70,5.00,3.20,2.50,2.10,1.60,1.80,1.10,1.00,0.40,0.00,0.00,5.60,1.60,0.00,8.20,8.70,14.0,12.3,9.50,9.20,17.4,17.9,18.5,11.4,10.8,8.30,4.50,7.90,7.60,10.4,9.00,12.0,11.8,12.6,13.4,10.8,13.7,12.7,100.0,96.0,96.0,90.0,81.0,84.0,95.0,96.0,100.0,100.0,100.0,100.0,100.0,100.0,100.0,100.0,100.0,100.0,100.0,99.0,100.0,100.0,98.0,100.0,0.00,0.00,0.00,0.00,0.00,0.00,0.01,0.20,0.50,0.18,0.17,0.28,0.31,0.38,0.34,0.17,0.37,0.25,0.18,0.07,0.00,0.00,0.00,0.00
2026-06-19,5,0,6,夏,8640.00,0.04,2000.00,10,31.9,24.8,27.8,3.8,16.73,96.2,14.0,20.8,7.1,0.41,13,4,15,高辐射,雨天,0.00,0.00,0.00,0.00,0.00,0.00,0.00,0.00,80.0,0.00,240.0,1040.0,2000.0,1360.0,1200.0,1120.0,880.0,560.0,160.0,0.00,0.00,0.00,0.00,0.00,24.8,25.6,25.7,26.4,26.8,26.8,25.5,25.8,26.0,26.1,26.4,27.1,29.7,31.9,31.1,30.8,30.2,30.0,29.8,28.8,28.3,27.9,27.9,27.8,0.10,0.00,0.00,0.00,0.00,0.10,0.50,0.10,0.10,0.50,0.50,0.70,0.30,0.20,0.10,0.60,0.00,0.00,0.00,0.00,0.00,0.00,0.00,0.00,10.7,9.90,11.6,13.7,12.8,14.1,13.8,14.3,9.80,18.4,15.9,14.1,18.4,20.8,17.9,17.4,15.9,13.7,14.2,13.5,11.1,10.5,11.1,11.5,100.0,92.0,99.0,100.0,100.0,100.0,100.0,94.0,100.0,100.0,100.0,100.0,59.0,82.0,97.0,99.0,98.0,96.0,98.0,98.0,98.0,100.0,99.0,100.0,0.00,0.00,0.00,0.00,0.00,0.00,0.00,0.10,0.62,0.26,0.97,1.12,1.84,3.20,3.08,2.56,1.40,0.79,0.58,0.22,0.00,0.00,0.00,0.00
2026-06-20,6,1,6,夏,15520.00,0.08,2320.00,13,33.1,26.4,29.6,0.7,25.55,83.1,13.1,19.1,6.7,0.62,13,10,16,极高辐射,雨天,0.00,0.00,0.00,0.00,0.00,0.00,160.0,640.0,1120.0,1280.0,1520.0,2000.0,2320.0,1920.0,1360.0,1200.0,1360.0,480.0,160.0,0.00,0.00,0.00,0.00,0.00,27.8,27.8,27.1,26.9,26.4,26.5,26.6,27.9,29.6,30.9,31.9,32.7,33.1,32.6,32.7,32.7,32.7,32.0,30.8,29.4,28.5,27.8,27.6,27.4,0.00,0.00,0.00,0.00,0.00,0.00,0.00,0.00,0.00,0.10,0.10,0.00,0.10,0.20,0.10,0.10,0.00,0.00,0.00,0.00,0.00,0.00,0.00,0.00,12.1,13.4,11.2,12.3,10.0,9.90,10.8,12.8,10.3,15.4,17.0,17.6,18.5,19.1,18.1,17.2,15.4,13.9,12.4,10.2,8.50,9.10,9.70,9.90,100.0,99.0,93.0,94.0,99.0,79.0,82.0,95.0,41.0,73.0,50.0,56.0,87.0,96.0,79.0,49.0,65.0,95.0,100.0,95.0,94.0,98.0,77.0,99.0,0.00,0.00,0.00,0.00,0.00,0.00,0.01,0.31,0.86,1.74,2.43,2.88,3.24,3.10,3.06,2.78,2.38,1.62,0.90,0.24,0.00,0.00,0.00,0.00
2026-06-21,0,1,6,夏,17600.00,0.09,2480.00,13,33.4,26.3,29.6,1.1,25.34,80.2,11.0,16.2,7.1,0.61,13,10,17,极高辐射,雨天,0.00,0.00,0.00,0.00,0.00,0.00,240.0,720.0,1120.0,1680.0,1680.0,1520.0,2320.0,2480.0,2160.0,1680.0,1280.0,560.0,160.0,0.00,0.00,0.00,0.00,0.00,27.4,27.4,27.6,27.0,26.7,26.4,26.3,27.9,29.4,30.7,31.9,32.7,33.1,33.4,33.3,33.1,32.4,31.5,30.5,29.1,28.8,28.0,27.5,27.1,0.00,0.00,0.00,0.00,0.00,0.00,0.00,0.00,0.00,0.00,0.10,0.10,0.10,0.20,0.10,0.20,0.20,0.10,0.00,0.00,0.00,0.00,0.00,0.00,10.6,11.0,10.7,9.20,7.40,6.60,6.70,10.5,10.3,11.4,13.6,15.0,15.4,16.2,13.1,13.8,14.4,13.7,12.7,10.4,9.10,7.40,7.30,8.30,97.0,98.0,98.0,100.0,100.0,98.0,97.0,98.0,100.0,96.0,95.0,99.0,98.0,99.0,91.0,92.0,45.0,66.0,20.0,3.00,47.0,73.0,77.0,38.0,0.00,0.00,0.00,0.00,0.00,0.00,0.01,0.31,0.96,1.71,2.37,2.85,3.08,3.17,3.05,2.67,2.25,1.61,0.99,0.30,0.00,0.00,0.00,0.00
2026-06-22,1,0,6,夏,18560.00,0.10,2240.00,13,34.4,26.3,29.8,2.7,25.37,22.9,10.3,14.1,8.1,0.62,13,10,18,极高辐射,阴天,0.00,0.00,0.00,0.00,0.00,0.00,240.0,720.0,1280.0,1840.0,2080.0,1680.0,2240.0,2240.0,2240.0,1920.0,1440.0,560.0,80.0,0.00,0.00,0.00,0.00,0.00,27.0,27.0,27.3,27.2,26.9,26.4,26.3,27.9,29.5,30.5,31.7,32.5,33.6,34.1,34.4,34.1,33.4,32.1,30.8,29.3,29.4,28.6,28.2,27.9,0.00,0.00,0.00,0.00,0.00,0.00,0.00,0.00,0.00,0.00,0.00,0.00,0.00,0.00,1.30,0.70,0.70,0.00,0.00,0.00,0.00,0.00,0.00,0.00,9.40,9.90,7.30,7.70,7.40,7.20,6.70,9.10,9.90,10.0,12.5,13.7,12.4,12.6,10.3,11.2,12.0,14.1,12.6,12.4,10.1,9.30,9.70,9.50,27.0,19.0,95.0,100.0,25.0,24.0,13.0,5.00,6.00,17.0,26.0,34.0,19.0,45.0,31.0,35.0,9.00,11.0,3.00,3.00,2.00,0.00,0.00,1.00,0.00,0.00,0.00,0.00,0.00,0.00,0.01,0.34,1.04,1.72,2.34,2.74,3.13,3.17,2.96,2.84,2.16,1.70,0.93,0.30,0.00,0.00,0.00,0.00
2026-06-23,2,0,6,夏,17920.00,0.09,2240.00,14,33.7,27.0,29.8,4.0,23.94,19.5,9.7,14.0,6.7,0.58,13,11,19,极高辐射,阴天,0.00,0.00,0.00,0.00,0.00,80.0,160.0,640.0,960.0,1680.0,2080.0,2240.0,2160.0,2240.0,1600.0,2000.0,1360.0,560.0,160.0,0.00,0.00,0.00,0.00,0.00,27.7,27.6,27.6,27.4,27.2,27.2,27.0,28.6,30.2,31.3,32.6,33.7,31.2,30.5,33.3,31.2,32.1,31.5,31.1,30.0,29.6,28.8,28.4,28.2,0.00,0.00,0.00,0.00,0.00,0.00,0.00,0.00,0.00,0.10,0.00,0.00,0.80,0.80,0.60,0.90,0.20,0.60,0.00,0.00,0.00,0.00,0.00,0.00,11.2,11.6,8.70,8.30,8.30,7.40,6.50,8.60,9.50,9.00,10.5,11.2,14.0,12.6,6.50,11.2,9.10,11.1,10.0,9.60,9.90,9.20,9.10,9.70,3.00,2.00,6.00,5.00,6.00,5.00,4.00,8.00,22.0,2.00,7.00,12.0,83.0,41.0,100.0,63.0,25.0,27.0,10.0,3.00,9.00,3.00,4.00,19.0,0.00,0.00,0.00,0.00,0.00,0.00,0.01,0.33,1.01,1.66,2.42,2.97,3.23,1.85,2.72,2.72,2.23,1.59,0.90,0.29,0.00,0.00,0.00,0.00
2026-06-24,3,0,6,夏,16720.00,0.09,2240.00,13,33.9,27.0,30.4,3.2,25.20,47.2,7.9,12.4,6.9,0.61,13,12,20,极高辐射,阴天,0.00,0.00,0.00,0.00,0.00,0.00,160.0,560.0,1200.0,1600.0,1760.0,1920.0,1920.0,2240.0,2080.0,1760.0,880.0,560.0,80.0,0.00,0.00,0.00,0.00,0.00,28.0,28.0,27.9,27.5,27.2,27.0,27.1,28.7,30.3,31.8,33.1,33.9,31.3,33.4,33.7,33.7,33.7,33.4,32.5,31.1,30.0,29.4,29.0,28.6,0.00,0.00,0.00,0.00,0.00,0.00,0.00,0.00,0.00,0.00,0.00,0.00,1.30,0.20,1.60,0.10,0.00,0.00,0.00,0.00,0.00,0.00,0.00,0.00,10.9,11.1,7.80,6.70,5.20,5.60,6.40,6.90,4.30,5.60,6.10,8.30,12.4,10.4,12.2,10.9,11.1,8.90,7.10,3.80,4.00,7.40,7.80,7.90,3.00,5.00,2.00,0.00,1.00,2.00,26.0,66.0,79.0,82.0,99.0,94.0,99.0,98.0,99.0,96.0,99.0,98.0,5.00,2.00,9.00,13.0,16.0,39.0,0.00,0.00,0.00,0.00,0.00,0.00,0.01,0.32,1.00,1.79,2.40,2.89,3.13,3.05,2.90,2.68,2.30,1.53,0.88,0.31,0.00,0.00,0.00,0.00
2026-06-25,4,0,6,夏,11520.00,0.06,2000.00,12,33.3,26.6,29.2,12.5,17.67,93.6,5.0,10.8,6.7,0.43,13,7,21,高辐射,雨天,0.00,0.00,0.00,0.00,0.00,0.00,80.0,560.0,640.0,960.0,1280.0,1280.0,1120.0,2000.0,1520.0,1360.0,480.0,240.0,0.00,0.00,0.00,0.00,0.00,0.00,28.4,28.4,27.9,27.7,27.3,26.9,26.8,28.0,29.5,31.1,29.6,29.9,31.3,31.6,30.9,31.9,33.0,33.3,28.8,28.6,29.6,26.9,26.6,26.6,0.00,0.00,0.00,0.00,0.00,0.00,0.00,0.00,0.00,0.00,0.80,1.80,0.10,0.20,1.40,0.00,0.10,0.10,3.50,0.20,0.00,3.50,0.50,0.30,8.70,9.20,6.90,8.00,3.50,4.50,1.60,1.30,4.00,2.40,7.60,3.90,4.40,10.8,1.80,3.60,5.30,3.30,3.80,0.60,5.80,4.10,6.00,7.80,53.0,91.0,98.0,92.0,96.0,95.0,100.0,98.0,98.0,99.0,99.0,98.0,99.0,100.0,94.0,80.0,80.0,82.0,98.0,96.0,100.0,100.0,100.0,100.0,0.00,0.00,0.00,0.00,0.00,0.00,0.01,0.29,0.94,1.32,1.58,1.98,1.75,2.26,1.46,1.64,1.86,1.55,0.86,0.15,0.00,0.00,0.00,0.00
2026-06-26,5,0,6,夏,7920.00,0.04,1840.00,13,30.7,26.0,27.8,9.5,15.75,96.8,5.3,10.3,4.7,0.38,13,1,22,高辐射,雨天,0.00,0.00,0.00,0.00,0.00,0.00,160.0,400.0,560.0,880.0,480.0,320.0,400.0,640.0,1840.0,1200.0,560.0,320.0,160.0,0.00,0.00,0.00,0.00,0.00,26.5,26.4,27.0,26.4,26.1,26.0,26.0,26.6,29.4,29.4,28.2,27.5,29.0,30.7,28.7,29.4,29.1,28.7,28.0,27.5,28.1,27.5,27.4,27.1,0.00,0.00,0.00,0.00,0.00,0.00,0.00,0.00,0.10,0.10,1.40,3.20,1.30,0.60,0.30,0.70,0.40,0.60,0.40,0.40,0.00,0.00,0.00,0.00,4.80,5.20,4.50,2.70,3.10,1.50,4.20,2.20,5.00,9.20,7.90,5.10,8.80,7.60,7.70,10.3,8.10,5.30,4.10,2.30,2.60,4.60,5.20,4.50,100.0,100.0,100.0,98.0,90.0,66.0,100.0,84.0,94.0,95.0,98.0,99.0,100.0,99.0,99.0,100.0,100.0,100.0,100.0,100.0,100.0,100.0,100.0,100.0,0.00,0.00,0.00,0.00,0.00,0.00,0.00,0.21,0.72,1.21,1.06,1.43,1.94,2.60,2.65,1.62,1.07,0.85,0.24,0.14,0.00,0.00,0.00,0.00
2026-06-27,6,1,6,夏,10960.00,0.06,1760.00,11,30.3,26.0,27.4,14.3,13.89,96.6,4.5,8.8,4.3,0.34,13,1,23,中等辐射,雨天,0.00,0.00,0.00,0.00,0.00,0.00,80.0,720.0,960.0,1120.0,880.0,1200.0,1280.0,1760.0,1360.0,960.0,640.0,0.00,0.00,0.00,0.00,0.00,0.00,0.00,26.8,26.6,26.5,26.1,26.1,26.2,26.0,27.2,27.2,26.9,27.7,28.6,29.5,30.3,29.5,26.9,26.8,28.1,28.4,27.6,27.8,27.6,26.7,26.3,0.00,0.00,0.00,0.00,0.00,0.00,0.00,0.00,0.00,1.10,0.30,0.10,0.00,0.00,0.10,9.10,1.60,0.20,0.00,0.90,0.60,0.10,0.10,0.10,5.60,4.60,3.60,3.60,2.70,3.20,3.50,2.80,5.60,8.80,6.80,7.20,4.70,4.10,5.60,4.20,5.40,4.60,4.40,4.00,2.20,1.60,4.80,4.20,100.0,100.0,100.0,99.0,98.0,100.0,80.0,80.0,91.0,97.0,100.0,100.0,100.0,95.0,100.0,100.0,97.0,99.0,99.0,100.0,92.0,98.0,99.0,95.0,0.00,0.00,0.00,0.00,0.00,0.00,0.00,0.26,0.97,1.10,1.40,1.33,1.37,1.43,2.05,1.41,0.56,1.10,0.67,0.22,0.00,0.00,0.00,0.00
2026-06-28,0,1,6,夏,2560.00,0.01,640.00,10,29.2,24.7,26.5,48.6,10.30,99.5,6.8,12.9,4.5,0.25,12,0,24,中等辐射,雨天,0.00,0.00,0.00,0.00,0.00,0.00,0.00,0.00,80.0,160.0,240.0,640.0,400.0,160.0,160.0,240.0,320.0,160.0,0.00,0.00,0.00,0.00,0.00,0.00,26.0,25.6,25.1,25.1,25.0,24.8,24.7,24.9,25.6,26.2,26.9,27.0,27.7,29.2,27.7,27.2,27.4,27.8,27.9,27.5,27.0,26.7,26.6,26.5,0.10,0.60,0.90,1.00,14.3,6.60,2.60,3.90,1.50,2.00,0.60,2.80,0.80,0.20,2.90,5.80,1.30,0.50,0.20,0.00,0.00,0.00,0.00,0.00,6.10,2.30,8.00,8.50,4.40,3.90,7.80,5.50,8.40,4.90,3.80,5.10,4.70,7.80,12.9,7.30,9.90,9.70,7.90,7.20,7.20,7.30,6.60,6.70,96.0,100.0,98.0,99.0,100.0,100.0,100.0,100.0,100.0,100.0,100.0,100.0,100.0,100.0,99.0,99.0,100.0,100.0,100.0,100.0,100.0,98.0,99.0,100.0,0.00,0.00,0.00,0.00,0.00,0.00,0.00,0.08,0.26,0.45,0.90,0.86,1.29,1.49,1.68,1.57,0.60,0.58,0.40,0.15,0.00,0.00,0.00,0.00
2026-06-29,1,0,6,夏,13440.00,0.07,1920.00,13,32.2,24.9,27.5,8.3,17.91,99.0,8.1,12.9,7.3,0.43,13,3,25,高辐射,雨天,0.00,0.00,0.00,0.00,0.00,0.00,80.0,80.0,320.0,640.0,1760.0,1360.0,1920.0,1920.0,1680.0,1520.0,1440.0,640.0,80.0,0.00,0.00,0.00,0.00,0.00,26.5,26.5,25.2,25.2,24.9,25.1,25.1,26.1,26.9,28.3,29.0,31.2,32.2,30.7,29.9,27.5,27.8,29.3,27.1,26.4,28.2,27.5,27.1,26.9,0.00,0.00,0.00,0.30,0.10,0.00,0.00,0.00,0.00,0.40,0.40,0.00,0.00,0.50,0.30,1.90,0.70,0.00,2.00,1.40,0.10,0.20,0.00,0.00,6.80,6.00,9.60,12.6,12.9,9.70,6.60,4.80,5.40,10.3,9.40,8.20,9.30,11.8,9.30,7.60,5.20,4.80,10.1,6.40,7.80,7.80,5.20,6.60,100.0,100.0,99.0,98.0,98.0,93.0,99.0,100.0,99.0,98.0,98.0,98.0,99.0,100.0,100.0,100.0,99.0,100.0,100.0,99.0,100.0,100.0,100.0,100.0,0.00,0.00,0.00,0.00,0.00,0.00,0.00,0.26,0.81,1.16,1.47,2.24,2.68,2.57,1.60,1.27,1.56,1.47,0.65,0.18,0.00,0.00,0.00,0.00
2026-06-30,2,0,6,夏,10640.00,0.06,1520.00,13,31.9,25.9,28.4,11.2,18.00,91.5,7.9,15.5,6.0,0.44,13,6,26,高辐射,雨天,0.00,0.00,0.00,0.00,0.00,0.00,80.0,720.0,1360.0,1200.0,880.0,1360.0,1520.0,1120.0,1200.0,320.0,240.0,480.0,160.0,0.00,0.00,0.00,0.00,0.00,26.9,26.7,27.1,26.6,26.4,26.1,25.9,27.1,28.3,28.6,29.4,31.6,31.4,28.1,31.3,31.9,31.4,30.3,29.1,28.3,28.0,27.4,27.3,27.3,0.00,0.00,0.00,0.00,0.00,0.00,0.00,0.00,0.00,0.00,0.00,0.00,0.10,11.0,0.10,0.00,0.00,0.00,0.00,0.00,0.00,0.00,0.00,0.00,6.60,5.90,5.80,5.60,5.80,5.70,4.20,5.00,6.60,6.10,4.80,6.10,9.80,7.30,12.0,14.7,15.5,13.9,12.7,9.00,8.40,4.80,7.10,6.80,98.0,95.0,99.0,95.0,98.0,98.0,100.0,97.0,100.0,100.0,59.0,100.0,98.0,94.0,75.0,63.0,67.0,91.0,90.0,93.0,98.0,96.0,96.0,97.0,0.00,0.00,0.00,0.00,0.00,0.00,0.00,0.26,0.86,0.69,0.62,1.96,2.86,1.65,2.12,2.42,2.15,1.51,0.65,0.25,0.00,0.00,0.00,0.00
